author,title,description,url,urlToImage,publishedAt,content,source.id,source.name
,Mauricio Pochettino nearing new deal to stay as United States manager through 2030 FIFA World Cup,Mauricio Pochettino is reportedly close to a new USMNT deal through the 2030 FIFA World Cup despite the humiliating loss to Belgium in Seattle.,https://www.foxnews.com/outkick-sports/mauricio-pochettino-nearing-new-deal-stay-united-states-manager-through-2030-fifa-world-cup,https://static.foxnews.com/foxnews.com/content/uploads/2026/06/mauricio-pochettino-usa-world-cup-fox-news-001.jpeg,2026-07-30T01:55:09Z,"The sting from the 2026 FIFA World Cup has not worn off for many fans of the US Men's National Team.
In one of the most inspired performances from a U.S. men's team, well, ever, the USMNT started th… [+5000 chars]",fox-news,Fox News
,Florida man accused of killing mom and burning body because she ‘wanted to be cremated’,"A Florida man is facing several charges after he allegedly shot his mother and set her body on fire because she ""wanted to be cremated,"" police said.",https://www.foxnews.com/us/florida-man-accused-killing-mom-burning-body-because-she-wanted-cremated,https://static.foxnews.com/foxnews.com/content/uploads/2026/07/florida-man-burns-murder-mom.png,2026-07-30T01:51:04Z,"A Florida man allegedly shot and killed his mother after years of built-up anger, then set her body on fire because she had said she wanted to be cremated, according to an arrest report.
George Beem… [+2732 chars]",fox-news,Fox News
,"Clinton, Obama-era Democratic heavyweights Penn and Emanuel rip NYC's Mamdani over taxes, Israel, blast DSA",Democratic power players Mark Penn and Rahm Emanuel publicly criticize NYC Mayor Zohran Mamdani over his property tax plan and Israel positions.,https://www.foxnews.com/politics/clinton-obama-era-democratic-heavyweights-penn-emanuel-rip-nycs-mamdani-over-taxes-israel-blast-dsa,https://static.foxnews.com/foxnews.com/content/uploads/2026/07/Penn-Emanuel-break-ranks-on-Mamdani.jpg,2026-07-30T01:47:29Z,"Two prominent Democratic figures with deep ties to the Clinton and Obama administrations publicly criticized New York City Mayor Zohran Mamdani this week, with former Clinton adviser Mark Penn attack… [+3537 chars]",fox-news,Fox News
,School employee accused of secretly filming 12 girls in changing room faces new charges,Newly recovered videos dating back to 2015 led investigators to identify eight more alleged victims at Walter Johnson High School in Montgomery County.,https://www.foxnews.com/us/school-employee-accused-secretly-filming-12-girls-changing-room-faces-new-charges,https://static.foxnews.com/foxnews.com/content/uploads/2026/07/James-Mulhern-III-Maryland-high-school-thumb.jpg,2026-07-30T01:17:23Z,A Maryland high school employee accused of secretly recording female students in a school changing room is facing additional criminal charges after investigators identified eight more alleged victims… [+2333 chars],fox-news,Fox News
,Russia launches ballistic missile attack on Kyiv hours after Zelenskyy warns of major strike,"Multiple explosions rocked Kyiv after Russia launched ballistic missiles, hours after Volodymyr Zelenskyy warned of a massive overnight assault.",https://www.foxnews.com/world/russia-launches-ballistic-missile-attack-kyiv-hours-after-zelenskyy-warns-major-strike,https://static.foxnews.com/foxnews.com/content/uploads/2026/07/Kyiv-Attack-July-1.jpg,2026-07-30T01:14:18Z,"Russia launched a ballistic missile attack on Ukraine's capital early Thursday, with multiple explosions reported across Kyiv, according to Ukrainian officials.
Kyiv Mayor Vitali Klitschko urged res… [+1785 chars]",fox-news,Fox News
,Border agents uncover $20M cocaine stash hidden beneath truck floorboards in massive bust,A commercial truck carrying 269 bundles of rebar concealed 366 packages of cocaine worth over $20 million beneath its wooden floorboards at Calexico.,https://www.foxnews.com/us/border-agents-uncover-20m-cocaine-stash-hidden-beneath-truck-floorboards-massive-bust,https://static.foxnews.com/foxnews.com/content/uploads/2026/07/cocaine-hidden-trailer-floorboards.jpg,2026-07-30T01:11:32Z,"Federal authorities uncovered more than 1,000 pounds of cocaine hidden beneath the floorboards of a commercial truck entering the U.S. from Mexico, marking one of the largest drug busts in Southern C… [+1957 chars]",fox-news,Fox News
,Teen found in shallow California vineyard grave identified nearly 50 years later as family warns killer,Michelle Louise Collier vanished from Fresno in 1978 at age 15. Forensic genetic genealogy finally identified her remains found in a Kern County vineyard.,https://www.foxnews.com/us/teen-found-in-shallow-california-vineyard-grave-identified-nearly-50-years-later-as-family-warns-killer,https://static.foxnews.com/foxnews.com/content/uploads/2026/07/michelle-collier-vineyard-california-jane-doe.jpg,2026-07-30T00:59:32Z,"A teenage girl whose body was found buried in a shallow grave beneath a California vineyard nearly half a century ago has finally been identified, reopening a murder mystery that had gone cold for 48… [+6301 chars]",fox-news,Fox News
,"Joe Rogan warns liberals against trying to turn Texas blue, says it would wreck the state's 'delicate balance'",Joe Rogan says liberals moving to Texas and voting for far-left policies will destroy the political balance that makes Austin work for everyone.,https://www.foxnews.com/media/joe-rogan-warns-liberals-against-trying-turn-texas-blue-says-would-wreck-states-delicate-balance,https://static.foxnews.com/foxnews.com/content/uploads/2026/03/joe-rogan-speaks.png,2026-07-30T00:52:51Z,"Podcaster Joe Rogan warned liberals on Tuesday that moving to Texas and turning the state blue would ruin the delicate balance for everybody, including liberal Texans.
""The liberals that want to tur… [+3124 chars]",fox-news,Fox News
,Falcons quarterback competition takes early hit as Tua Tagovailoa suffers 'flare-up' in training camp,"Tua Tagovailoa suffered a ""flare-up"" of an undisclosed injury days into NFL training camp, leaving the Falcons scrambling at quarterback with Michael Penix Jr. still out.",https://www.foxnews.com/sports/falcons-quarterback-competition-takes-early-hit-tua-tagovailoa-suffers-flare-up-training-camp,https://static.foxnews.com/foxnews.com/content/uploads/2026/07/tua-tagovailoa-falcons-otAs-drills.jpg,2026-07-30T00:43:36Z,"Not even one full week into NFL training camp, one team is already dealing with quarterback injury woes.
The Atlanta Falcons saw Tua Tagovailoa, who they acquired this offseason to compete with Mich… [+2325 chars]",fox-news,Fox News
,Saints legend Taysom Hill announces departure from New Orleans after unforgettable nine-year run,"Taysom Hill leaves New Orleans as the only Super Bowl era player with 1,000 career passing, rushing, and receiving yards in a heartfelt farewell.",https://www.foxnews.com/outkick-sports/saints-legend-taysom-hill-announces-departure-new-orleans-unforgettable-nine-year-run,https://static.foxnews.com/foxnews.com/content/uploads/2026/07/taysom-hill-new-orleans-saints-nfl-3.jpg,2026-07-30T00:42:21Z,"Taysom Hill is officially moving on from the Big Easy, folks. And possibly football.
After nine years of breaking defensive coordinators' brains, the 35-year-old Swiss Army knife announced Wednesday… [+1857 chars]",fox-news,Fox News
,ICE seeks nearly $500K fine against immigration lawyer accused of filing fake asylum claims,ICE alleges attorney Suraj Raj Singh filed 118 fraudulent documents across 54 immigration cases with nearly identical claims of persecution.,https://www.foxnews.com/us/ice-seeks-nearly-500k-fine-against-immigration-lawyer-accused-filing-fake-asylum-claims,https://static.foxnews.com/foxnews.com/content/uploads/2024/07/lawyer-court.jpg,2026-07-30T00:40:53Z,"EXCLUSIVE U.S. Immigration and Customs Enforcement (ICE) is seeking more than $470,000 in civil fines against a New York immigration attorney accused of filing fraudulent documents in support of asyl… [+2386 chars]",fox-news,Fox News
,Ketanji Brown Jackson agrees with Michelle Obama’s criticism of ‘plucking’ kids of color into elite schools,"Ketanji Brown Jackson said Harvard's sizable Black community helped her feel at home, agreeing with Michelle Obama on isolating students of color.",https://www.foxnews.com/media/ketanji-brown-jackson-agrees-michelle-obama-criticism-plucking-kids-color-elite-schools,https://static.foxnews.com/foxnews.com/content/uploads/2026/07/brown-jackson.jpg,2026-07-30T00:27:03Z,"Supreme Court Justice Ketanji Brown Jackson backed Michelle Obama's criticism of isolating students of color at elite colleges during Wednesday's episode of the former first lady's podcast, agreeing … [+3924 chars]",fox-news,Fox News
,Trump AG pick Blanche stalled as key Republicans refuse to budge,"Sens. John Cornyn and Thom Tillis demanded written proposals to modify the Trump IRS settlement, derailing Todd Blanche's confirmation vote.",https://www.foxnews.com/politics/trump-ag-pick-blanche-stalled-key-republicans-refuse-budge,https://static.foxnews.com/foxnews.com/content/uploads/2025/10/todd-blanche-capitol-hill-fox-news.jpg,2026-07-30T00:25:37Z,"Acting Attorney General Todd Blanches chances of confirmation were derailed on Wednesday, less than 24 hours before a pivotal vote in the Senate.
Its another chapter in the troubled saga that has fo… [+4719 chars]",fox-news,Fox News
,LIV Golf possibly isn’t dying after all as rebel league is reportedly closing in on $250M cash infusion,LIV Golf is reportedly close to finalizing $250 million in outside investment after the Saudi Public Investment Fund said it would stop funding.,https://www.foxnews.com/outkick-sports/liv-golf-possibly-isnt-dying-rebel-league-reportedly-closing-250m-cash-infusion,https://static.foxnews.com/foxnews.com/content/uploads/2026/07/liv-golf-logo-maridoe-golf-club.jpg,2026-07-30T00:23:31Z,"For four years, golfs establishment insisted LIV Golf was a temporary, Saudi-funded experiment destined to implode the moment the oil money dried up.
Golf's media establishment mocked defectors as s… [+3298 chars]",fox-news,Fox News
,"Ex-BYU football star Curtis Brown, family grieving after 2-year-old son died in drowning accident","A GoFundMe campaign has raised over $77,000 after former BYU football player Curtis Brown's two-year-old son Haze drowned in a pool in Clovis, California.",https://www.foxnews.com/sports/ex-byu-football-star-curtis-brown-family-grieving-2-year-old-son-died-drowning-accident,https://static.foxnews.com/foxnews.com/content/uploads/2026/07/Haze-Brown.jpg,2026-07-30T00:15:03Z,"Former BYU Cougars football player Curtis Brown and his family, including his wife Kim, are grieving after a horrific drowning accident led to the death of their two-year-old son, Haze.
Haze tragica… [+3178 chars]",fox-news,Fox News
,"Ted Cruz demands Fauci face jail time, labels him as America's 'most damaging bureaucrat'","Ted Cruz says Anthony Fauci should face contempt charges, perjury prosecution and jail after pleading the Fifth over 100 times at a Senate hearing.",https://www.foxnews.com/politics/ted-cruz-demands-fauci-face-jail-time-labels-him-americas-most-damaging-bureaucrat,https://static.foxnews.com/foxnews.com/content/uploads/2026/07/CRUZ-SLAMS-FAUCI.gif,2026-07-30T00:00:14Z,"Sen. Ted Cruz, R-Texas, is calling for Anthony Fauci to be held in contempt, prosecuted for perjury and sent to jail after the former White House COVID-19 adviser pled his Fifth Amendment right more … [+3206 chars]",fox-news,Fox News
,"Matthew Stafford, Josh Allen headline 'Madden NFL 27' ratings as 99 Club members","Jahmyr Gibbs narrowly missed the ""Madden NFL 27"" 99 Club with a 98 rating while Ja'Marr Chase and Jaxon Smith-Njigba earned perfect 99 scores.",https://www.foxnews.com/sports/matthew-stafford-josh-allen-headline-madden-nfl-27-ratings-99-club-members,https://static.foxnews.com/foxnews.com/content/uploads/2026/07/Matthew-Stafford-Rams-Josh-Allen-Bills.jpg,2026-07-30T03:15:39Z,"NFL training camps are opening across the league, and the countdown to the latest edition of ""Madden NFL"" is officially underway.
""Madden NFL 27"" is still a little more than two weeks from release, … [+2621 chars]",fox-news,Fox News
,Malik Nabers 'looked good' in surprising full practice as Giants kick off training camp in West Virginia,"Malik Nabers went through full practice at training camp after his ACL and meniscus tear, with John Harbaugh and Jaxson Dart praising his recovery.",https://www.foxnews.com/sports/malik-nabers-looked-good-surprising-full-practice-giants-kick-off-training-camp-west-virginia,https://static.foxnews.com/foxnews.com/content/uploads/2026/07/malik-nabers-training-camp.jpg,2026-07-30T02:50:05Z,"New York Giants fans were enthralled to see one player in particular participating in practice on Wednesday.
Malik Nabers, who suffered a serious knee injury in Week 4 of last season, ""looked good,""… [+3111 chars]",fox-news,Fox News
,"WNBA yanks Paige Bueckers, Angel Reese betting post after fans blast league hypocrisy online",The WNBA's own social media team posted a Paige Bueckers and Angel Reese $400 bet that appears to violate the league's collective bargaining agreement.,https://www.foxnews.com/outkick-sports/wnba-yanks-paige-bueckers-angel-reese-betting-post-fans-blast-league-hypocrisy,https://static.foxnews.com/foxnews.com/content/uploads/2026/07/paige-bueckers-angel-reese-wnba-allstar.jpg,2026-07-30T02:20:23Z,"Leave it to the WNBA to turn a friendly $400 wager it promoted into a gambling controversy.
So when Paige Bueckers of the Dallas Wings and Angel Reese of the Atlanta Dream sat together during All-St… [+2131 chars]",fox-news,Fox News
,Army conducts first overseas test of 'Hammer of the Gods' weapon-disrupting system,"The Army says its ""Hammer of the Gods"" electronic warfare system completed its first overseas maritime test, disrupting navigation signals used by enemy precision weapons.",https://www.foxnews.com/us/army-conducts-first-overseas-test-hammer-gods-weapon-disrupting-system,https://static.foxnews.com/foxnews.com/content/uploads/2026/07/hammer-of-the-gods.jpg,2026-07-30T02:11:02Z,"The U.S. Army on Sunday revealed it has tested a new warfare system overseas designed to covertly scramble the navigation signals used by enemy precision weapons, making it harder for adversaries to … [+1801 chars]",fox-news,Fox News
,Grandmother's missed pickup leads to grim discovery in church parking lot,"Emmanuel Wesley allegedly shot his mother twice in the back as she sat in her car, then drove away. He now faces up to 50 years to life in prison.",https://www.foxnews.com/us/grandmothers-missed-pickup-leads-grim-discovery-church-parking-lot,https://static.foxnews.com/foxnews.com/content/uploads/2026/07/theresa-jones-fullerton-police-department-composite.jpg,2026-07-30T02:02:50Z,"A California grandmother vanished after failing to pick up her grandchild, sparking a desperate search that ended days later with the grim discovery of her body inside her car in a church parking lot… [+2974 chars]",fox-news,Fox News
,Storm co-owner suspended after incident with Sophie Cunningham fans as star breaks silence on controversy,"Sophie Cunningham responded after Seattle Storm co-owner Celeste Keaton allegedly called young fans wearing XX-XY Athletics gear ""f---ing insane.""",https://www.foxnews.com/outkick-sports/storm-co-owner-suspended-incident-sophie-cunningham-fans-star-breaks-silence-controversy,https://static.foxnews.com/foxnews.com/content/uploads/2026/07/fan-sophie-cunningham-sign-wnba.jpg,2026-07-30T05:08:21Z,"Seattle Storm co-owner Celeste Keaton has been fined and suspended from attending the team's next five home games, the WNBA confirmed to Fox News Digital.
The suspension and fine come after Keaton a… [+6294 chars]",fox-news,Fox News
,Trump admin invokes 30-year dormant terror court as it seeks to deport Afghan woman tied to Election Day plot,"An Afghan woman is the first person facing deportation through the Alien Terrorist Removal Court, which has been dormant since its creation in 1996.",https://www.foxnews.com/politics/trump-admin-invokes-30-year-dormant-terror-court-seeks-deport-afghan-woman-tied-election-day-plot,https://static.foxnews.com/foxnews.com/content/uploads/2026/06/trump-blanche2.jpg,2026-07-30T04:29:16Z,The Trump administration is seeking to use a specialized federal court for the first time since Congress created it three decades ago in an effort to deport an Afghan woman accused of aiding an Islam… [+2955 chars],fox-news,Fox News
,Lindsay Clancy prosecutors ‘squeeze’ timeline from ex-husband as jury weighs ‘murder versus madness’: expert,"Patrick Clancy's testimony reveals the timeline of texts, calls, and errands just before his three children were strangled in their Duxbury home.",https://www.foxnews.com/us/lindsay-clancy-prosecutors-squeeze-timeline-ex-husband-jury-weighs-murder-versus-madness-expert,https://static.foxnews.com/foxnews.com/content/uploads/2026/07/Lindsay-Clancy-Family-2.jpg,2026-07-30T04:00:45Z,"If you or someone you know is having thoughts of suicide, please contact the National Suicide Prevention Lifeline at 1-800-273-TALK (8255).
Patrick Clancys painstaking account of the night his three… [+4457 chars]",fox-news,Fox News
,Man sentenced to 6 months in jail for ramming car into Jewish group's world headquarters in New York,A man was sentenced to six months and a week behind bars for ramming his car into the Chabad Lubavitch World Headquarters earlier this year.,https://www.foxnews.com/us/man-sentenced-6-months-jail-ramming-car-jewish-group-world-headquarters-new-york,https://static.foxnews.com/foxnews.com/content/uploads/2026/07/nyc-jewish-site-rammed.png,2026-07-30T07:20:20Z,"A man was sentenced on Wednesday to six months and a week behind bars for ramming his car into the Chabad Lubavitch World Headquarters in January, damaging some of the a side-entrance door.
Dan Soha… [+2885 chars]",fox-news,Fox News
Gabrielle Brothers,#847 – Chapel of Love: Drive-Up Nuptials and Mountain Resorts,"In today’s episode of The Quiz, we’re testing your knowledge on everything from legendary roadside attractions to high-security political secrets. Can you answer these? Drive-Up I-Dos: A famous, quick-service wedding chapel has been tying the knot for starry-…",https://radio.foxnews.com/2026/07/30/847-chapel-of-love-drive-up-nuptials-and-mountain-resorts/,https://static-radio.foxnews.com/radio.foxnews.com/content/uploads/2026/07/COVER_THE_QUIZ_Road_Trip_Through_America_Sponsored.png,2026-07-30T07:00:19Z,"In today’s episode of The Quiz, we’re testing your knowledge on everything from legendary roadside attractions to high-security political secrets. Can you answer these?
<ul><li>Drive-Up I-Dos: A fam… [+758 chars]",fox-news,Fox News
,George and Amal Clooney evacuate France home as wildfires spread across Europe,"George and Amal Clooney sent a letter to the Brignoles mayor before evacuating, saying they have ""no idea"" if their home will survive the fires.",https://www.foxnews.com/entertainment/george-amal-clooney-evacuate-france-home-wildfires-spread-europe,https://static.foxnews.com/foxnews.com/content/uploads/2026/07/george-amal-clooney-france-wildfires.jpg,2026-07-30T06:05:55Z,"A representative for George Clooney confirmed the evacuation to People and shared a letter the couple sent to Brignoles Mayor Didier Brémond
The couple and their 9-year-old twins left their home in … [+2928 chars]",fox-news,Fox News
,Socialism's war on success has a new champion — and he’s running for Senate in Michigan,"Abdul El-Sayed's Michigan Senate bid draws support from Bernie Sanders and Alexandria Ocasio-Cortez, raising alarms over socialist policies.",https://www.foxnews.com/opinion/socialisms-war-success-new-champion-running-senate-michigan,https://static.foxnews.com/foxnews.com/content/uploads/2026/07/abdul-el-sayed-february-2026.jpg,2026-07-30T09:00:55Z,The summers collective uplift from our nations 250th birthday and the United States role in co-hosting the World Cup has collided with the ominous spread of socialism among the American left. The dan… [+4648 chars],fox-news,Fox News
,MORNING GLORY: The Fauci diaries and legacy media’s platinum dome under stress,"Dr. Fauci's diary entry reveals he was ""triggered"" by an interview and feared democracy would crumble with the 2024 election if Trump won.",https://www.foxnews.com/opinion/morning-glory-fauci-diaries-legacy-medias-platinum-dome-under-stress,https://static.foxnews.com/foxnews.com/content/uploads/2021/11/Fauci-Walensky-e1636038546400.jpg,2026-07-30T09:00:47Z,"Before the ever accelerating news cycle takes us back to combat operations with Iran, we should note one more facet of the Dr. Fauci story.
That Dr. Fauci invoked the protection of the Fifth Amendme… [+7865 chars]",fox-news,Fox News
,SEN DEB FISCHER: The left's war on the Senate and Supreme Court puts our republic at risk,The Democratic Socialists of America's platform calls to abolish the Senate and subordinate the Supreme Court to a new unicameral legislative body.,https://www.foxnews.com/opinion/sen-deb-fischer-lefts-war-senate-supreme-court-puts-republic-risk,https://static.foxnews.com/foxnews.com/content/uploads/2026/05/us-capitol-dome-may-21-2026.jpeg,2026-07-30T09:00:31Z,"The Democratic Socialists of America recently rolled out a policy platform wrapped in delusional promises free government-run health care, the abolition of the police and prison systems, and the defu… [+3987 chars]",fox-news,Fox News
,LA real estate vet comes at Mayor Bass with receipts over damning homelessness report: 'She doesn't get it',"John Alle says Mayor Karen Bass has repeatedly refused invitations to tour LA neighborhoods plagued by crime, drug use and rising street homelessness.",https://www.foxnews.com/politics/la-real-estate-vet-comes-mayor-bass-receipts-damning-homelessness-report-she-doesnt-get-it,https://static.foxnews.com/foxnews.com/content/uploads/2026/07/Bass-Homeless.jpg,2026-07-30T09:00:17Z,"LOS ANGELES, CA As new data show homelessness rising in Los Angeles, local activist John Alle said Mayor Karen Bass has neglected her responsibility to address the issue and witness firsthand the cri… [+5767 chars]",fox-news,Fox News
,Washington mother pulls children from school after Pride lesson shown in music class without notice,"A Washington mother said a Pride-themed lesson from ""Queer Kid Stuff"" was shown in music class without parent consent or an option to opt out.",https://www.foxnews.com/media/washington-mother-pulls-children-school-pride-lesson-shown-music-class-without-notice,https://static.foxnews.com/foxnews.com/content/uploads/2025/09/children-raise-hands-classroom-school.jpg,2026-07-30T09:00:03Z,A Washington mother says she is withdrawing her children from an elementary school after learning a Pride-themed lesson had been presented during music class without advance notice to parents or an o… [+4509 chars],fox-news,Fox News
,Obama endorses Democratic Iowa state rep running for US Senate against Trump-backed House Republican,Former President Barack Obama endorsed Democratic Iowa state Rep. Josh Turek for U.S. Senate as the candidate runs against Trump-backed Republican U.S. Rep. Ashley Hinson.,https://www.foxnews.com/politics/obama-endorses-democratic-iowa-state-rep-running-us-senate-against-trump-backed-house-republican,https://static.foxnews.com/foxnews.com/content/uploads/2026/07/28d9b343-barack-obama-june-2026.jpg,2026-07-30T11:53:02Z,"Former President Barack Obama has endorsed Democratic Iowa state Rep. Josh Turek for U.S. Senate.
""Now the ball's in your court Iowa. Let's make sure that we send Josh Turek to the United States Sen… [+1104 chars]",fox-news,Fox News
,"Salman Rushdie attacker convicted of federal terrorism charges, motivated by Iranian fatwa",Hadi Matar faces life in prison after a federal jury convicted him of terrorism charges related to his knife attack on Salman Rushdie in 2022.,https://www.foxnews.com/us/salman-rushdie-attacker-convicted-federal-terrorism-charges-motivated-iranian-fatwa,https://static.foxnews.com/foxnews.com/content/uploads/2026/07/rushdie-matar-split.png,2026-07-30T11:42:14Z,The man who stabbed Salman Rushdie more than a dozen times on stage at an event in western New York was found guilty Wednesday of attempting to carry out a fatwa issued by Irans government against th… [+3632 chars],fox-news,Fox News
,NATO member scrambles fighter jets as Russian attack on Ukraine kills 8,Poland scrambled fighter jets after a suspected Russian Kh-101 missile entered its airspace during a massive barrage of over 70 missiles and 280 drones.,https://www.foxnews.com/world/nato-member-scrambles-fighter-jets-russian-attack-ukraine-kills-8,https://static.foxnews.com/foxnews.com/content/uploads/2026/07/ukraine-russia-missile-attack.jpg,2026-07-30T11:41:10Z,"Poland, the closest NATO member to the Ukraine-Russia war, scrambled fighter jets and placed its air defenses on high alert early Thursday as Russia launched more than 70 missiles and roughly 280 dro… [+6341 chars]",fox-news,Fox News
,Hawley moves to close federal cash prize loopholes after Fauci 'got rich while millions of people died',Josh Hawley's new bill targets federal employees accepting cash prizes after accusing Anthony Fauci of using NIH staff to solicit over $1 million in awards.,https://www.foxnews.com/politics/hawley-moves-close-federal-cash-prize-loopholes-fauci-got-rich-while-millions-people-died,https://static.foxnews.com/foxnews.com/content/uploads/2026/07/josh-hawley-fauci-hearing-2.jpg,2026-07-30T11:40:04Z,"Sen. Josh Hawley, R-Mo., is introducing legislation to block federal bureaucrats from accepting cash prizes on Thursday, just a day after laying into Dr. Anthony Fauci for receiving what Hawley said … [+3546 chars]",fox-news,Fox News
,WNBA suddenly wants to stick to basketball after years of making politics part of the product,"The WNBA spent years integrating progressive activism into its product, but now its media wants to refocus on basketball after conservative voices arrived.",https://www.foxnews.com/outkick-sports/wnba-suddenly-wants-stick-basketball-after-years-making-politics-part-product,https://static.foxnews.com/foxnews.com/content/uploads/2026/07/brianna-turner-aces-michelob-ultra-arena-fox-news_.jpg,2026-07-30T11:24:38Z,"The WNBA media suddenly wants everyone to stick to basketball.
Well, some members of the WNBA media do. Just not until theyve decided which players are allowed to speak and which answers are accepta… [+11976 chars]",fox-news,Fox News
,"Fetterman unloads on reporter from 'trash' anti-Israel outlet, asks why it loves 'Hamas and Iran'","John Fetterman accused Drop Site News of loving Hamas, Iran, and Hezbollah in a fiery Capitol Hill exchange captured on video with the outlet's reporter.",https://www.foxnews.com/media/fetterman-unloads-reporter-trash-anti-israel-outlet-asks-why-loves-hamas-iran,https://static.foxnews.com/foxnews.com/content/uploads/2026/07/John-Fetterman-reporters.jpg,2026-07-30T11:20:41Z,"Sen. John Fetterman, D-Pa., had a fiery exchange Wednesday with a reporter from the anti-Israel outlet Drop Site News, accusing the outlet of loving Iran and terrorist groups like Hamas and Hezbollah… [+2705 chars]",fox-news,Fox News
,Trump’s warning becomes reality after Iran's failed attack and more top headlines,Get all the stories you need-to-know from the most powerful name in news delivered first thing every morning to your inbox.,https://www.foxnews.com/us/trumps-warning-becomes-reality-after-irans-failed-attack-more-top-headlines,https://static.foxnews.com/foxnews.com/content/uploads/2026/07/trump-bt-iran-4-1.jpg,2026-07-30T11:12:00Z,"Good morning and welcome to Fox News' morning newsletter, Fox News First. And here's what you need to know to start your day ...
TOP 3
1. Trumps warning becomes reality after Iran's failed attack
… [+3010 chars]",fox-news,Fox News
,'Woke' Smithsonian exhibit lionizes embattled Fauci amid conservative scrutiny of museum's messaging,Anthony Fauci's signed baseball cap and heroic placard are prominently displayed at the Smithsonian as the White House scrutinizes the museum's messaging.,https://www.foxnews.com/politics/woke-smithsonian-exhibit-lionizes-embattled-fauci-amid-conservative-scrutiny-museums-messaging,https://static.foxnews.com/foxnews.com/content/uploads/2026/07/fauci-smithsonian-split.jpg,2026-07-30T11:00:43Z,The embattled former face of the United States' COVID-19 response is prominently displayed and heroically framed at the Smithsonian's National Museum of American History as the network of Smithsonian… [+4813 chars],fox-news,Fox News
,New audio released following Nolan Wells disappearance doesn't show 'anything nefarious': retired FBI agent,A Sea Tow audio recording captures the frantic call from teens on a sinking boat at Horn Island the night Nolan Wells went missing on July 4.,https://www.foxnews.com/us/new-audio-released-following-nolan-wells-disappearance-doesnt-show-anything-nefarious-retired-fbi-agent,https://static.foxnews.com/foxnews.com/content/uploads/2026/07/nolan-wells-audio.gif,2026-07-30T11:00:39Z,"A retired FBI agent says that new audio released following Nolan Wells' disappearance and death doesn't show ""anything nefarious.""
Wells, 18, went missing July 4 after a boat trip with friends to Ho… [+5168 chars]",fox-news,Fox News
,Trump accused China of an 'election security nightmare' but then undercut his own warning,"Trump said China's voter file collection happened ""a long time ago"" and suggested both nations spy on each other as Xi Jinping's September visit proceeds.",https://www.foxnews.com/politics/trump-accused-china-election-security-nightmare-undercut-his-own-warning,https://static.foxnews.com/foxnews.com/content/uploads/2026/05/xi-trump-beijing-may-2026.jpg,2026-07-30T11:00:18Z,"Less than two weeks after accusing China of carrying out an""unprecedented election security nightmare,"" President Donald Trumphas not changed his posture towardBeijing and is moving ahead with plans … [+7512 chars]",fox-news,Fox News
,"Trump tells foreign students: overstay your visa, face the consequences",Foreign students dragging out degrees while working illegally or filing frivolous asylum claims face new accountability under a final administrative rule.,https://www.foxnews.com/opinion/trump-tells-foreign-students-overstay-visa-face-consequences,https://static.foxnews.com/foxnews.com/content/uploads/2025/08/students-walking-campus.jpg,2026-07-30T11:00:05Z,"Amid all the noise in Washington and simultaneous lack of legislation coming out of Congress, there have been some quiet wins for accountability in our visa system.
One recent win is an administrati… [+4740 chars]",fox-news,Fox News
,"Daily eating habit linked to better brain health in older adults, new research suggests",A six-month trial found that older women who ate within eight to nine hours daily showed cognitive improvements beyond what weight loss alone provided.,https://www.foxnews.com/health/daily-eating-habit-linked-better-brain-health-older-adults-new-research-suggests,https://static.foxnews.com/foxnews.com/content/uploads/2023/12/time-restricted-eating.jpg,2026-07-30T11:00:05Z,"Eating within a shorter daily window could help support brain health as people age, according to new research.
Preliminary findings presented at NUTRITION 2026 the American Society for Nutritions an… [+5400 chars]",fox-news,Fox News
,Huckabee warns of 'biblical ignorance' as he defends conservative support for Israel,"Mike Huckabee says ""America First has never meant America only"" and warns that biblical ignorance is fueling right-wing skepticism of Israel.",https://www.foxnews.com/media/huckabee-warns-biblical-ignorance-defends-conservative-support-israel,https://static.foxnews.com/foxnews.com/content/uploads/2026/07/MIKE-HUCKABEE-WESTERN-WALL.jpg,2026-07-30T11:00:03Z,"As some on the right become more skeptical of the U.S.-Israel relationship, U.S. Ambassador Mike Huckabee warns that the trepidation is fueled by what he calls ""biblical ignorance"" and a misunderstan… [+3073 chars]",fox-news,Fox News
,Don't let fake election websites fool you before 2026 midterms,"Over 62,000 election-named domains were tracked since September 2025, with some active storefronts copying campaign branding to collect donations.",https://www.foxnews.com/tech/dont-let-fake-election-websites-fool-you-before-2026-midterms,https://static.foxnews.com/foxnews.com/content/uploads/2025/10/elderly-man-voting.jpg,2026-07-30T10:30:14Z,"You spot a campaign shirt online that makes you laugh. The site carries the candidate's name. It also has polished product photos and a familiar checkout page. So, you assume the store supports the c… [+15240 chars]",fox-news,Fox News
,"Nancy Guthrie case: Unclaimed $1.2M reward suggests 'very small circle' of suspects, retired FBI agent says",A retired FBI negotiator says the unclaimed $1.2 million reward in Nancy Guthrie's suspected abduction is a clue in and of itself six months after her kidnapping.,https://www.foxnews.com/us/nancy-guthrie-case-unclaimed-1-2m-reward-suggests-very-small-circle-suspects-retired-fbi-agent-says,https://static.foxnews.com/foxnews.com/content/uploads/2026/02/suspect-nancy-guthrie-split.jpg,2026-07-30T10:00:59Z,"EXCLUSIVE: TUCSON, Ariz. The fact that a seven-figure reward remains unclaimed nearly six months after the suspected abduction of Nancy Guthrie from her home in Tucson's Catalina Foothills neighborho… [+4350 chars]",fox-news,Fox News
,"Shark Week fans may want to think twice before eating this ocean predator, experts warn","Shark meat offers high-quality protein but carries the highest mercury burden in the commercial market, plus arsenic and neurotoxin BMAA risks.",https://www.foxnews.com/food-drink/shark-week-fans-may-want-think-twice-before-eating-ocean-predator-experts-warn,https://static.foxnews.com/foxnews.com/content/uploads/2026/07/great-white-shark-in-australia.jpg,2026-07-30T10:00:52Z,"It's Shark Week, and for all their mystery, power and danger, some shark species are also prized as seafood.
Shark is eaten in many parts of the world and is especially popular in Brazil, Iceland, S… [+3816 chars]",fox-news,Fox News
,Smithsonian exec who said DEI 'must be at the center' of institutions is raking in eye-popping salary,Lonnie Bunch earned over $4.4 million from 2020-2024 while pushing DEAI and diversity initiatives at the taxpayer-funded Smithsonian Institution.,https://www.foxnews.com/politics/smithsonian-exec-said-dei-must-be-at-center-institutions-raking-eye-popping-salary,https://static.foxnews.com/foxnews.com/content/uploads/2026/07/lonnie-bunch-poses-for-a-picture.jpg,2026-07-30T10:00:42Z,"FIRST ON FOX: Lonnie Bunch III, the Smithsonian Institution secretary who called DEI an ""integral to excellence in museum practice,"" raked in over $4.4 million from 2020-2024 in base salary and added… [+4572 chars]",fox-news,Fox News
,Trump retaliates after Iran attack as expert warns regime is growing more dangerous,Trump vowed to hit Iran hard after CENTCOM confirmed all ballistic missiles targeting U.S. forces in Jordan were intercepted with no casualties reported.,https://www.foxnews.com/world/trump-retaliates-after-iran-attack-expert-warns-regime-growing-more-dangerous,https://static.foxnews.com/foxnews.com/content/uploads/2026/03/trump-iran.jpg,2026-07-30T10:00:29Z,"The United States resumed airstrikes inside Iran Wednesday night in retaliation for Tehrans attempted surprise ballistic-missile attack on American forces, as an Iran expert warned that the regime ha… [+4590 chars]",fox-news,Fox News
,California mom welcomes baby in Jack in the Box parking lot after little girl couldn't wait,Michelle Cisneros says she was discharged from a local hospitall twice before delivering baby Valentina in a Jack in the Box parking lot in Orange County.,https://www.foxnews.com/lifestyle/california-mom-welcomes-baby-jack-box-parking-lot-after-little-girl-couldnt-wait,https://static.foxnews.com/foxnews.com/content/uploads/2026/07/Baby-born-in-California-Jack-in-the-Box-parking-lot.jpg,2026-07-30T10:00:27Z,"A Southern California couple has quite the birth story to tell after their daughter made a surprise arrival in the parking lot of a Jack in the Box, where firefighters helped deliver the baby after a… [+3962 chars]",fox-news,Fox News
,"SEE IT: GOP senator flips script on agitators tied to pro-CCP, Singham network","Rick Scott fired back at CODEPINK hecklers over Gaza, Iran nuclear weapons, and Cuba sanctions in a heated Capitol Hill hallway confrontation.",https://www.foxnews.com/politics/gop-senator-flips-script-agitators-tied-pro-ccp-singham-funding-network,https://static.foxnews.com/foxnews.com/content/uploads/2026/07/scott-protestors.gif,2026-07-30T10:00:04Z,"Sen. Rick Scott., R-Fla., was confronted by activists from the far-left group CodePink, accusing the senator of backing policies they claimed harmed civilians in Gaza and Cuba.
CodePink is known for… [+2461 chars]",fox-news,Fox News
,"Can Fauci hide behind the Fifth? Game-changing Biden pardon may not provide complete cover, experts say","Sen. Rand Paul plans a contempt vote after Anthony Fauci invoked the Fifth Amendment more than 100 times, raising novel questions about presidential pardons.",https://www.foxnews.com/politics/can-fauci-hide-behind-fifth-game-changing-biden-pardon-may-not-provide-complete-cover-experts-say,https://static.foxnews.com/foxnews.com/content/uploads/2026/07/anthony-fauci-senate-hearing-fifth-amendment.jpg,2026-07-30T13:34:49Z,Dr. Anthony Fauci's refusal to answer more than 100 questions during Wednesday's fiery Senate hearing has sparked a legal showdown over whether a witness granted a sweeping presidential pardon can st… [+6409 chars],fox-news,Fox News
,JK Rowling calls out the 'grotesque' behavior towards Sophie Cunningham fans in scathing post,"JK Rowling called the young fans ""heroines"" after video showed them being harassed by a Seattle Storm co-owner over their women's sports protest.",https://www.foxnews.com/outkick-sports/jk-rowling-calls-out-grotesque-behavior-towards-sophie-cunningham-fans-scathing-post,https://static.foxnews.com/foxnews.com/content/uploads/2026/03/jk-rowling-harry-potter-transgender-fox-news.jpg,2026-07-30T13:33:41Z,"The left's most hated author JK Rowling has dropped the hammer on the disgusting things that took place at the Indiana Fever-Seattle Storm game earlier this week.
And, because she's a sane human, Ro… [+2960 chars]",fox-news,Fox News
,"Melania Trump helps reunite fifth group of Ukrainian, Russian children with families",Five more Ukrainian children reunited with families as Melania Trump's program reaches roughly 30 kids returned from Russia amid the ongoing war.,https://www.foxnews.com/politics/melania-trump-helps-reunite-fifth-group-ukrainian-russian-children-families,https://static.foxnews.com/foxnews.com/content/uploads/2026/06/melania-trump-address-to-the-nation-03.jpg,2026-07-30T13:29:24Z,"First lady Melania Trump's office announced a fifth group of Ukrainian and Russian children that she helped reunite with their families, as five more children are now with their loved ones.
""While d… [+2268 chars]",fox-news,Fox News
,"Supreme Court tariff, birthright citizenship decisions cost US 'TRILLIONS,' Trump says","President Donald Trump asserted that the U.S. Supreme Court's decisions on tariffs and birthright citizenship have cost the country ""TRILLIONS.""",https://www.foxnews.com/politics/supreme-court-tariff-birthright-citizenship-decisions-cost-us-trillions-trump-says,https://static.foxnews.com/foxnews.com/content/uploads/2026/07/president-donald-trump-july-21-2026-1.jpg,2026-07-30T13:28:51Z,"President Donald Trump accused the U.S. Supreme Court of costing the United States trillions of dollars due to rulings pertaining to tariffs and birthright citizenship.
""Does anybody have any idea h… [+2006 chars]",fox-news,Fox News
,Washington's grizzly bear power grab is finally coming to a long-overdue end,Doug Burgum's new rule gives Wyoming flexibility to manage grizzly bears after the Biden administration rejected delisting petitions in 2023.,https://www.foxnews.com/opinion/washingtons-grizzly-bear-power-grab-finally-coming-long-overdue-end,https://static.foxnews.com/foxnews.com/content/uploads/2023/08/grizzly-bear-and-cubs.jpg,2026-07-30T13:00:40Z,"For far too long, federal bureaucrats who have never set foot on Wyoming lands have controlled decisions about our wildlife. That era is finally ending, thanks to the Trump administration. Last week,… [+5132 chars]",fox-news,Fox News
,"Ella Langley's faith and authenticity fuel record-breaking rise, experts say","Ella Langley's ""Choosin' Texas"" surpassed Mariah Carey and Whitney Houston records on the Billboard Hot 100, but her faith-driven rise is just beginning.",https://www.foxnews.com/entertainment/ella-langley-faith-authenticity-fuel-record-breaking-rise-experts-say,https://static.foxnews.com/foxnews.com/content/uploads/2026/07/ella-langley-spotify-stubb-s-austin.jpg,2026-07-30T13:00:11Z,"Ella Langley is making music history without leaving behind the faith, values and traditional sound that first won over fans.
The 27-year-old country star's song ""Choosin' Texas"" has hit the No. 1 s… [+7163 chars]",fox-news,Fox News
,'Worst aquarium ever' review sends whaling museum's sales soaring 250%,"The New Bedford Whaling Museum in Massachusetts turned a one-star Google review that called it the ""worst aquarium ever"" into viral merchandise that is flying off shelves.",https://www.foxnews.com/travel/worst-aquarium-ever-review-sends-whaling-museums-sales-soaring-250,https://static.foxnews.com/foxnews.com/content/uploads/2026/07/new-bedford-whaling-museum-viral-shirt.jpg,2026-07-30T12:45:49Z,"A museum is cashing in after a one-star Google review calling it the ""worst aquarium ever"" became an unexpected viral hit.
The New Bedford Whaling Museum in Massachusetts, which highlights the histo… [+2515 chars]",fox-news,Fox News
,Florida Gators coach reveals damning clip of ESPN host sniffing a high-heel as foot feud escalates,Jon Sumrall fired back at Dan Orlovsky's anti-pedicure stance with a devastating photo of the ESPN analyst smelling Molly Qerim's shoe on air.,https://www.foxnews.com/outkick-sports/florida-gators-coach-reveals-damning-clip-espn-host-sniffing-high-heel-foot-feud-escalates,https://static.foxnews.com/foxnews.com/content/uploads/2026/07/jon-sumrall-florida-spring-practice-gainesville.jpg,2026-07-30T12:25:28Z,"We're two days away from August, and the college football season is already starting to heat up.
Sort of.
New Florida Gators head coach Jon Sumrall and ESPN football analyst Dan Orlovsky have been … [+2739 chars]",fox-news,Fox News
,California lifeguard speaks out on heartstopping ocean rescue: 'I love what I do',"Ryder Williams described fighting volatile waves while holding the limp 10-year-old at Santa Cruz Beach, revealing details of the rescue seen worldwide.",https://www.foxnews.com/us/california-lifeguard-speaks-heartstopping-ocean-rescue-love-what-do,https://static.foxnews.com/foxnews.com/content/uploads/2026/07/2466c4ba-santa-cruz-waves-rescue-fox-news-002.gif,2026-07-30T12:22:29Z,"A 16-year-old lifeguard whose daring rescue of a 10-year-old on Saturday went viral finally spoke out about the harrowing save in a Wednesday statement.
Ryder Williams, the teen hero whose daring re… [+3270 chars]",fox-news,Fox News
,"NFL employees’ troubling driving incidents mount, costing jobs and putting others at risk","From Tony Romo's OWI arrest to Kyle Shanahan's collision, the NFL has recorded 21 driving incidents since 2024 among its personnel, or about one per month.",https://www.foxnews.com/sports/nfl-employees-troubling-driving-incidents-mount-costing-jobs-putting-others-risk,https://static.foxnews.com/foxnews.com/content/uploads/2026/07/tony-romo-arrest-1.png,2026-07-30T12:18:08Z,"Many years ago, before drunk-driving charges were euphemized as driving while intoxicated, Dan Marino liked to imbibe a little. But he also enjoyed getting around South Florida because he was the qua… [+4678 chars]",fox-news,Fox News
,Zac Brown Band's John Driskell Hopkins says he's 'chasing the clock' after ALS diagnosis,"John Driskell Hopkins says he's ""chasing the clock"" since his 2021 ALS diagnosis, still touring with Zac Brown Band while planning for 2027.",https://www.foxnews.com/entertainment/zac-brown-band-john-driskell-hopkins-chasing-clock-after-als-diagnosis,https://static.foxnews.com/foxnews.com/content/uploads/2024/03/john-driskell-hopkins.jpg,2026-07-30T12:00:45Z,"Zac Brown Band's John Driskell Hopkins is opting to look at his ALS (amyotrophic lateral sclerosis) diagnosis in a different light and is trying to make everyday count.
Over a decade after the Ice B… [+4948 chars]",fox-news,Fox News
,Captured 'America's Most Wanted' fugitive Ronald Fischer abandons alias after 20 years on the run,"Ronald Fischer lived as ""Dr. Richard Graydon"" for over 20 years before a tip led U.S. Marshals to his 56-foot sailboat off New Jersey's coast.",https://www.foxnews.com/us/captured-americas-most-wanted-fugitive-ronald-fischer-abandons-alias-after-20-years-run,https://static.foxnews.com/foxnews.com/content/uploads/2026/07/Fischer-Captured-In-Court-001.jpg,2026-07-30T12:00:36Z,"After more than 20 years on the run, an ""America's Most Wanted"" fugitive who disappeared in the middle of his sexual assault trial stood before a Rhode Island judge this week under his real name for … [+3458 chars]",fox-news,Fox News
,Rare pagan masterpiece emerges near where St Paul spread teachings of Christianity,"Depicting the river god Eurymedon, a rare mosaic was found on Theater Street in Aspendos, just miles from where the Apostle Paul spread Christianity.",https://www.foxnews.com/travel/rare-pagan-masterpiece-emerges-near-where-st-paul-spread-teachings-christianity,https://static.foxnews.com/foxnews.com/content/uploads/2026/07/TURKEY-ROMAN-MOSAIC-FOUND-APOSTLE-PAUL-ANCIENT-HISTORY-DISCOVERY-ARCHAEOLOGY-1.jpg,2026-07-30T12:00:05Z,"Excavators recently uncovered an ornate Roman mosaic at an archaeological site in Turkey, near where the Apostle Paul helped spread Christianity beyond the Levant.
The mosaic was found at Aspendos, … [+2764 chars]",fox-news,Fox News
,US Navy plans major torpedo stockpile overhaul as military shifts to two-war strategy,The Navy's torpedo overhaul targets MK-48 and MK-54 production as lawmakers push a two-war strategy amid depleted missile stockpiles from the Iran war.,https://www.foxnews.com/politics/us-navy-plans-major-torpedo-stockpile-overhaul-military-shifts-two-war-strategy,https://static.foxnews.com/foxnews.com/content/uploads/2026/07/Mark-48-ADCAP-Torpedo-scaled-1.jpg,2026-07-30T15:37:08Z,"The U.S. Navy is poised to overhaul its torpedo inventory under the newly-approved congressional budget as the military shifts toward a ""two-war"" strategy.
Lawmakers made it clear that the U.S. need… [+2487 chars]",fox-news,Fox News
,"Country star Tracy Lawrence slams California, reveals why he pulled the plug on acting in LA","Tracy Lawrence calls California ""disheartening"" and reveals $10-a-gallon gas prices make touring the state as unprofitable as going into Canada.",https://www.foxnews.com/entertainment/country-star-tracy-lawrence-slams-california-reveals-why-he-pulled-plug-acting-la,https://static.foxnews.com/foxnews.com/content/uploads/2026/07/tracy-lawrence-guitar.jpg,2026-07-30T15:33:50Z,"Tracy Lawrence is getting real about why he finds it ""disheartening"" to visit California.
During a recent appearance on the ""Like a Farmer"" podcast, the 58-year-old country music star discussed his … [+2592 chars]",fox-news,Fox News
,New York City immigrant business owners are planning to sue Mamdani over taxpayer-funded supermarkets,The Multicultural Business Coalition voted to sue New York City Mayor Zohran Mamdani over his taxpayer-funded grocery stores plan that threatens small businesses.,https://www.foxnews.com/media/new-york-city-immigrant-business-owners-planning-sue-mamdani-over-taxpayer-funded-supermarkets,https://static.foxnews.com/foxnews.com/content/uploads/2026/07/mamdani-socialist-grocery-food-fox-news.jpg,2026-07-30T15:19:25Z,"Several immigrant business owners are preparing to sue New York City Mayor Zohran Mamdani over his plan for city-owned grocery stores, Fox News Digital confirmed on Wednesday.
The New York Post firs… [+2800 chars]",fox-news,Fox News
,Senator targets alleged China-linked Singham network in fiery floor speech,Sen. Jim Banks says Neville Roy Singham's $278 million nonprofit network advances CCP interests from Shanghai while funding anti-ICE and pro-Iran groups.,https://www.foxnews.com/politics/top-senator-targets-alleged-ccp-linked-singham-network-senate-floor-speech-china,https://static.foxnews.com/foxnews.com/content/uploads/2026/06/Singham.png,2026-07-30T15:04:15Z,"Sen. Jim Banks, R-Indiana, took to the Senate floor Wednesday to call out Neville Roy Singham, saying the communist tech tycoon's vast nonprofit network is helping China wage ""political warfare"" agai… [+3955 chars]",fox-news,Fox News
,Alex Murdaugh murder trial 'egg juror' fights to unseal state investigation into Becky Hill: report,A report says former juror Myra Crosby filed a FOIA request demanding public access to the Becky Hill jury tampering probe in the Alex Murdaugh case.,https://www.foxnews.com/us/alex-murdaugh-murder-trial-egg-juror-fights-unseal-state-investigation-becky-hill-report,https://static.foxnews.com/foxnews.com/content/uploads/2026/05/becky-hill-alex-murdaugh-split.png,2026-07-30T15:01:55Z,"A new court filing from a former juror in the Alex Murdaugh murder trial reveals her continued efforts to make public the alleged jury tampering evidence from the 2023 trial, according to a report.
… [+2113 chars]",fox-news,Fox News
,Fauci haunted by 2022 'nothing to hide' vow after invoking the Fifth Amendment 111 times,"A resurfaced 2022 CNN interview clip shows Dr. Anthony Fauci saying he had ""nothing to hide"" from Congress, but he invoked the Fifth Amendment 111 times at his hearing.",https://www.foxnews.com/media/fauci-haunted-2022-nothing-hide-vow-invoking-fifth-amendment-111-times,https://static.foxnews.com/foxnews.com/content/uploads/2026/07/anthony-fauci-senate-testimony-covid-fox-news_.jpg,2026-07-30T15:00:32Z,"Dr. Anthony Faucis words are coming back to haunt him after resurfaced comments from a 2022 interview with CNN showed a complete 180 on his attitude toward testifying before Congress.
""I am very hap… [+2365 chars]",fox-news,Fox News
,John Fetterman makes it 'very clear' that he's 'not going to be a Republican' despite Dem backlash,"Sen. John Fetterman, D-Pa, told NBC on Wednesday that he has been very clear that he has no intention of becoming a Republican despite a recent vote on aid to Israel.",https://www.foxnews.com/media/john-fetterman-makes-very-clear-hes-not-going-republican-despite-dem-backlash,https://static.foxnews.com/foxnews.com/content/uploads/2026/07/john-fetterman-june-2-2026.jpg,2026-07-30T15:00:27Z,"Pennsylvania Sen. John Fetterman reiterated on Wednesday that he is not considering switching parties to become a Republican any time soon, despite ongoing backlash from his party.
""Im not going to … [+2618 chars]",fox-news,Fox News
,Why the Boston Red Sox run line is the play against the Athletics and Mason Barnett tonight,Sonny Gray brings a 2.78 ERA and six consecutive road quality starts as the surging Boston Red Sox target the run line against the Athletics.,https://www.foxnews.com/sports/boston-red-sox-run-line-play-against-athletics-mason-barnett-tonight,https://static.foxnews.com/foxnews.com/content/uploads/2026/06/sonny-gray-red-sox-pitch-fox-news-001.jpeg,2026-07-30T14:58:38Z,Another 1-1 day in the books for us as yesterday was one of the more interesting results that we've had. I had two unders in two separate games. One of them involved Tarik Skubal and Trevor Rogers pi… [+3127 chars],fox-news,Fox News
,"Embattled Seattle police chief relieved of his duties by democratic socialist mayor, Black protest planned",Seattle Police Chief Shon Barnes was reportedly asked to resign after abruptly leaving a vigil for victims of the Bite of Seattle mass shooting.,https://www.foxnews.com/politics/embattled-seattle-police-chief-relieved-duties-democratic-socialist-mayor-black-protest-planned,https://static.foxnews.com/foxnews.com/content/uploads/2026/07/shon-barnes-katie-wilson-seattle.jpg,2026-07-30T14:57:01Z,Seattle Mayor Katie Wilson reportedly relieved embattled Police Chief Shon Barnes of his duties Wednesday night following mounting criticism over his absence from the city and the departments delayed… [+4328 chars],fox-news,Fox News
,NFL legend Rob Gronkowski details Travis Kelce and Taylor Swift's 'magnificent' wedding,"Rob Gronkowski called the massive 1,000-guest Travis Kelce and Taylor Swift wedding ""very intimate"" and revealed what made the ceremony so special.",https://www.foxnews.com/sports/nfl-legend-rob-gronkowski-details-travis-kelce-taylor-swift-magnificent-wedding,https://static.foxnews.com/foxnews.com/content/uploads/2026/07/taylor-swift-travis-kelce-nba-finals.jpg,2026-07-30T14:43:59Z,"The guest list for Travis Kelce and Taylor Swifts wedding was massive, but NFL legend Rob Gronkowski still said it was ""very intimate.""
Gronkowski, who was one of roughly 1,000 attendees at the wedd… [+2165 chars]",fox-news,Fox News
,Sen Chuck Schumer unveils anti-corruption agency aimed at Trump and future presidents,Chuck Schumer's Anti-Corruption Bureau would have subpoena power and replace the Office of Government Ethics and Federal Election Commission.,https://www.foxnews.com/politics/sen-chuck-schumer-unveils-anti-corruption-agency-aimed-trump-future-presidents,https://static.foxnews.com/foxnews.com/content/uploads/2026/07/chuck-schumer-1.png,2026-07-30T14:42:40Z,"Senate Minority Leader Chuck Schumer, D-N.Y., announced Thursday morning that he is introducing legislation to create a new federal agency tasked with investigating alleged corruption involving Presi… [+4304 chars]",fox-news,Fox News
,WATCH: Schumer's anti-corruption speech derailed after heckler brands him 'genocidal maniac',"A protester accused Chuck Schumer of backing genocide in Gaza, moments before his major anti-corruption announcement at the National Press Club.",https://www.foxnews.com/politics/watch-schumers-anti-corruption-speech-derailed-after-heckler-brands-him-genocidal-maniac,https://static.foxnews.com/foxnews.com/content/uploads/2026/07/chuck-schumer-1.png,2026-07-30T14:33:32Z,"Senate Minority Leader Chuck Schumer, D-N.Y., wanted to talk about alleged corruption committed by President Donald Trump and his family, but instead was interrupted by a protester calling out his ""d… [+2866 chars]",fox-news,Fox News
,Bryan Kohberger appointed new lawyer after Idaho murders case costs taxpayers over $8 million,Bryan Kohberger has been appointed a new taxpayer-funded attorney as he seeks to withdraw his guilty plea in the University of Idaho murders case.,https://www.foxnews.com/us/bryan-kohberger-appointed-new-lawyer-idaho-murders-case-costs-taxpayers-8-million,https://static.foxnews.com/foxnews.com/content/uploads/2023/01/kohberger-in-court-ap-3.jpg,2026-07-30T14:27:31Z,"Bryan Kohberger, whose murder case has reportedly cost taxpayers more than $8 million, has been appointed a new taxpayer-funded attorney as he seeks to withdraw his guilty plea in the stabbing deaths… [+4635 chars]",fox-news,Fox News
Fox News,Kate Middleton is the monarchy's 'greatest asset': expert | Fox News Video,"Katie Nicholl, Vanity Fair royal correspondent and co-host of ""The Royals Uncensored,"" says the Princess of Wales won public respect through duty and resilience after health challenges.",https://www.foxnews.com/video/6402467146112,https://a57.foxnews.com/cf-images.us-east-1.prod.boltdns.net/v1/static/694940094001/9f02fa6a-c844-4187-b36a-e2d502609362/3fc274f5-6e97-4bef-b48c-6266afe1dd7c/1280x720/match/1024/512/image.jpg?ve=1&tl=1,2026-07-30T14:24:32Z,"©2026 Fox News Network, LLC. All rights reserved. This material may not be published, broadcast, rewritten, or redistributed. All market data delayed 20 minutes.",fox-news,Fox News
,Josh Hartnett fights a mysterious sea creature in Netflix limited series 'Below' coming October 2026,"Josh Hartnett stars as a Newfoundland fisherman battling a mysterious sea creature in Netflix's six-part limited series ""Below,"" premiering Oct. 8, 2026.",https://www.foxnews.com/outkick-culture/josh-hartnett-fights-mysterious-sea-creature-netflix-limited-series-below-october-2026,https://static.foxnews.com/foxnews.com/content/uploads/2026/07/Josh_Hartnett_Below.jpg,2026-07-30T14:14:55Z,"The first preview for Netflix's new limited series ""Below"" is out.
Basic info:
<ul><li>Streaming platform: Netflix</li><li>Plot: Calvin Penney (Josh Hartnett) is a bighearted but stubborn fisherman… [+2170 chars]",fox-news,Fox News
,"Lexie Hull fills up stat sheet with mid-season fits, internet's favorite goalie stops by & the Tony Romo edit",Lexie Hull's leadership and stat-sheet dominance are fueling the Indiana Fever's four-game WNBA winning streak as the basketball season heats up.,https://www.foxnews.com/outkick-sports/lexie-hull-fills-stat-sheet-mid-season-fits-internets-favorite-goalie-stops-tony-romo-edit,https://static.foxnews.com/foxnews.com/content/uploads/2026/07/lexie-hull-mid-season-fits.jpg,2026-07-30T14:04:00Z,"Time flies, it's already Thursday and I have only one more relief appearance to go in this latest Screencaps call to the bullpen. It's been a ride, as it always is when filling in for Joe.
I have Le… [+5318 chars]",fox-news,Fox News
,Pete Crow-Armstrong launches savage extra-inning home run before Cardinals get the last laugh,"Pete Crow-Armstrong's 10th-inning home run broke a scoreless tie against the Cardinals, but the celebration was short-lived as St. Louis rallied back.",https://www.foxnews.com/outkick-sports/pete-crow-armstrong-launches-savage-extra-inning-home-run-cardinals-get-last-laugh,https://static.foxnews.com/foxnews.com/content/uploads/2026/07/pca-featured-flex.jpg,2026-07-30T14:00:52Z,Chicago Cubs superstar Pete Crow-Armstrong launched an extra-innings home run against the St. Louis Cardinals on Wednesday night. With the long ball being a two-run shot that broke up the scoreless c… [+2102 chars],fox-news,Fox News
,"Netanyahu opens up about working relationship with Trump, says Israel is 'junior partner'","Benjamin Netanyahu describes Trump as an ""irreverent"" leader whose instincts are ""always on target"" in a podcast conversation with Sean Hannity.",https://www.foxnews.com/media/netanyahu-opens-working-relationship-trump-rejects-claims-either-calls-shots,https://static.foxnews.com/foxnews.com/content/uploads/2026/04/donald-trump-netanyahu-2025.jpeg,2026-07-30T14:00:42Z,"Israeli Prime Minister Benjamin Netanyahu offered a glimpse into his working relationship with President Donald Trump, dismissing suggestions that either leader dictates the other's decisions and des… [+1811 chars]",fox-news,Fox News
,Capitol sex scandals spark push to ban House lawmakers from sleeping with staffers,Rep. Nancy Mace's legislation would ban House lawmakers from having sex with staffers or living with them amid scandals involving multiple members of Congress.,https://www.foxnews.com/politics/capitol-sex-scandals-spark-push-ban-house-lawmakers-from-sleeping-staffers,https://static.foxnews.com/foxnews.com/content/uploads/2026/06/ruben-gallego-answers-questions.jpeg,2026-07-30T14:00:01Z,"FIRST ON FOX: New legislation being dropped on Thursday is seeking to bar House lawmakers from having sex with staffers after a series of exposés rocked Capitol Hill.
Rep. Nancy Mace, R-S.C., is exp… [+2843 chars]",fox-news,Fox News
,Tom Selleck says 'Blue Bloods' cast made major sacrifice to save show before cancellation,"Tom Selleck reveals the ""Blue Bloods"" cast took a 25% salary cut to keep the show going, yet the series still ended despite ranking sixth in ratings.",https://www.foxnews.com/entertainment/tom-selleck-blue-bloods-cast-made-major-sacrifice-save-show-before-cancellation,https://static.foxnews.com/foxnews.com/content/uploads/2026/07/blue-bloods-cast.jpg,2026-07-30T17:59:54Z,"Tom Selleck addressed the ""very frustrating"" end to ""Blue Bloods,"" saying the cast had already taken a 25% salary cut to keep it on the air despite it still ranking in sixth place in broadcast shows.… [+3062 chars]",fox-news,Fox News
,"European soccer's governing body flips sport upside down with boycott of FIFA, future World Cups","UEFA accuses FIFA of selling football's soul through its FIFA Forward Enterprise plan, with reports of a European boycott of the 2030 World Cup.",https://www.foxnews.com/sports/european-soccer-governing-body-flips-sport-upside-down-boycott-fifa-future-world-cups,https://static.foxnews.com/foxnews.com/content/uploads/2026/07/infantino-sign-boycott.jpg,2026-07-30T17:57:23Z,"The 2030 World Cup may be missing many of soccer's global powerhouses, with UEFA's announcement that it will be boycotting FIFA.
FIFA, the sport's global governing body, recently published proposed … [+3970 chars]",fox-news,Fox News
,Surveillance video shows missing American woman moments before she entered water during Caribbean vacation,Surveillance video from an Airbnb property captures Elizabeth Waddell walking near a pool before apparently jumping into the water in Grenada.,https://www.foxnews.com/us/surveillance-video-shows-missing-american-woman-moments-before-entered-water-caribbean-vacation,https://static.foxnews.com/foxnews.com/content/uploads/2026/07/liz-waddell-was-last-seen-swimming-in-grenada-before-she-went-missing-police-say-4.jpg,2026-07-30T17:52:15Z,"New video shows the moments a missing North Carolina mother possibly entered the water near the resort she was staying in Grenada.
Elizabeth ""Liz"" Waddell, 43, went missing on July 22 and was last s… [+1769 chars]",fox-news,Fox News
,Dolphins not going to 'throw in the towel and just rebuild' but that comes with higher expectations,Jeff Halfley rejects the rebuild narrative even after Miami traded Jaylen Waddle and Minkah Fitzpatrick and released Bradley Chubb this year.,https://www.foxnews.com/outkick-sports/dolphins-not-going-throw-towel-just-rebuild-comes-higher-expectations,https://static.foxnews.com/foxnews.com/content/uploads/2026/03/nfl-dolphins-minkah-fitzpatrick-030926-2.jpg,2026-07-30T17:46:30Z,"The Miami Dolphins are in a rebuilding year, and anyone with eyes can see that based on the offseason coaching, personnel and roster moves. But head coach Jeff Halfley doesn't want to hear that.
Say… [+3673 chars]",fox-news,Fox News
,Federal judge blocks DOJ access to NJ voter rolls amid statewide controversy,"District Judge Zahid Quraishi blocked the Justice Department from accessing New Jersey's unredacted voter registration list, citing privacy concerns.",https://www.foxnews.com/politics/federal-judge-blocks-doj-access-nj-voter-rolls-amid-statewide-controversy,https://static.foxnews.com/foxnews.com/content/uploads/2026/07/Mikie-Sherrill-in-East-Brunswick.jpg,2026-07-30T17:31:46Z,"A federal judge in New Jersey blocked the Justice Department from gaining access to the state's unredacted voter rolls on Wednesday.
District Judge Zahid Quraishi, a Biden appointee, ruled that hand… [+2187 chars]",fox-news,Fox News
,White House turns hit song against Noah Kahan after singer fumes over Trump manufacturing post,"The White House mocked Noah Kahan with a Trump Derangement Syndrome jab after the singer objected to ""American Cars"" being used in a Trump post.",https://www.foxnews.com/media/white-house-turns-hit-song-against-noah-kahan-singer-fumes-trump-manufacturing-post,https://static.foxnews.com/foxnews.com/content/uploads/2026/07/noah-kahan-donald-trump-fox-news-2.jpg,2026-07-30T17:27:47Z,"The White House hit back at folk-pop singer Noah Kahan on Thursday, after the artist expressed outrage over the Trump administration using his track ""American Cars"" to highlight American manufacturin… [+3176 chars]",fox-news,Fox News
,Ja'Marr Chase throws helmet as fight breaks out on first day of Bengals training camp,Ja'Marr Chase launched a helmet and jawed with the entire defense during a heated Cincinnati Bengals training camp practice with cornerbacks DJ Turner and Jalen Davis.,https://www.foxnews.com/sports/jamarr-chase-throws-helmet-fight-breaks-bengals-training-camp,https://static.foxnews.com/foxnews.com/content/uploads/2026/07/jamarr-chase-dj-turner-bengals-training-camp.jpg,2026-07-30T17:25:44Z,"The Cincinnati Bengals began their training camp on Wednesday, and fuses were lit almost immediately.
All-Pro receiver Ja'Marr Chase found himself in the middle of quite the brouhaha during practice… [+1633 chars]",fox-news,Fox News
,Hunter Biden reveals he's 'definitely not running' for office despite media tour,"Hunter Biden told the ""Macrodosing"" podcast hosts he's ""definitely not running for anything"" despite his many recent public appearances and buzz.",https://www.foxnews.com/media/hunter-biden-reveals-hes-definitely-not-running-office-despite-media-tour,https://static.foxnews.com/foxnews.com/content/uploads/2026/06/d1a18e52-a0ad-4a5d-b1b7-83ab74cfe2d2_HUNTER-BIDEN-BURISMA-PODCAST.jpg,2026-07-30T17:22:32Z,"Former President Joe Biden's son, Hunter Biden, said during an interview on Wednesday that he wasn't running for office, despite his many recent public appearances.
Barstool Sports' ""Macrodosing"" po… [+2742 chars]",fox-news,Fox News
,War powers resolution fails as Senate Republicans stand by Trump on Iran,Senate Republicans blocked another war powers resolution as munitions dwindle and Sen. Bill Cassidy draws a hardline on ground troops in Iran.,https://www.foxnews.com/politics/war-powers-resolution-fails-senate-republicans-stand-trump-iran,https://static.foxnews.com/foxnews.com/content/uploads/2026/07/donald-trump-oval-office-1.png,2026-07-30T17:19:04Z,"Despite reports of waning munitions, spiking gas prices and concerns of no clear objectives moving forward, Senate Republicans are still giving President Donald Trump wiggle room in the war in Iran.… [+3379 chars]",fox-news,Fox News
,San Diego Padres favored over Giants as Robbie Ray likely makes final start before trade deadline,Robbie Ray may be making his final Giants start before the trade deadline as San Diego's Padres look to capitalize on his struggles on the road.,https://www.foxnews.com/sports/san-diego-padres-favored-giants-robbie-ray-likely-makes-final-start-trade-deadline,https://static.foxnews.com/foxnews.com/content/uploads/2026/05/san-diego-padres-logo-petco-park-fox-news-001.jpeg,2026-07-30T17:04:44Z,It is hard to believe we are almost at August. This is where we will start seeing some separation of teams that are truly playoff contenders and those that are going to start looking at next year. We… [+3611 chars],fox-news,Fox News
,License plate cameras are tracking drivers everywhere,"The DeFlock map displays about 119,000 license plate readers across the U.S., with Flock Safety cameras accounting for 83% of the mapped total.",https://www.foxnews.com/tech/license-plate-cameras-tracking-drivers-everywhere,https://static.foxnews.com/foxnews.com/content/uploads/2026/07/traffic-pole-sensor-solar-panel-san-francisco.jpg,2026-07-30T17:00:44Z,"One minute, you are driving to the grocery store. The next, a camera above the road photographs your car and adds the sighting to a searchable database. You probably will not hear a click or see a fl… [+15861 chars]",fox-news,Fox News
,Florida AG threatens Fauci investigation after Senate hearing,James Uthmeier says his office is launching a Florida investigation into Anthony Fauci after the former NIAID director invoked the Fifth Amendment.,https://www.foxnews.com/politics/florida-ag-threatens-fauci-investigation-after-senate-hearing,https://static.foxnews.com/foxnews.com/content/uploads/2026/07/uthmeier_fauci.jpg,2026-07-30T16:59:12Z,Florida Attorney General James Uthmeier said he will be opening up an investigation into former National Institutes of Allergy and Infectious Diseases (NIAID) Dr. Anthony Fauci following Fauci's expl… [+3202 chars],fox-news,Fox News
,Online fury erupts as conservatives recall ’insane’ COVID-19 lockdown policies after Fauci takes the Fifth,Anthony Fauci pleaded the Fifth 111 times at a Senate hearing as conservatives resurfaced viral videos of COVID lockdown arrests and mask mandates.,https://www.foxnews.com/politics/online-fury-erupts-conservatives-recall-insane-covid-19-lockdown-policies-fauci-takes-fifth,https://static.foxnews.com/foxnews.com/content/uploads/2026/07/anthony-fauci-senate-testimony-covid-fox-news_.jpg,2026-07-30T16:56:34Z,Conservatives aren't willing to forgive and forget the COVID-19 lockdowns a fact made clear online as fury erupted during and after Dr. Anthony Fauci's appearance before Congress on Wednesday where h… [+3621 chars],fox-news,Fox News
,Kamala Harris' new $8M mansion is in a neighborhood with virtually no Black residents,"Kamala Harris' $8 million Malibu mansion sits in a census tract that is 94% White and 0.2% Black, despite her career fighting racial bias in housing.",https://www.foxnews.com/politics/kamala-harris-new-8m-mansion-neighborhood-virtually-no-black-residents,https://static.foxnews.com/foxnews.com/content/uploads/2026/07/HarrisWhiteBeachHouse.jpg,2026-07-30T16:49:24Z,"Despite a career-long commitment to combatting racial disparities in housing and touting the importance of living among Black people, former Vice President Kamala Harriss new California mansion is si… [+3723 chars]",fox-news,Fox News
,Capital culture war heats up as GOP lawmaker targets DC schools over Old Glory snub,"Sen. Ashley Moody's PLEDGE Act would require American flags and daily Pledge of Allegiance recitation in every Washington, D.C., school classroom.",https://www.foxnews.com/politics/capitol-culture-war-heats-gop-lawmaker-targets-dc-schools-old-glory-snub,https://static.foxnews.com/foxnews.com/content/uploads/2026/07/Washington-dc-protest-blm-flag-burning.jpg,2026-07-30T16:41:47Z,"FIRST ON FOX: Florida Republican Sen. Ashley Moody introduced a bill targeting the Washington, D.C. public school system in a push to prioritize patriotism in the nations capital, Fox News Digital ha… [+3834 chars]",fox-news,Fox News
,"High school football player allegedly stomped, jabbed with broomstick by teammates as coaches hid it: DA",Video captured juvenile players allegedly holding down a Cheltenham High School teammate while others used a broomstick in a locker room hazing attack.,https://www.foxnews.com/us/high-school-football-player-allegedly-stomped-jabbed-broomstick-teammates-coaches-hid-da,https://static.foxnews.com/foxnews.com/content/uploads/2026/07/PA-High-School.jpg,2026-07-30T16:39:33Z,"Ten members of a Pennsylvania high school football team, including several coaches, face charges after a player was allegedly stomped with cleats, and jabbed in the buttocks with a broomstick.
Accor… [+4109 chars]",fox-news,Fox News
,'Hot seat rankings' for all 16 SEC coaches as beginning of 2026 college football season draws nearer,"Shane Beamer's South Carolina seat is radioactive heading into 2026, while Kalen DeBoer and Josh Heupel face rising expectations at their programs.",https://www.foxnews.com/outkick-sports/hot-seat-rankings-16-sec-coaches-2026-college-football-season,https://static.foxnews.com/foxnews.com/content/uploads/2026/07/steve-sarkisian-citrus-bowl.jpg,2026-07-30T16:35:49Z,"At the beginning of every college football season, there are always a few questions that are on every fan's mind.
One of which is ""who looks like they can win it all every season,"" but since I alrea… [+7862 chars]",fox-news,Fox News
,Travelers clash after TSA shares surprising guidance about airport etiquette,"In a playful post, the TSA recommended travelers consider bringing a hammock to the airport to relax while they wait. Some flyers felt it was a genius hack; others said it was ridiculous.",https://www.foxnews.com/travel/travelers-clash-tsa-shares-surprising-guidance-about-airport-etiquette,https://static.foxnews.com/foxnews.com/content/uploads/2026/07/hammock-airport-chairs.jpg,2026-07-30T16:31:54Z,"The Transportation Security Administration (TSA) has sparked debate about airport etiquette after recommending that travelers bring hammocks to airports so they can relax during long layovers.
In a … [+2598 chars]",fox-news,Fox News
,Conservatives mock Talarico for gushing over Fauci doll in resurfaced Christmas post,James Talarico's 2021 post celebrating a Fauci action figure resurfaced as Anthony Fauci invoked the Fifth Amendment 111 times before Congress.,https://www.foxnews.com/politics/conservatives-mock-talarico-gushing-fauci-doll-resurfaced-christmas-post,https://static.foxnews.com/foxnews.com/content/uploads/2026/07/TalaricoFauciDoll.jpg,2026-07-30T16:31:23Z,"On Christmas Day 2021, Texas Democratic Senate nominee James Talarico celebrated receiving a Dr. Anthony Fauci doll a decision he is now being mocked for.
""I got the coolest action figure for Christ… [+2964 chars]",fox-news,Fox News
,Fox News ‘Antisemitism Exposed’ Newsletter: Bibi stands up for New York's Jews,"Fox News' ""Antisemitism Exposed"" newsletter brings you stories on the rising anti-Jewish prejudice across the U.S. and the world.",https://www.foxnews.com/us/fox-news-antisemitism-exposed-newsletter-bibi-stands-up-new-yorks-jews,https://static.foxnews.com/foxnews.com/content/uploads/2025/07/netanyahu-mamdani.png,2026-07-30T16:17:26Z,"Fox News' ""Antisemitism Exposed"" newsletter brings you stories on the rising anti-Jewish prejudice across the U.S. and the world.
IN TODAYS NEWSLETTER:- Netanyahu accuses Mamdani of 'fomenting hate,… [+3122 chars]",fox-news,Fox News
,Trump admin's push to scrap DEI in federal government takes landmark step with new hiring rule,"OPM's new rule removes 1978 hiring guidelines tied to disparate impact, marking a deeper push to dismantle the legal framework behind federal DEI policies.",https://www.foxnews.com/politics/trump-admin-push-scrap-dei-federal-government-landmark-step-new-hiring-rule,https://static.foxnews.com/foxnews.com/content/uploads/2026/07/president-donald-trump-july-21-2026-1.jpg,2026-07-30T16:15:00Z,"FIRST ON FOX: The Trump administration on Wednesday took another step in its sweeping campaign to eliminate DEI policies from the federal government, removing decades-old hiring guidelines that offic… [+3181 chars]",fox-news,Fox News
,Trump threatens to yank his own AG nominee as GOP revolt grows,"Trump threatened to withdraw Todd Blanche's nomination until John Cornyn and Thom Tillis leave office, escalating a standoff over his tax settlement.",https://www.foxnews.com/politics/trump-threatens-yank-his-own-ag-nominee-gop-revolt-grows,https://static.foxnews.com/foxnews.com/content/uploads/2026/07/President-Donald-Trump-South-Carolina.jpg,2026-07-30T16:12:54Z,"President Donald Trump is taking a hardball tactic against Republican rebels demanding concessions for their vote to confirm Acting Attorney General Todd Blanche.
After Blanches confirmation hearing… [+2840 chars]",fox-news,Fox News
,Ex-Dem operative details 'new donor establishment' behind Mamdani-era progressives: 'Not from the grassroots',A former progressive fundraiser reveals how dark money super PACs and DSA candidates are reshaping the Democratic Party after its 2024 electoral loss.,https://www.foxnews.com/politics/ex-dem-operative-details-new-donor-establishment-behind-mamdani-era-progressives-not-grassroots,https://static.foxnews.com/foxnews.com/content/uploads/2026/06/mamdani-candidates.jpeg,2026-07-30T16:07:15Z,"Evan Barker, a former Democratic operative turned voter for President Donald Trump, detailed alleged dark money influence that she says has driven the party further left.
Barker, who raised money fo… [+8690 chars]",fox-news,Fox News
,"Danica Patrick stuns America with her double-bikini in Europe, NFL Live tackles black coaches & a sad MLB stat","Danica Patrick shares her Europe trip update, Vic Fangio pleads the Fifth Amendment at Eagles camp, and a stunning MLB batting average stat.",https://www.foxnews.com/outkick-sports/danica-patrick-stuns-america-double-bikini-europe-nfl-live-tackles-black-coaches-sad-mlb-stat,https://static.foxnews.com/foxnews.com/content/uploads/2026/07/danica-patrick-54th-academy-country-music-awards.jpg,2026-07-30T19:54:25Z,"'Nightcaps' is a daily column that catches you up on the biggest sports, news and culture stories you may have missed while pretending to do work at your desk. It runs MondayFriday on OutKick.com.
F… [+6142 chars]",fox-news,Fox News
,'Knots Landing' icon Donna Mills joins OnlyFans at 85 to connect with fans 'on her own terms’,"The 85-year-old ""Knots Landing"" actress says fans can expect behind-the-scenes glimpses and moments from her daily life on the new platform.",https://www.foxnews.com/entertainment/knots-landing-icon-donna-mills-joins-onlyfans-85-connect-fans-own-terms,https://static.foxnews.com/foxnews.com/content/uploads/2023/11/donna-mills.jpg,2026-07-30T19:52:47Z,"Donna Mills is proving age is just a number.
The 85-year-old ""Knots Landing"" icon is taking fans by surprise with her latest career move joining OnlyFans.
The actress, who became a television sensa… [+3126 chars]",fox-news,Fox News
,"House panel demands classified briefings on noncitizen voting, alleged Chinese election interference",Rep. Bryan Steil demands classified DHS briefings on non-citizen voting and cyber vulnerabilities in voting systems ahead of November midterms.,https://www.foxnews.com/politics/house-panel-demands-classified-briefings-non-citizen-voting-alleged-chinese-election-interference,https://static.foxnews.com/foxnews.com/content/uploads/2026/04/virginia-redistricting-referendum-fairfax-voting-fox-news.jpg,2026-07-30T19:36:53Z,"The House committee charged with overseeing American elections is demanding more information on allegations of non-citizens voting in federal races.
The Committee on House Administration is requesti… [+2391 chars]",fox-news,Fox News
,JONATHAN TURLEY: Fauci takes the Fifth 111 times – and the media still rush to defend him,Dr. Anthony Fauci invoked the Fifth Amendment 111 times as senators confronted him with diary entries contradicting his public COVID-19 statements. The liberal media still defended him.,https://www.foxnews.com/opinion/jonathan-turley-fauci-takes-fifth-111-times-media-still-rush-defend-him,https://static.foxnews.com/foxnews.com/content/uploads/2026/07/6aef4ecd-fauci-rand-paul.png,2026-07-30T19:36:35Z,"As I wrote this week, Dr. Anthony Fauci was not the only one taking the Fifth on Wednesday over his record during the pandemic. The media largely invoked the same privilege to avoid self-incriminatio… [+5778 chars]",fox-news,Fox News
,Georgia mother fights off alleged child snatcher with gas pump in surveillance video,Surveillance video shows a Georgia mother using a gas pump hose to fight off a man accused of trying to snatch her children at a Marietta Shell station.,https://www.foxnews.com/us/georgia-mother-fights-alleged-child-snatcher-gas-pump-surveillance-video,https://static.foxnews.com/foxnews.com/content/uploads/2026/07/gas-pump-attempted-kidnapping.gif,2026-07-30T19:32:48Z,"A Georgia mother used a gas pump to fend off a man accused of trying to snatch her children at a gas station, with newly released surveillance video capturing the frightening encounter.
The video, o… [+2504 chars]",fox-news,Fox News
,Sending ace pitcher Tarik Skubal to the Los Angeles Dodgers would officially ruin baseball,"ESPN's Jeff Passan says MLB teams are resigned to the Dodgers landing Tarik Skubal before the trade deadline, creating a historically dominant rotation.",https://www.foxnews.com/outkick-sports/sending-ace-pitcher-tarik-skubal-los-angeles-dodgers-would-officially-ruin-baseball,https://static.foxnews.com/foxnews.com/content/uploads/2026/07/AP26188842316673.jpg,2026-07-30T19:30:51Z,"At the end of July, the Los Angeles Dodgers are overwhelming favorites to win the World Series. They are also the team most likely to add the best pitcher in baseball.
According to ESPN insider Jeff… [+4993 chars]",fox-news,Fox News
,California scientists developing shark-spotting robot ahead of 2028 Los Angeles Olympics,"A solar-powered shark-surveillance robot could patrol Long Beach waters during the 2028 Olympics, using drones and DNA sampling to protect athletes.",https://www.foxnews.com/outkick-sports/california-scientists-developing-shark-spotting-robot-ahead-2028-los-angeles-olympics,https://static.foxnews.com/foxnews.com/content/uploads/2026/07/caroline-marks-surfing-teahupoo-fox-news_.jpg,2026-07-30T19:30:25Z,"The worlds best athletes will descend on Southern California for the 2028 Los Angeles Olympics. And apparently, some of the locals are already circling the competition venues.
Scientists at Californ… [+3084 chars]",fox-news,Fox News
,Fired HGTV host Nicole Curtis faces Detroit lawsuit alleging her blighted property is a public nuisance,"The City of Detroit is suing Nicole Curtis and Detroit Renovations LLC, alleging the ""Rehab Addict"" star failed to restore a blighted property.",https://www.foxnews.com/media/fired-hgtv-host-nicole-curtis-faces-detroit-lawsuit-alleging-blighted-property-public-nuisance,https://static.foxnews.com/foxnews.com/content/uploads/2026/02/nicole-curtis-1.jpg,2026-07-30T19:30:01Z,"Former HGTV host and queen of rehabbing old houses Nicole Curtis is in hot water again.
Curtis, former star of the home design and remodeling network's long-running ""Rehab Addict,"" is being sued, al… [+3338 chars]",fox-news,Fox News
,Dem senator swipes credit for bill he opposed amid heated reelection bid: 'Disturbing pattern',Jon Ossoff touted Georgia military construction wins at Fort Benning and Fort Stewart despite voting against the bill that funded those improvements.,https://www.foxnews.com/politics/dem-senator-swipes-credit-bill-he-opposed-amid-heated-reelection-bid,https://static.foxnews.com/foxnews.com/content/uploads/2026/05/jon-ossoff.jpg,2026-07-30T19:28:56Z,"Sen. Jon Ossoff, D-Ga., is touting his advocacy for federal investment in Georgia military infrastructure despite having ultimately voted against the bill that secured the improvements.
Most recentl… [+4594 chars]",fox-news,Fox News
,'Lord of the Rings' star Sean Astin had to sell his home after negotiating 'small' salary for hit movie,"Sean Astin reveals he had to sell his house after negotiating a surprisingly small salary for the ""Lord of the Rings"" trilogy with no residuals.",https://www.foxnews.com/entertainment/lord-rings-star-sean-astin-had-sell-his-home-after-negotiating-small-salary-hit-movie,https://static.foxnews.com/foxnews.com/content/uploads/2026/07/sean-astin-lord-of-the-rings.jpg,2026-07-30T19:16:55Z,"Sean Astin captured the hearts of fantasy fans everywhere when he starred as Samwise Gamgee in the ""Lord of the Rings,"" but says the compensation was not what one would expect.
In a new interview wi… [+2949 chars]",fox-news,Fox News
,"Billy Ray Smith, top-5 NFL draft pick, dead at 64; family says CTE caused dementia",Billy Ray Smith's family says the College Football Hall of Famer faced a long journey with dementia caused by CTE before his death at age 64.,https://www.foxnews.com/sports/billy-ray-smith-top-5-nfl-draft-pick-dead-64-family-says-cte-caused-dementia,https://static.foxnews.com/foxnews.com/content/uploads/2026/07/billy-ray-smith-chargers-chiefs-1988.jpg,2026-07-30T19:13:33Z,"Former San Diego Chargers linebacker Billy Ray Smith died this week at the age of 64, his family announced.
The family said Smith, a College Football Hall of Famer, ""faced [a] long journey with deme… [+2686 chars]",fox-news,Fox News
,Tim Robbins turns to ayahuasca after feeling 'consumed by anger' over cancel culture,Tim Robbins tells Joe Rogan how an ayahuasca ceremony helped him release years of frustration over cancel culture and political polarization.,https://www.foxnews.com/entertainment/tim-robbins-turns-ayahuasca-after-feeling-consumed-anger-over-cancel-culture,https://static.foxnews.com/foxnews.com/content/uploads/2026/07/tim-robbins-thumbnail.jpg,2026-07-30T19:10:27Z,"Oscar-winning actor Tim Robbins says an ayahuasca trip helped him break free from the anger he felt over America's deep divide.
Robbins revealed the psychedelic experience left him feeling ""complete… [+3704 chars]",fox-news,Fox News
,"Trump pushes F-35 sale to Turkey, but his own State Department says Erdoğan hasn't met legal requirements","A State Department letter to Congress confirms Turkey has not met legal conditions for the F-35, despite Trump's promise to lift sanctions on Ankara.",https://www.foxnews.com/politics/trump-pushes-f-35-sale-turkey-his-own-state-department-says-erdogan-hasnt-met-legal-requirements,https://static.foxnews.com/foxnews.com/content/uploads/2026/07/trump-f-35.jpg,2026-07-30T19:08:41Z,"President Donald Trump has opened the door to selling Turkey the U.S.' prized F-35 fighter jet, praising Turkish President Recep Tayyip Erdoan and promising to remove sanctions imposed over Ankaras p… [+7244 chars]",fox-news,Fox News
,Left-wing sports host Sarah Spain launches disgusting personal smear of Sophie Cunningham,"Sarah Spain attacked Sophie Cunningham's character on her ""Good Game"" podcast and dismissed her documented felony stalking case as complaining.",https://www.foxnews.com/outkick-sports/left-wing-sports-host-sarah-spain-launches-disgusting-personal-smear-sophie-cunningham,https://static.foxnews.com/foxnews.com/content/uploads/2026/07/sarah-spain-sophie-cunningham-wnba-indiana-fever.jpg,2026-07-30T19:05:14Z,"Sarah Spain wants everyone to know that she champions women.
She often refers to the NBA as the ""MNBA,"" an incredibly performative way to make sure listeners understand that the WNBA isnt some secon… [+15525 chars]",fox-news,Fox News
,"Andy Cohen blasts GOP senators over Fauci grilling, claims they were 'berating' him over 'imaginary crimes'","Andy Cohen accused Senate Republicans of a ""war on science"" after Anthony Fauci's heated hearing where he invoked the Fifth Amendment over 100 times.",https://www.foxnews.com/media/andy-cohen-blasts-gop-senators-fauci-grilling-claims-berating-imaginary-crimes,https://static.foxnews.com/foxnews.com/content/uploads/2024/01/2-How-Andy-Cohen-was-duped-by-a-bank-scam-that-cost-him-a-lot-of-money.jpg,2026-07-30T19:04:56Z,"Bravo host Andy Cohen accused Senate Republicans of waging a ""war on science"" Wednesday on ""Watch What Happens Live!"" after lawmakers grilled Dr. Anthony Fauci for more than three hours at a Washingt… [+3157 chars]",fox-news,Fox News
,"Save up to $1,000 on a new Samsung Galaxy or iPhone with these Verizon and Xfinity deals",Upgrade to a new phone for less with offers from Verizon and Xfinity. Save on phones and plans through the end of August.,https://www.foxnews.com/deals/verizon-xfinity-deals,https://static.foxnews.com/foxnews.com/content/uploads/2026/07/save-up-to-1000-on-a-new-samsung-galaxy-or-iphone-with-these-verizon-and-xfinity-deals.jpg,2026-07-30T19:03:00Z,"Ready for a new phone? Verizon and Xfinity are offering deals that can save you hundreds on your next upgrade. Whether you're looking for a discounted Samsung phone or the latest iPhone, you'll find … [+2577 chars]",fox-news,Fox News
,Zoe Saldaña says Taylor Sheridan 'really sees women' as Lioness season three hits Paramount+,"Zoe Saldaña praised Taylor Sheridan's ability to write complex women ahead of ""Lioness"" season three, pushing back on critics of his female characters.",https://www.foxnews.com/outkick-culture/zoe-saldana-taylor-sheridan-really-sees-women-lioness-season-three-paramount,https://static.foxnews.com/foxnews.com/content/uploads/2026/04/Taylor_Sheridan.jpeg,2026-07-30T18:59:56Z,"Zoe Saldaña is a big fan of the way Taylor Sheridan writes female characters.
Season three of ""Lioness"" starts this Sunday on Paramount+, and that means Saldaña is running it back as CIA operator Jo… [+2630 chars]",fox-news,Fox News
,Sen Darline Graham drops campaign video on heels of brother's funeral services amid tight primary timeline,"Sen. Darline Graham, the sister of the late Sen. Lindsey Graham, dropped a campaign video as she runs for U.S. Senate with President Donald Trump's endorsement.",https://www.foxnews.com/politics/sen-darline-graham-drops-campaign-video-heels-brothers-funeral-services-amid-tight-primary-timeline,https://static.foxnews.com/foxnews.com/content/uploads/2026/07/63d5a31a-darline-graham-july-14-2026.jpg,2026-07-30T18:55:20Z,"U.S. Sen. Darline Graham, R-S.C. the sister of the late Sen. Lindsey Graham, who died earlier this month posted a campaign video on Thursday in which she described herself as a ""conservative Republic… [+3354 chars]",fox-news,Fox News
,"'Worst of the Worst' judges are sabotaging Trump's immigration agenda, top DHS official says",DHS General Counsel James Percival names federal judges he says are engaging in judicial activism to block Trump's immigration and deportation agenda.,https://www.foxnews.com/politics/worst-worst-judges-sabotaging-trumps-immigration-agenda-top-dhs-official-says,https://static.foxnews.com/foxnews.com/content/uploads/2026/07/judges3.gif,2026-07-30T18:54:56Z,"DHS General Counsel James Percival says Americans deserve to know which federal judges are repeatedly blocking the Trump administration's immigration agenda, accusing a small group of district judges… [+7609 chars]",fox-news,Fox News
Fox News,"Fauci denies pushing lockdowns despite diary entry, families demand accountability | Fox News Video","Co-founder of Voices for Seniors Vivian Zayas, whose mother died in a nursing home during COVID, reacts to Fauci denying he recommended lockdowns directly contradicting his 2020 diary entry.",https://www.foxnews.com/video/6402479148112,https://a57.foxnews.com/cf-images.us-east-1.prod.boltdns.net/v1/static/694940094001/32779587-9493-407e-84a0-11091af2cd30/8edd4386-b955-4514-a4a0-03b448cb358e/1280x720/match/1024/512/image.jpg?ve=1&tl=1,2026-07-30T18:53:30Z,"©2026 Fox News Network, LLC. All rights reserved. This material may not be published, broadcast, rewritten, or redistributed. All market data delayed 20 minutes.",fox-news,Fox News
,Jimmy Hoffa's family marks 51 years since iconic disappearance,The FBI says the Jimmy Hoffa disappearance case remains active 51 years later as his family pushes for accountability in the unsolved cold case.,https://www.foxnews.com/us/jimmy-hoffa-family-marks-51-years-iconic-disappearance,https://static.foxnews.com/foxnews.com/content/uploads/2026/07/jimmy-hoffa-1974-abc-news-close-up.jpg,2026-07-30T18:49:31Z,"Jimmy Hoffa disappeared 51 years ago today, and his family has not given up hope that the answers to their painful loss will finally come.
""We want the case solved,"" Hoffa's son, James P. Hoffa, the… [+5933 chars]",fox-news,Fox News
,"WNBA admits controversial betting video featuring Angel Reese, Paige Bueckers 'missed the mark'","A deleted video shows Paige Bueckers and Angel Reese making a $400 wager on their own game, yet the WNBA dismisses it as simply lighthearted.",https://www.foxnews.com/outkick-sports/wnba-admits-controversial-betting-video-featuring-angel-reese-paige-bueckers-missed-mark,https://static.foxnews.com/foxnews.com/content/uploads/2026/07/bueckers-reese-2.jpg,2026-07-30T18:48:01Z,"The WNBA doesn't appear to be taking what could be a direct violation of its own anti-gambling policy very seriously whatsoever.
Ahead of Wednesday night's matchup between the Dallas Wings and Atlan… [+3596 chars]",fox-news,Fox News
,F1 boss invokes George Lucas while talking about how the series can appeal to new fans,"Stefano Domenicali says George Lucas advised him in Hungary that new F1 fans don't care how cars are driven, sparking debate about the sport's future.",https://www.foxnews.com/outkick-sports/f1-boss-invokes-george-lucas-talking-series-appeal-new-fans,https://static.foxnews.com/foxnews.com/content/uploads/2026/07/george-lucas-ferrari-garage.jpg,2026-07-30T18:47:12Z,"I'm a massive fan of George Lucas as a person. I grew up with the Star Wars prequels, and I like that, despite being a gazillionaire, he's still rocking the same flannels he always has.
The legendar… [+2925 chars]",fox-news,Fox News
,10-year-old boy's body pulled from New Jersey river as rescuers search for his sister,A 10-year-old boy's body was recovered from the Passaic River as search and rescue teams race to find his missing sister amid high storm waters.,https://www.foxnews.com/us/10-year-old-boys-body-pulled-new-jersey-river-rescuers-search-sister,https://static.foxnews.com/foxnews.com/content/uploads/2026/07/NJSP_Passaic.jpg,2026-07-30T18:44:16Z,"Rescuers in New Jersey are still searching for a 10-year-old girl after finding her 10-year-old brother's body in the Passaic River late Wednesday night, Passaic Mayor Hector Lora told reporters.
'R… [+1458 chars]",fox-news,Fox News
,Bodycam shows Los Angeles County deputy stabbed seconds after arriving at knife attack,Body camera and surveillance footage shows Robert Castro stabbing a deputy within seconds of arrival before officers opened fire in Lancaster.,https://www.foxnews.com/us/bodycam-shows-los-angeles-county-deputy-stabbed-seconds-arriving-knife-attack,https://static.foxnews.com/foxnews.com/content/uploads/2026/07/LA-County-Stabbing-003.jpg,2026-07-30T18:41:19Z,"Newly released body camera and surveillance footage shows a Los Angeles County sheriff's deputy being stabbed within seconds of arriving at a call about an armed man before deputies opened fire, fata… [+2998 chars]",fox-news,Fox News
,"Older adults taking 5 or more prescription drugs face higher risk of death, study finds","Each additional prescription medication was linked to a 7% increase in death risk among older adults, raising urgent questions about deprescribing.",https://www.foxnews.com/health/older-adults-taking-5-or-more-prescription-drugs-face-higher-risk-death-study-finds,https://static.foxnews.com/foxnews.com/content/uploads/2026/07/person-pouring-medication-hand.jpg,2026-07-30T18:34:52Z,"Older adults who take five or more prescription medications face a significantly higher risk of death compared to those taking fewer drugs, according to a study published in the Journal of the Americ… [+3147 chars]",fox-news,Fox News
,Savannah Bananas stars trade baseball dreams for kids' smiles: 'Exactly where God put me',"Savannah Bananas stars Reese Alexiades and DR Meadows open up about their unlikely baseball journeys, inspiring kids and why Alexiades says it's ""exactly where God put me.""",https://www.foxnews.com/sports/savannah-bananas-stars-trade-baseball-dreams-kids-smiles-exactly-where-god-put-me,https://static.foxnews.com/foxnews.com/content/uploads/2026/07/bananas-dairy-queen-72926.png,2026-07-30T18:19:52Z,"Reese Alexiades and DR Meadows had baseball dreams just like the rest of us getting to the major leagues. But their journeys took them on a route unimaginable even less than five years ago.
Alexiade… [+3898 chars]",fox-news,Fox News
,"White House blasts Spanish government as thousands of migrants surge from Morocco, emergency request denied",Video captured thousands of migrants stampeding through Ceuta as Spain's government denies the enclave president's request for a national emergency.,https://www.foxnews.com/world/white-house-blasts-spanish-government-thousands-migrants-surge-from-morocco-emergency-request-denied,https://static.foxnews.com/foxnews.com/content/uploads/2026/07/spain-migration.gif,2026-07-30T18:19:05Z,"The White House bashed Spain's left-wing government after the border between Spain's North African enclave of Ceuta and Morocco collapsed Thursday. 
""President Trump has long warned Europe what woul… [+4295 chars]",fox-news,Fox News
,Eagles coach Vic Fangio mocks Anthony Fauci's Senate hearing spectacle during his own press conference,Vic Fangio joked about taking the Fifth Amendment like Anthony Fauci during his Eagles press conference after watching parts of the Senate hearing.,https://www.foxnews.com/outkick-sports/eagles-coach-vic-fangio-mocks-anthony-fauci-senate-hearing-spectacle-press-conference,https://static.foxnews.com/foxnews.com/content/uploads/2021/01/Fauci.jpg,2026-07-30T18:05:28Z,"The start of any NFL training camp is a life-consuming experience that leaves participants with little time for anything else, but Philadelphia Eagles coach Vic Fangio showed Thursday he can still ke… [+2524 chars]",fox-news,Fox News
,Pentagon fires back after Mark Kelly accuses Pete Hegseth of targeting women and Black military officers,"The Department of War rejected Sen. Mark Kelly's claims that Pete Hegseth targeted women and Black officers, citing merit-based promotion policies.",https://www.foxnews.com/media/pentagon-fires-back-after-mark-kelly-accuses-pete-hegseth-targeting-women-black-military-officers,https://static.foxnews.com/foxnews.com/content/uploads/2026/02/mark-kelly-hegseth-censure-court.jpg,2026-07-30T21:59:04Z,"The Department of War (DoW) rejected Sen. Mark Kelly's allegations Thursday that War Secretary Pete Hegseth targeted women and Black military officers because of their identities. 
In a statement to… [+3647 chars]",fox-news,Fox News
,"Former Auburn two-way star Bobby Hunt, Chiefs Super Bowl I starter, dead at 85",Bobby Hunt led the AFL with 10 interceptions the year he started at safety for the Kansas City Chiefs in their Super Bowl I loss to Green Bay.,https://www.foxnews.com/sports/former-auburn-two-way-star-bobby-hunt-chiefs-super-bowl-starter-dead-85,https://static.foxnews.com/foxnews.com/content/uploads/2026/07/Bobby-Hunt-Auburn-football.jpg,2026-07-30T21:55:04Z,"Bobby Hunt, a former do-it-all football standout for the Auburn Tigers, has died. He was 85.
The Alabama Sports Hall of Fame, which inducted Hunt in 2015, confirmed his death. ""Our thoughts and pray… [+1687 chars]",fox-news,Fox News
,"WNBA faces growing Sophie Cunningham movement as new rallies are set for Fever games in Oregon, Minnesota",Rallies supporting Sophie Cunningham are planned outside WNBA arenas in Portland and Minneapolis after a chaotic Seattle game sparked national debate.,https://www.foxnews.com/outkick-sports/wnba-faces-growing-sophie-cunningham-movement-rallies-set-fever-games-oregon-minnesota,https://static.foxnews.com/foxnews.com/content/uploads/2026/07/sophie-cunningham-indiana-fever-seattle-storm.jpg,2026-07-30T21:55:02Z,"""Sophie Night"" is coming to Democratic strongholds this weekend.
Upcoming WNBA games in Portland, Oregon, and Minneapolis, Minnesota, will feature rallies outside the arenas in support of Indiana Fe… [+7105 chars]",fox-news,Fox News
,President Trump pushes lawmakers on legislation as 'Protect College Sports Act' hangs on by a thread,"Conference realignment caps, tampering penalties, and a $22.5 million retention pool were among the major sticking points in Senate negotiations.",https://www.foxnews.com/sports/president-trump-pushes-lawmakers-legislation-protect-college-sports-act-hangs-thread,https://static.foxnews.com/foxnews.com/content/uploads/2026/02/trump-throws-football-scaled.jpg,2026-07-30T21:33:47Z,"It was always going to be an uphill battle to pass the Protect College Sports Act, and now the process is at a crossroads that has gotten the attention of President Donald Trump.
Following negotiati… [+4908 chars]",fox-news,Fox News
,Trump Education Department probes school after teacher allegedly required same-sex students to kiss,The Trump administration opened a federal investigation into Denver Public Schools after a teacher allegedly required same-sex students to kiss in class.,https://www.foxnews.com/media/trump-education-department-probes-school-teacher-allegedly-required-same-sex-students-kiss,https://static.foxnews.com/foxnews.com/content/uploads/2026/06/Denver-Public-Schools-building.jpeg,2026-07-30T21:32:03Z,The Trump administration has opened a federal investigation into Denver Public Schools after allegations that a high school teacher required students of the same sex to kiss as part of a classroom as… [+6143 chars],fox-news,Fox News
,ABC accuses FCC of 'retaliation' as federal agency threatens to revoke Disney's broadcasting licenses,"ABC accuses the FCC of retaliation over Jimmy Kimmel's jokes about President Trump, calling the early license renewal of eight Disney-owned stations punitive.",https://www.foxnews.com/media/abc-accuses-fcc-retaliation-federal-agency-threatens-revoke-disney-broadcasting-licenses,https://static.foxnews.com/foxnews.com/content/uploads/2026/03/brendan-carr-fcc-media-fox-news-2.jpg,2026-07-30T21:30:00Z,"ABC submitted a scathing filing to the Federal Communications Commission
 (FCC) on Wednesday in opposition to petitions to deny its stations' license renewals.
FCC Chairman Brendan Carr called the … [+4955 chars]",fox-news,Fox News
,Gilgo Beach killer's family says harassment never stops after masked duo pounds on their door: attorney,Video shows two masked individuals banging on Rex Heuermann's Massapequa Park porch before fleeing as ex-wife Asa Ellerup and her children were inside.,https://www.foxnews.com/us/gilgo-beach-killer-family-says-harassment-never-stops-masked-duo-pounds-door-attorney,https://static.foxnews.com/foxnews.com/content/uploads/2026/07/Masked-men.jpg,2026-07-30T21:23:31Z,"Just over a month after Gilgo Beach serial killer Rex Heuermann was sentenced to the max sentence for murdering eight women between 1993 and 2010, two masked individuals were seen banging on his Mass… [+1927 chars]",fox-news,Fox News
,"If you believe Alabama wasn't recruiting Jeremiah Smith, you don't understand recruiting","Jeremiah Smith claimed Alabama wasn't recruiting him, but evidence shows Nick Saban offered him in 2022 after an unofficial visit to Tuscaloosa.",https://www.foxnews.com/outkick-sports/believe-alabama-wasnt-recruiting-jeremiah-smith-dont-understand-recruiting,https://static.foxnews.com/foxnews.com/content/uploads/2025/11/jeremiah-smith-ohio-state.jpg,2026-07-30T21:18:49Z,"College football recruiting has gone from a niche subset of the sport to something that has taken on a life of its own.
Just a few short decades ago, if you wanted to follow recruiting you almost ha… [+4879 chars]",fox-news,Fox News
,Packers great running back Ahman Green reveals early-onset Parkinson's diagnosis,"Ahman Green revealed his early-onset Parkinson's diagnosis on a podcast, detailing symptoms his wife first noticed after his NFL retirement in 2009.",https://www.foxnews.com/sports/packers-great-running-back-ahman-green-reveals-early-onset-parkinsons-diagnosis,https://static.foxnews.com/foxnews.com/content/uploads/2026/07/ahman-green-memorial-stadium-nebraska.jpg,2026-07-30T21:15:10Z,"Former Green Bay Packers running back Ahman Green, who made four Pro Bowls with the franchise during his eight-year tenure, has been diagnosed with Parkinsons disease.
Green made the announcement on… [+2569 chars]",fox-news,Fox News
,James Talarico doesn't drive his own truck in viral Texas campaign ad featuring Dodge Ram,James Talarico’s campaign confirmed on Thursday that the truck he’s driving in a viral advertisement doesn’t belong to the Democratic Texas Senate candidate.,https://www.foxnews.com/media/james-talarico-doesnt-drive-his-own-truck-viral-texas-campaign-ad-featuring-dodge-ram,https://static.foxnews.com/foxnews.com/content/uploads/2026/05/james-talarico-houston-rally.png,2026-07-30T21:00:10Z,"Democratic Texas Senate candidate James Talaricos campaign confirmed on Thursday that the truck he drove in a viral advertisement doesnt belong to him. 
Talarico has previously revealed that he owns… [+2975 chars]",fox-news,Fox News
,"US Olympian Lolo Jones accuses USOPC, USA Bobsled for 'nearly paralyzing' her over mistreated injuries",Lolo Jones says the USOPC and USA Bobsled nearly paralyzed her by denying medical treatment for a broken back before the 2025 World Championships.,https://www.foxnews.com/sports/us-olympian-lolo-jones-accuses-usopc-usa-bobsled-nearly-paralyzing-mistreated-injuries,https://static.foxnews.com/foxnews.com/content/uploads/2024/07/Lolo-Jones-Winter-Olympics.jpg,2026-07-30T20:53:22Z,"U.S. Olympian and world champion track star and bobsledder Lolo Jones says the United States Olympic &amp; Paralympic Committee (USOPC) and USA Bobsled ""risk[ed] permanent paralysis"" after mistreatin… [+2897 chars]",fox-news,Fox News
,Angry cruise passengers blast major line over surprise daily gratuity hike,Celebrity Cruises raised its automatic gratuity charges by $1.50 per person per day. Some angry passengers are threatening to remove their payment of the fees and tip in cash.,https://www.foxnews.com/travel/angry-cruise-passengers-blast-major-line-surprise-daily-gratuity-hike,https://static.foxnews.com/foxnews.com/content/uploads/2026/07/celebrity-eclipse-canada-place-vancouver.jpg,2026-07-30T20:50:43Z,"Passengers of Celebrity Cruises are pushing back after the cruise line raised its automatic gratuity charges with little notice, with some guests threatening to remove their payment of the fees altog… [+2752 chars]",fox-news,Fox News
,World Series champion Joe Giradi reveals the two major things impacting the trade deadline,World Series champion Joe Girardi talked to Fox News Digital about the impact the additional postseason spots and the expiration of the CBA will have on the MLB trade deadline.,https://www.foxnews.com/sports/world-series-champion-joe-girardi-reveals-two-major-things-impacting-trade-deadline,https://static.foxnews.com/foxnews.com/content/uploads/2026/07/joe-girardi-salutes-yankee-stadium-old-timers-day.jpg,2026-07-30T20:50:14Z,"One of the busiest and most exciting times of Major League Baseballs season is rapidly approaching: the trade deadline.
This years trade deadline is set for Aug. 3 at 6 p.m. ET, with plenty of conte… [+4253 chars]",fox-news,Fox News
,'Disrespected' Baker Mayfield warns Buccaneers 'it's only going to get worse' after failed contract talks,"Baker Mayfield says he feels ""disrespected"" and ""undervalued"" by the Tampa Bay Buccaneers after contract negotiations ended without a long-term deal.",https://www.foxnews.com/sports/disrespected-baker-mayfield-warns-buccaneers-only-going-get-worse-failed-contract-talks,https://static.foxnews.com/foxnews.com/content/uploads/2025/09/nfl-bucs-baker-mayfield-091825-2.jpg,2026-07-30T20:49:19Z,"Baker Mayfield used the word ""disrespected"" and phrases such as ""very disappointed to say the least"" and ""undervalued after thinking you've earned it,"" so it's pretty obvious the team's starting quar… [+3759 chars]",fox-news,Fox News
,Reality TV stars clash over what really destroyed their marriage after shocking bedroom confession,"Amanda Batula revealed sex disappeared from her marriage to Kyle Cooke years before their split, citing his Loverboy obsession and lack of dates.",https://www.foxnews.com/entertainment/reality-tv-stars-clash-what-destroyed-marriage-shocking-bedroom-confession,https://static.foxnews.com/foxnews.com/content/uploads/2026/07/amanda-batula-kyle-cooke-summer-house-reunion.jpg,2026-07-30T20:48:06Z,"Amanda Batula shed new light on the intimacy issues that plagued the reality TV star's marriage to Kyle Cooke, revealing the estranged couple's sex life all but disappeared years before they split.
… [+2990 chars]",fox-news,Fox News
,'The irony': Ketanji Brown Jackson roasted after stressing impartiality on Michelle Obama's podcast,"Ketanji Brown Jackson told Michelle Obama's ""IMO"" podcast she is ""very, very mindful"" of impartiality, sparking swift mockery over the perceived irony.",https://www.foxnews.com/politics/irony-ketanji-brown-jackson-roasted-stressing-impartiality-michelle-obama-podcast,https://static.foxnews.com/foxnews.com/content/uploads/2026/07/ketanji-brown-jackson-michelle-obama.png,2026-07-30T20:42:52Z,"Supreme Court Justice Ketanji Brown Jackson is being mocked online over the ""irony"" of saying she is ""very, very mindful and scrupulous"" about being impartial during a guest appearance on former firs… [+2894 chars]",fox-news,Fox News
,NBA will not travel to the Middle East this preseason due to war: report,"The NBA held preseason games in Abu Dhabi for four consecutive years, but the ongoing war overseas will reportedly halt the league's Middle East plans.",https://www.foxnews.com/sports/nba-will-not-travel-middle-east-preseason-due-war-report,https://static.foxnews.com/foxnews.com/content/uploads/2026/07/philadelphia-76ers-new-york-knicks-abu-dhabi.jpg,2026-07-30T20:41:59Z,"The NBA has played preseason games in the Middle East for four consecutive years, but the league will not be traveling there this year.
According to ESPN, the ongoing war overseas will halt the leag… [+1494 chars]",fox-news,Fox News
,"Trump administration probes Minnesota over 'transgender dolls' in schools, but state disputes story","The Trump administration launched a federal probe into Minnesota's use of ""MyGender Dolls"" in classrooms, but Tim Walz's office says no such program is being implemented.",https://www.foxnews.com/media/trump-admin-probes-minnesota-over-transgender-dolls-schools-state-disputes-story,https://static.foxnews.com/foxnews.com/content/uploads/2026/03/walz-hearing.jpg,2026-07-30T20:32:20Z,"The Trump administration is threatening to strip federal funding from the Minnesota Department of Education (MDE) as part of a federal investigation into reports that ""transgender dolls"" are being in… [+5479 chars]",fox-news,Fox News
,"Cheating wife exposed by underpaid babysitter, 43-year age gap couple busted at the pool & dating your crush","A babysitter's confession, a 43-year age gap hookup at a Waco pool, and Justin Herbert and Madison Beer's engagement highlight this week's romance roundup.",https://www.foxnews.com/outkick-culture/cheating-wife-exposed-underpaid-babysitter-43-year-age-gap-couple-busted-pool-dating-crush,https://static.foxnews.com/foxnews.com/content/uploads/2026/07/underpaid-babysitter-exposes-cheating-wife.jpg,2026-07-30T20:31:27Z,"It's been a long week, but not long enough too keep me from filing another True Romance. I always have the energy, even if some weeks require more coffee than others, for our weekly strolls through t… [+12096 chars]",fox-news,Fox News
,Social media reacts to Red Wings awkwardly wishing Dylan Larkin a happy birthday after he requested a trade,Dylan Larkin's birthday post drew awkward fan reactions as the Detroit Red Wings captain's trade request looms over the struggling franchise.,https://www.foxnews.com/outkick-sports/social-media-reacts-red-wings-awkwardly-wishing-dylan-larkin-happy-birthday-requested-trade,https://static.foxnews.com/foxnews.com/content/uploads/2026/07/dylan-larkin-birthday.jpg,2026-07-30T20:27:05Z,"It's a weird time for the Detroit Red Wings. They haven't been to the postseason in a decade, they're between GMs, and their home-grown captain Dylan Larkin has asked for a trade.
And if that wasn't… [+1935 chars]",fox-news,Fox News
,Trump promotes Freedom Haulers Initiative to fast-track military veterans into trucking jobs,"President Trump's Freedom Haulers Initiative streamlines CDL licensing for military veterans while removing over 24,000 non-English-speaking commercial drivers.",https://www.foxnews.com/politics/trump-promotes-freedom-haulers-initiative-fast-track-military-veterans-trucking-jobs,https://static.foxnews.com/foxnews.com/content/uploads/2026/07/donald-trump-freedomhaulers-event.jpg,2026-07-30T20:09:48Z,President Donald Trump on Thursday formally kicked off an administration initiative designed to fast-track military veterans into trucking jobs while removing illegal immigrant commercial drivers fro… [+3893 chars],fox-news,Fox News
,Virginia university says feds did not disclose student’s terror conviction before attack,An ODU report says federal officials never alerted the university that a returning student had been convicted of supporting ISIS before the deadly ROTC classroom shooting.,https://www.foxnews.com/us/virginia-university-says-feds-did-not-disclose-students-terror-conviction-before-attack,https://static.foxnews.com/foxnews.com/content/uploads/2026/03/mohamed-bailor-jalloh-odu-shooting_03.jpg,2026-07-30T20:01:55Z,The Virginia university where a student with a prior ISIS-related conviction carried out a deadly terror attack in March said federal officials did not notify the school about his criminal history be… [+4783 chars],fox-news,Fox News
,Virginia university report finds officials did not disclose student’s terror conviction,An ODU report says federal officials never alerted the university that a returning student had been convicted of supporting ISIS before the deadly ROTC classroom shooting.,https://www.foxnews.com/us/virginia-university-report-finds-officials-did-not-disclose-students-terror-conviction,https://static.foxnews.com/foxnews.com/content/uploads/2026/03/mohamed-bailor-jalloh-odu-shooting_03.jpg,2026-07-30T20:01:55Z,An independent investigation into the deadly March terror attack at Old Dominion University (ODU) found that federal officials never warned the school that the returning student behind the shooting h… [+4741 chars],fox-news,Fox News
,Washington Capitals star Alex Ovechkin crashes a couple's wedding photo shoot on a hotel staircase,Video captures Alex Ovechkin casually strolling into a couple's wedding photo shoot in Saint Petersburg with a CCM hockey stick in his hands.,https://www.foxnews.com/outkick-sports/washington-capitals-star-alex-ovechkin-crashes-couples-wedding-photo-shoot-hotel-staircase,https://static.foxnews.com/foxnews.com/content/uploads/2026/07/oechkin-match-of-the-year.jpg,2026-07-30T23:52:05Z,"When couples take wedding pictures, they usually want to get as many as they can of just the two of them.
But, on the off chance an NHL legend happens to come wandering through the frame, well, you … [+1772 chars]",fox-news,Fox News
,Chiefs coordinator Eric Bieniemy's son won't face court until mental health evaluation after shooting mother,Elijah Bieniemy's public defender argues he suffers from significant mental health issues after allegedly shooting his mother Mia at their Ashburn home.,https://www.foxnews.com/sports/chiefs-coordinator-eric-bieniemy-son-wont-face-court-until-mental-health-evaluation-after-shooting-mother,https://static.foxnews.com/foxnews.com/content/uploads/2026/07/Bieniemy-Mugshot.jpg,2026-07-30T23:51:26Z,"Elijah Bieniemy, the son of Kansas City Chiefs offensive coordinator Eric Bieniemy, wont make a court appearance until he has completed a mental-health competency evaluation, court records show.
The… [+2313 chars]",fox-news,Fox News
,Father who bought AR-15 for Georgia school shooter learns fate in first-of-its-kind conviction,Colin Gray received 15 years after a jury found he gave his son the AR-15 used in the Apalachee High School shooting despite mental health warnings.,https://www.foxnews.com/us/father-who-bought-ar-15-georgia-school-shooter-learns-fate-first-of-its-kind-conviction,https://static.foxnews.com/foxnews.com/content/uploads/2026/07/Colin-Gray-Georgia-sentencing.jpg,2026-07-30T23:22:57Z,"Colin Gray, the father of Apalachee High School shooter Colt Gray, was sentenced Thursday to 15 years in prison after a Georgia judge said he ""failed as a parent"" by ignoring escalating warning signs… [+3728 chars]",fox-news,Fox News
,Carville says one democratic socialist's 'lunacy of the highest level' policy could haunt swing state Dems,James Carville warns that democratic socialist candidates in Michigan and Wisconsin primaries could taint the entire Democratic Party's image nationally.,https://www.foxnews.com/media/carville-democratic-socialist-lunacy-highest-level-policy-haunt-swing-state-dems,https://static.foxnews.com/foxnews.com/content/uploads/2025/12/james-carville-sits-at-event.png,2026-07-30T23:15:04Z,"Veteran Democratic strategist James Carville warned on Thursday that far-left candidates winning elections are a liability for the party at the national level.
A wave of democratic socialist candida… [+4114 chars]",fox-news,Fox News
,Former LSU star Demetrius Byrd arrested after allegedly pulling knife on bus: 'Who wants to die?',Former LSU wide receiver Demetrius Byrd faces an aggravated assault with a deadly weapon charge after allegedly brandishing a blade on a Miami bus.,https://www.foxnews.com/sports/former-lsu-star-demetrius-byrd-arrested-allegedly-pulling-knife-bus-who-wants-die,https://static.foxnews.com/foxnews.com/content/uploads/2026/07/demetrius-byrd-73026.jpg,2026-07-30T23:14:10Z,"A college football hero is in jail after allegedly posing a serious threat on a bus in Miami.
Former LSU wide receiver Demetrius Byrd was arrested after allegedly getting into a heated argument with… [+1309 chars]",fox-news,Fox News
,Jessica Simpson celebrates turning 46 in bikini as she admits her children have never seen her perform,"Jessica Simpson shared a bikini selfie while tanning on her 46th birthday, staying true to her self-described identity as a lifelong ""sun lover.""",https://www.foxnews.com/entertainment/jessica-simpson-celebrates-turning-46-bikini-admits-children-never-seen-perform,https://static.foxnews.com/foxnews.com/content/uploads/2026/07/jessica-simpson-summer-pap.jpg,2026-07-30T22:59:23Z,"Jessica Simpson celebrated 46 exactly how a self-described ""sun lover"" would.
The singer marked the occasion with a close-up selfie showing her tanning in a black-and-white polka-dot bikini, simply … [+3387 chars]",fox-news,Fox News
,Hamas agrees to complete disarmament under 'historic' Gaza agreement: Trump,President Donald Trump announced what he called a historic agreement to completely disarm Hamas and other armed groups in Gaza as part of a broader peace initiative.,https://www.foxnews.com/politics/hamas-agrees-complete-disarmament-historic-gaza-agreement-trump,https://static.foxnews.com/foxnews.com/content/uploads/2026/06/trump-speaks-at-a-podium.jpg,2026-07-30T22:43:46Z,"President Donald Trump on Thursday announced a historic agreement for the complete disarmament of Hamas and all other armed groups in Gaza.
The diplomatic breakthrough was brokered by the Board of P… [+789 chars]",fox-news,Fox News
,Sean Payton wipes away tears after Drew Brees asks him for incredible Hall of Fame honor,A FaceTime call from Drew Brees left Denver Broncos coach Sean Payton in tears after the quarterback asked him to present at his Hall of Fame induction.,https://www.foxnews.com/sports/sean-payton-wipes-away-tears-drew-brees-asks-incredible-hall-fame-honor,https://static.foxnews.com/foxnews.com/content/uploads/2026/07/drew-brees-sean-payton-73026.jpg,2026-07-30T22:40:31Z,"Sean Payton may no longer be with the New Orleans Saints, but his ties there still run deep.
Payton is now with the Denver Broncos, but a FaceTime call from an old friend in The Big Easy got him emo… [+1365 chars]",fox-news,Fox News
,Hiker's unexplained death exposes deadly alcohol withdrawal risk many don't recognize,"Alcohol withdrawal seizures can strike 24 to 48 hours after the last drink, turning wilderness settings into life-threatening traps for heavy drinkers.",https://www.foxnews.com/health/hikers-unexplained-death-exposes-deadly-alcohol-withdrawal-risk-many-dont-recognize,https://static.foxnews.com/foxnews.com/content/uploads/2026/07/woman-hiker-from-behind.jpg,2026-07-30T22:38:26Z,"When hiker Joanna Ruth Shields, 37, was found dead near Sykes Hot Springs in Californias Ventana Wilderness, initial speculation pointed to foul play, according to a press release from the Monterey C… [+3468 chars]",fox-news,Fox News
,Saints lock up Chris Olave with 4-year extension worth $132M after training camp hold-in,"Chris Olave's $132 million extension makes him one of the NFL's highest-paid receivers, surpassing Michael Thomas' record Saints deal from 2019.",https://www.foxnews.com/sports/saints-lock-chris-olave-4-year-extension-worth-132m-training-camp-hold-in,https://static.foxnews.com/foxnews.com/content/uploads/2026/07/chris-olave-saints-touchdown-nashville.jpg,2026-07-30T22:35:18Z,"New Orleans Saints star receiver Chris Olave agreed to a four-year extension worth $132 million with $90 million guaranteed, sources confirmed to OutKicks Armando Salguero.
Olave was set to play the… [+2424 chars]",fox-news,Fox News
,Schiff-backed candidate abruptly ends gubernatorial campaign amid rumblings of a damaging report,"Mandela Barnes suspended his Wisconsin governor campaign amid a crowded Democratic primary, leaving Francesca Hong and David Crowley as major contenders.",https://www.foxnews.com/politics/schiff-backed-candidate-abruptly-ends-gubernatorial-campaign-rumblings-damaging-report,https://static.foxnews.com/foxnews.com/content/uploads/2025/12/mandela-barnes.png,2026-07-30T22:33:35Z,"Mandela Barnes, who served as Lt. Governor of Wisconsin from 2019 to 2023, suspended his gubernatorial campaign on Thursday, citing a lack of support to capture the Democratic Party nomination.
""Its… [+3056 chars]",fox-news,Fox News
,Toddler's tragic death sparks manslaughter charges after alleged poisoning,"Police say the toddler's lips turned blue and she suffered a seizure after ingesting kratom pills, but neither adult called 911 or sought medical care.",https://www.foxnews.com/us/toddlers-tragic-death-sparks-manslaughter-charges-after-alleged-poisoning,https://static.foxnews.com/foxnews.com/content/uploads/2026/07/florida-kratom-toddler-death-jerome-jordan-charlene-oconnell-arrests.jpg,2026-07-30T22:24:06Z,"A Florida father and the mother of his children are behind bars after police said they failed to seek emergency care when a 2-year-old girl turned blue, suffered a seizure and began breathing abnorma… [+3189 chars]",fox-news,Fox News
,Indiana's Curt Cignetti roasts the SEC as ESPN starts their promotional campaign already: 'we don't whine',"Curt Cignetti fired back at SEC coaches and Greg Sankey at Big Ten media days, calling out the hype machine around strength of schedule excuses.",https://www.foxnews.com/outkick-sports/indianas-curt-cignetti-roasts-sec-espn-starts-promotional-campaign-dont-whine,https://static.foxnews.com/foxnews.com/content/uploads/2026/01/indiana-curt-cignetti-011926-1.jpg,2026-07-30T22:20:19Z,"The 2026 college football season hasn't even started, and the war of words and messaging is already ramping up.
The SEC this year moves to nine conference games, a large shift that will necessarily … [+4945 chars]",fox-news,Fox News
,Chris Hemsworth shares terrifying footage from 'crazy' plane ride through lightning and severe turbulence,"Video from Chris Hemsworth's Costa Rica family vacation captures a terrifying lightning storm mid-flight that he called a ""crazy"" moment.",https://www.foxnews.com/entertainment/chris-hemsworth-shares-terrifying-footage-crazy-plane-ride-lightning-severe-turbulence,https://static.foxnews.com/foxnews.com/content/uploads/2026/07/chris-hemsworth-3.jpg,2026-07-30T22:15:11Z,"Chris Hemsworth's latest family vacation took a frightening turn when the actor found himself aboard a small plane caught in the middle of a lightning storm.
On Wednesday, the ""Thor"" star, 42, captu… [+2793 chars]",fox-news,Fox News
,NFL legend Rob Gronkowski has simple advice for Caitlin Clark: 'Keep shutting up the haters',NFL legend Rob Gronkowski has high praise and simple advice for Caitlin Clark as the discourse around the Indiana Fever star has continued to rage on.,https://www.foxnews.com/sports/nfl-legend-rob-gronkowski-simple-advice-caitlin-clark-keep-shutting-up-haters,https://static.foxnews.com/foxnews.com/content/uploads/2026/07/rob-gronkowski-afc-divisional-playoff-patriots.jpg,2026-07-30T22:15:10Z,"NFL legend Rob Gronkowski has high praise and some simple advice for Caitlin Clark: ""Keep shutting up the haters"" with her play.
Amid the rampant discourse about Clark that has dominated the interne… [+3070 chars]",fox-news,Fox News
Victoria Balara,Fox News poll shows Talarico leads Ken Paxton in Texas Senate race,Ken Paxton trails James Talarico by 3 points in the Texas Senate race as character concerns and a GOP unity gap reshape the 2026 midterm battle.,https://www.foxnews.com/politics/fox-news-poll-gop-divisions-shape-texas-senate-race,https://static.foxnews.com/foxnews.com/content/uploads/2026/07/talaric-paxton-split.jpg,2026-07-30T22:06:57Z,"President Donald Trump won the Lone Star state by nearly 14 percentage points in 2024, but a new Fox News Poll of Texas registered voters suggests this year's Senate race is far less settled. Republi… [+6300 chars]",fox-news,Fox News
,Washington school district reviewing incident of employee making celebratory remark about Charlie Kirk's death,The Lake Washington School District says it launched a review after viral video captured a staff member apparently celebrating Charlie Kirk's assassination.,https://www.foxnews.com/media/washington-school-district-reviewing-incident-employee-making-celebratory-remark-about-charlie-kirks-death,https://static.foxnews.com/foxnews.com/content/uploads/2025/09/charlie-kirk-killed-tpusa-fox-news.jpg,2026-07-30T22:00:11Z,A Washington school district says it has launched a review after a woman identified online as a high school nurse appeared in a confrontation that went viral this week about Turning Point USA founder… [+3698 chars],fox-news,Fox News
