author,title,description,url,urlToImage,publishedAt,content,source.id,source.name
,4-year-old dies after suffering electrical shock from clothes dryer inside Kansas home,Authorities say the 4-year-old suffered an apparent electrical shock from a 220v clothes dryer while playing inside a southeastern Kansas home.,https://www.foxnews.com/us/4-year-old-dies-suffering-electrical-shock-clothes-dryer-kansas-home,https://static.foxnews.com/foxnews.com/content/uploads/2026/08/laundry-kids.jpg,2026-08-12T01:53:24Z,"A 4-year-old child died in a ""tragic accident"" last Thursday after being electrocuted by a clothes dryer, according to Kansas officials.
The incident happened in Savonburg, Kansas, while the child w… [+1782 chars]",fox-news,Fox News
,Republican survives primary on Tim Walz's old congressional turf as Dems eye seat flip,Brad Finstad faced challengers Gregory Goetzman and Oliver Morlan in the Minnesota 1st Congressional District Republican primary on Tuesday.,https://www.foxnews.com/politics/republican-survives-primary-tim-walz-old-congressional-turf-dems-eye-seat-flip,https://static.foxnews.com/foxnews.com/content/uploads/2026/01/walz-homan.jpg,2026-08-12T01:52:19Z,"Republican voters in Minnesota chose their incumbent representative in the U.S. House as their nominee in the race for the state's 1st Congressional District.
Finstad faced off with Gregory Goetzman… [+2488 chars]",fox-news,Fox News
,Failed presidential candidate wins Dem primary for Midwest governor amid fraud scandal fallout,Amy Klobuchar defeated long-shot challengers in the Democratic-Farmer-Labor Party primary as she seeks to replace Tim Walz amid a $9 billion fraud scandal.,https://www.foxnews.com/politics/failed-presidential-candidate-wins-dem-primary-midwest-governor-fraud-scandal-fallout,https://static.foxnews.com/foxnews.com/content/uploads/2026/01/amy-klobuchar-on-campaign-trail.jpg,2026-08-12T01:32:50Z,"Sen. Amy Klobuchar, D-Minn., has won the Democratic nomination for governor of Minnesota as she continues her bid to replace outgoing Gov. Tim Walz, who dropped out of his re-election bid in the mids… [+2664 chars]",fox-news,Fox News
,White House asks DOJ to consider new prosecution in Reflecting Pool case,Officials are exploring a misdemeanor prosecution in the Lincoln Memorial pool case after prosecutors moved to drop the felony charge against Olympic canoeist David Hearn.,https://www.foxnews.com/politics/white-house-asks-doj-consider-new-prosecution-reflecting-pool-case,https://static.foxnews.com/foxnews.com/content/uploads/2026/08/trump-pirro-swearing-in-oval-office.jpg,2026-08-12T01:26:52Z,White House officials have asked the Department of Justice (DOJ) to explore whether it would be possible to pursue a new prosecution against the man accused of vandalizing the newly renovated Lincoln… [+3457 chars],fox-news,Fox News
,Trump’s ‘firewall’ against socialism in battleground state punches ticket to election,Tom Tiffany wins the GOP gubernatorial nomination in Wisconsin and is expected to face Democratic Socialist Francesca Hong in November's election.,https://www.foxnews.com/politics/trumps-pick-forge-firewall-against-socialism-battleground-punches-ticket-november,https://static.foxnews.com/foxnews.com/content/uploads/2025/09/tom-tiffany.jpg,2026-08-12T01:25:11Z,"Rep. Tom Tiffany is one step closer to capturing the governor's mansion in battleground Wisconsin for the Republican Party.
Tiffany, a hard-right member of the House Freedom Caucus who is backed by … [+2394 chars]",fox-news,Fox News
,Private equity company Apollo agrees to finance deal with New York Yankees organization for $2.6 billion,Apollo Sports Capital's $2.6 billion investment in the New York Yankees signals private equity's rapidly growing influence in Major League Baseball.,https://www.foxnews.com/outkick-sports/private-equity-company-apollo-agrees-finance-deal-new-york-yankees-organization-2-6-billion,https://static.foxnews.com/foxnews.com/content/uploads/2023/06/GettyImages-1451093814-copy.jpg,2026-08-12T00:57:41Z,"Well, it's here, private equity has entered the world of Major League Baseball.
Private equity has long yearned to make inroads into the growing and increasingly lucrative world of sports, including… [+2800 chars]",fox-news,Fox News
,‘Twilight’ star Kellan Lutz traded California for Tennessee land and Bible studies,"Kellan Lutz explains how his wife's need for a support system after their second child led the family from Orange County to Franklin, Tennessee.",https://www.foxnews.com/entertainment/twilight-star-kellan-lutz-traded-california-tennessee-land-bible-studies,https://static.foxnews.com/foxnews.com/content/uploads/2026/08/kellan-lutz-fanexpo-chicago-2025.jpg,2026-08-12T00:53:06Z,"Kellan Lutz said this week that he left California three years ago for Tennessee after the pandemic.
""I love California, I really do,"" he explained on ""Inside of You"" with Michael Rosenbaum. ""The wh… [+2278 chars]",fox-news,Fox News
,Trump looms over blue state primary as progressive gov faces far-left challenge,"Connecticut Democratic Gov. Ned Lamont faces Josh Elliott, who says the incumbent is too ""nice"" to Trump and calls that a liability against fascism.",https://www.foxnews.com/politics/trump-looms-over-blue-state-primary-progressive-gov-faces-far-left-challenge,https://static.foxnews.com/foxnews.com/content/uploads/2026/08/ned-lamont-cpb.jpg,2026-08-12T00:31:57Z,"Connecticut Democratic Gov. Ned Lamont is no fan of President Donald Trump, but his progressive primary challenger, state Rep. Josh Elliott, says hes too cozy with the president.
Lamont defeated Ell… [+2066 chars]",fox-news,Fox News
,AOC's attempt to dismiss 'Woke 1' as 'crazy' draws criticism from left-leaning outlets,"Alexandria Ocasio-Cortez faces criticism from progressive media for laughing off ""Woke 1"" era rhetoric as Democratic Socialists gain primary power.",https://www.foxnews.com/media/aocs-attempt-dismiss-woke-1-crazy-draws-criticism-left-leaning-outlets,https://static.foxnews.com/foxnews.com/content/uploads/2026/07/aoc-congress-reporters.jpg,2026-08-12T00:22:51Z,"Even left-leaning and progressive media have begun to turn on Rep. Alexandria Ocasio-Cortez, D-N.Y., over her attempts to laugh off the extreme rhetoric of the ""Woke 1"" era.
On Tuesday, The Atlantic… [+5125 chars]",fox-news,Fox News
,South Carolina GOP Senate showdown heads to runoff in race to succeed Lindsey Graham,The race for the Republican nomination to succeed the late GOP Sen. Lindsey Graham of South Carolina heads to a runoff in two weeks.,https://www.foxnews.com/politics/south-carolina-gop-senate-showdown-heads-runoff-race-succeed-lindsey-graham,https://static.foxnews.com/foxnews.com/content/uploads/2026/07/darlene-lindsay-graham-sc.jpg,2026-08-12T00:22:39Z,"Appointed Sen. Darline Graham has advanced to a runoff election in the special Republican Senate primary in South Carolina, the Associated Press reported, in the race to succeed the late Sen. Lindsey… [+2681 chars]",fox-news,Fox News
,Pat McAfee attends sporting event with President Trump wearing jeans and a backwards cap,Pat McAfee greeted Air Force One in jeans and a backwards cap before sitting next to Trump at the Patriot Games youth finals in Ohio Tuesday.,https://www.foxnews.com/outkick-sports/pat-mcafee-attends-sporting-event-president-trump-wearing-jeans-backwards-cap,https://static.foxnews.com/foxnews.com/content/uploads/2026/08/trump-fitness-test-award.jpg,2026-08-12T00:20:17Z,"President Donald Trump, without a doubt the most sports-minded president in recent memory, is in Ohio on Tuesday night for the culmination of the 2026 Patriots Games and he brought Pat McAfee in tow.… [+2734 chars]",fox-news,Fox News
,Former WWE Diva and Torrie Wilson rival has taken her talents to OnlyFans at the age of 55,"Dawn Marie, 55, launched her OnlyFans with strict content rules after retiring from professional wrestling and working as a nurse in New Jersey.",https://www.foxnews.com/outkick-sports/former-wwe-diva-torrie-wilson-rival-taken-talents-onlyfans-age-55,https://static.foxnews.com/foxnews.com/content/uploads/2026/08/dawn-marie-wizard-world-philadelphia-comic-con.jpg,2026-08-12T00:15:23Z,Dawn Marie is the latest former WWE star to launch an OnlyFans. She joins several others who have taken their talents behind a paywall to connect with fans. One of the most notable and successful to … [+2045 chars],fox-news,Fox News
"August 12, 2026",Victor Davis Hanson: Trump Is A Special Case In Presidential Security Needs,Hoover Institution senior fellow Victor Davis Hanson discusses the Air Force One plane swap and what he’s watching in nationwide elections on ‘Hannity.’,https://www.foxnews.com/video/6403242297112,https://a57.foxnews.com/cf-images.us-east-1.prod.boltdns.net/v1/static/694940094001/3c8d7ae6-dde9-4074-815d-c1ab2f0a3f3f/8b9e17f6-d300-4d0f-854f-3c954a09f587/1280x720/match/1024/512/image.jpg?ve=1&tl=1,2026-08-12T00:00:00Z,"©2026 Fox News Network, LLC. All rights reserved. This material may not be published, broadcast, rewritten, or redistributed. All market data delayed 20 minutes.",fox-news,Fox News
,Ilhan Omar on track for fifth term as Minnesota voters maintain far-left streak,Ilhan Omar faced four challengers in Minnesota's 5th Congressional District Democratic primary as affordable housing and public safety dominated.,https://www.foxnews.com/politics/ilhan-omar-track-fifth-term-minnesota-voters-maintain-far-left-streak,https://static.foxnews.com/foxnews.com/content/uploads/2026/08/ilhan-omar-laugh.png,2026-08-12T03:53:17Z,"Rep. Ilhan Omar, D-Minn., fended off four challengers in her Democratic primary on Tuesday as she heads to the general election where she will fight to retain her seat for a fifth term representing M… [+2761 chars]",fox-news,Fox News
,Schumer dealt another blow as progressive insurgency scores win in key Senate battle,"Peggy Flanagan defeated Angie Craig in Minnesota's Democratic primary, backed by Bernie Sanders and Ilhan Omar in a growing progressive proxy war.",https://www.foxnews.com/politics/schumer-dealt-another-blow-progressive-insurgency-scores-win-key-senate-battle,https://static.foxnews.com/foxnews.com/content/uploads/2025/12/peggy-flanagan-somali-mall.jpg,2026-08-12T03:41:37Z,"Progressives again scored a victory in Minnesota where Gov. Tim Walzs second-in-command toppled an establishment-backed member of Congress.
Lt. Gov. Peggy Flanagan eked out a victory over Rep. Angie… [+4192 chars]",fox-news,Fox News
Alex Miller,Peggy Flanagan vows to 'rip ICE apart' after toppling moderate Dem in key Senate battle,"Peggy Flanagan defeated Angie Craig in Minnesota's Democratic primary, backed by Bernie Sanders and Ilhan Omar in a growing progressive proxy war.",https://www.foxnews.com/politics/peggy-flanagan-vows-rip-ice-apart-toppling-moderate-dem-key-senate-battle,https://s.yimg.com/lo/mysterio/api/b5f2b83137abb7ec2a9644d0306be71a9aa96a8fe1cb045e87bf0863a15de2e1/lightyear_networkapi/resizefill_w1200%3Bquality_80%3Bformat_jpg/https%3A%2F%2Fmedia.zenfs.com%2Fen%2Ffox_news_text_979%2F649255854f3bbc9a69598f752470ba85.jpg,2026-08-12T03:41:37Z,"Lt. Gov. Peggy Flanagan, who scored an impressive win in Minnesota's Democratic primary for Senate, wants to blow up Immigration and Customs Enforcement (ICE) after two slayings rattled her state ear… [+4951 chars]",fox-news,Fox News
,Minnesota House speaker Lisa Demuth wins GOP gubernatorial primary to replace Tim Walz in November,"Mike Lindell, Lisa Demuth, and Kendall Qualls battle for the Minnesota GOP gubernatorial nomination as Trump's endorsement reshapes the primary field.",https://www.foxnews.com/politics/minnesota-house-speaker-lisa-demuth-wins-gop-gubernatorial-primary-replace-tim-walz-november,https://static.foxnews.com/foxnews.com/content/uploads/2025/12/lisa-demuth.png,2026-08-12T03:35:15Z,"Minnesota House Speaker Lisa Demuth has won the Republican gubernatorial primary and will move on to face the Democratic nominee in November to replace outgoing Gov. Tim Walz.
The victory amounts to… [+3046 chars]",fox-news,Fox News
,Minnesota House speaker ousts MyPillow CEO to win GOP governor nod,"Mike Lindell, Lisa Demuth, and Kendall Qualls battle for the Minnesota GOP gubernatorial nomination as Trump's endorsement reshapes the primary field.",https://www.foxnews.com/politics/race-called-gop-primary-replace-tim-walz-governor-november,https://static.foxnews.com/foxnews.com/content/uploads/2026/08/tim-walz-house-oversight-hearing.jpg,2026-08-12T03:35:15Z,"Minnesota House Speaker Lisa Demuth has won the Republican gubernatorial primary and will move on to face the Democratic nominee in November to replace outgoing Gov. Tim Walz.
The victory amounts to… [+2575 chars]",fox-news,Fox News
,"Texas Tech coach Joey McGuire says USC, Texas A&M and NC State all turned down scheduling requests","Joey Maguire says Texas Tech has been told no by USC, Texas A&M, NC State and others despite seeking top-tier non-conference schedule opponents.",https://www.foxnews.com/outkick-sports/texas-tech-coach-joey-mcguire-says-usc-texas-am-nc-state-turned-down-scheduling-requests,https://static.foxnews.com/foxnews.com/content/uploads/2025/11/texas-tech-joey-mcguire-111125-2.jpg,2026-08-12T03:17:05Z,"As always, the conversation around college football in the 2025-2026 offseason has revolved around strength of schedule.
Conference bragging rights are based on it. The College Football Playoff sele… [+3073 chars]",fox-news,Fox News
,Democrats take sixth shot at ousting popular GOP governor who voted for Harris,"Vermont Democrats pick their nominee to challenge Republican Gov. Phil Scott, who is seeking a sixth term as the dark-blue state's longest-serving governor.",https://www.foxnews.com/politics/democrats-take-sixth-shot-ousting-popular-gop-governor-voted-harris,https://static.foxnews.com/foxnews.com/content/uploads/2026/08/Republican-Gov-Phil-Scott-Vermont.jpg,2026-08-12T03:03:43Z,"Democrats in deep blue Vermont have a new nominee as they take a sixth straight shot at trying to oust popular Republican Gov. Phil Scott.
Democrats in deep blue Vermont have a new nominee as they t… [+1518 chars]",fox-news,Fox News
,"Caitlin Clark, Kelsey Mitchell power Fever past Liberty, lift Indiana atop Eastern Conference",Kelsey Mitchell scored 28 points and Caitlin Clark posted 22 points and 10 assists as the Indiana Fever shot 79% from three in a dominant first half.,https://www.foxnews.com/outkick-sports/caitlin-clark-kelsey-mitchell-power-fever-past-liberty-lift-indiana-atop-eastern-conference,https://static.foxnews.com/foxnews.com/content/uploads/2026/08/Caitlin-Clark-Fever-Liberty-scaled.jpg,2026-08-12T02:45:08Z,"Indiana Fever coach Stephanie White commanded the spotlight for more than two minutes before Tuesday nights game. But once the ball went in the air, her team did the rest of the talking.
Fever guard… [+1926 chars]",fox-news,Fox News
,Dems eye pick-up in Wisconsin swing district as Rep Van Orden set for rematch in key House race,"Rebecca Cooke won Wisconsin's 3rd Congressional District Democratic primary, setting up a rematch with Republican Rep. Derrick Van Orden this fall.",https://www.foxnews.com/politics/dems-eye-pickup-wisconsin-swing-district-rep-van-orden-rematch-key-house-race,https://static.foxnews.com/foxnews.com/content/uploads/2026/06/cooke-stands-at-campaign-event.jpeg,2026-08-12T02:39:53Z,"A former waitress, small-business owner and nonprofit founder won the Democratic primary in Wisconsin's 3rd Congressional District on Tuesday, setting her up for a rematch with Republican Rep. Derric… [+3237 chars]",fox-news,Fox News
,Chiefs receiver Rashee Rice says he is '100% locked in' after serving 30-day jail time for probation violation,"Rashee Rice called his 30-day jail sentence for a THC probation violation a ""reality check"" as he looks ahead with Patrick Mahomes and the Chiefs at training camp.",https://www.foxnews.com/sports/chiefs-receiver-rashee-rice-100-percent-locked-after-serving-30-day-jail-time-probation-violation,https://static.foxnews.com/foxnews.com/content/uploads/2026/08/Rashee-Rice-Chiefs-Training-Camp.jpg,2026-08-12T02:25:25Z,"Before Rashee Rice was back with his Kansas City Chiefs teammates for the upcoming season, he had to serve 30 days in jail following a probation violation stemming from a multi-vehicle crash back in … [+2480 chars]",fox-news,Fox News
,Longtime anti-Trump Dem ousted after tough primary from upstart progressive mayor,Fourteen-term Rep. John Larson faced Hartford Mayor Luke Bronin and two others in a hard-fought Democratic primary centered on generational change.,https://www.foxnews.com/politics/longtime-anti-trump-dem-ousted-tough-primary-from-upstart-progressive-mayor,https://static.foxnews.com/foxnews.com/content/uploads/2026/04/larson-trump-split-2.jpg,2026-08-12T02:08:11Z,"Fourteen-term Rep. John Larson, D-Conn., met his match in Hartford Mayor Luke Bronin during Tuesdays hard-fought primary race.
Larson, who has served in Congress since the Clinton administration, fa… [+2172 chars]",fox-news,Fox News
,"North Korea launches another ballistic missile as US, South Korea prepare for military drills",North Korea's second ballistic missile launch in less than a week comes as the U.S. and South Korea prepare for Ulchi Freedom Shield exercises.,https://www.foxnews.com/world/north-korea-launches-ballistic-missile-us-south-korea-prepare-military-drills,https://static.foxnews.com/foxnews.com/content/uploads/2026/02/north-korean-leader-kim-jong-un-speaks-during-congress-session.jpg,2026-08-12T02:00:14Z,"North Korea launched another ballistic missile Tuesday, marking its second reported ballistic missile launch in less than a week.
Japans prime ministers office announced the latest launch Tuesday. D… [+3230 chars]",fox-news,Fox News
,"Heroic Florida K-9 returns to sheriff's office days after being shot protecting 3 deputies, losing leg","K-9 Ace, the Polk County German shepherd who lost a leg shielding three deputies, made an emotional return to the sheriff's office after recovering ahead of retirement.",https://www.foxnews.com/us/heroic-florida-k9-returns-sheriffs-office-days-after-shot-protecting-deputies-losing-leg,https://static.foxnews.com/foxnews.com/content/uploads/2026/08/k9-ace-polk-county-shooting-recovery.jpg,2026-08-12T05:02:34Z,"Less than a week after being shot and losing a leg while protecting three deputies, heroic Florida K-9 Ace was back on his feet Tuesday for an emotional return to the sheriff's office.
Ace, a 7-year… [+2751 chars]",fox-news,Fox News
,STATE OF PLAY: Highly watched Hong race remains too close to call as progressives notch key primary wins,The Democratic Party's progressive wing faces critical tests in Upper Midwest primaries as Peggy Flanagan battles Angie Craig for Minnesota's Senate nod.,https://www.foxnews.com/politics/state-of-play-highly-watched-hong-race-remains-too-close-call-progressives-notch-key-primary-wins,https://static.foxnews.com/foxnews.com/content/uploads/2026/08/francesca-hong-gaggle-after-voting-madison-wisconsin-august-11-2026.jpg,2026-08-12T04:06:19Z,A series of closely watched primaries across the Upper Midwest delivered key victories for the Democratic Partys progressive wing Tuesday night with one major test still hanging in the balance in bat… [+2473 chars],fox-news,Fox News
,"Five teen friends killed after vehicle plunges down Colorado cliff, leaving community shattered","Five 17-year-old boys from Grand Junction, Colorado, died when their vehicle plunged off a cliff along Lookout Lane, with speed being investigated as a possible factor.",https://www.foxnews.com/us/five-teen-friends-killed-vehicle-plunges-colorado-cliff-leaving-community-shattered,https://static.foxnews.com/foxnews.com/content/uploads/2026/08/five-teen-victims-grand-junction-colorado-cliff-crash.png,2026-08-12T04:01:55Z,"Five 17-year-old friends were killed when their vehicle plunged off a cliff and down a steep Colorado hillside, leaving their families and community grappling with an unimaginable loss just as a new … [+4460 chars]",fox-news,Fox News
,Lindsay Clancy defense wants TikToker to expose hospital ‘lies’ as judge warns ‘this is not Tripadvisor’,Lindsay Clancy's murder trial heard desperate messages she sent about intrusive thoughts and medication changes weeks before killing her three children.,https://www.foxnews.com/us/lindsay-clancy-defense-wants-tiktok-expose-hospital-lies-judge-warns-not-tripadvisor,https://static.foxnews.com/foxnews.com/content/uploads/2026/08/Lindsay-Clancy-tiktok.png,2026-08-12T04:00:44Z,"A dispute rooted in a TikTok video arose at the outset of Lindsay Clancy's murder trial Tuesday, as her attorneys moved to add a former mental hospital staff member to the witness list one who had pu… [+5040 chars]",fox-news,Fox News
,Democrat establishment strikes back as socialist candidate downed in battleground primary,"David Crowley defeated DSA member Francesca Hong in Wisconsin's Democratic gubernatorial primary, setting up a general election against Rep. Tom Tiffany.",https://www.foxnews.com/politics/wisconsin-governor-primary-crowley-hong,https://static.foxnews.com/foxnews.com/content/uploads/2026/08/David-Crowley-Tony-Evers.jpg,2026-08-12T07:42:30Z,"MADISON, Wis The left wing suffered a high-profile setback on Tuesday at the hands of the center-left establishment in their ongoing battle for the ideological future of the party.
Seven days after … [+4879 chars]",fox-news,Fox News
Gabrielle Brothers,#860 – Dirty Cash: Retail History & Southern Cuisine,"In today’s episode of The Quiz, we’re testing your knowledge on everything from everyday shopping math to iconic American dining history. Can you answer these? Southern Cuisine: Hearty bowls of gumbo and jambalaya are beloved staples of regional cooking, but …",https://radio.foxnews.com/2026/08/12/860-dirty-cash-retail-history-southern-cuisine/,https://static-radio.foxnews.com/radio.foxnews.com/content/uploads/2024/03/75dc8945-the-quiz-thursday.png,2026-08-12T07:00:18Z,"In today’s episode of The Quiz, we’re testing your knowledge on everything from everyday shopping math to iconic American dining history. Can you answer these?
<ul><li>Southern Cuisine: Hearty bowls… [+613 chars]",fox-news,Fox News
,"Ex-New Jersey mayor, her husband charged for using fake ballot signatures after she pleaded guilty to DUI",Gina LaPlaca and her husband Jason Carty face ballot fraud charges after allegedly using fake signatures on her Democratic primary petition in New Jersey.,https://www.foxnews.com/politics/gina-laplaca-primary-petition-signatures,https://static.foxnews.com/foxnews.com/content/uploads/2025/03/laplaca-thumb.jpg,2026-08-12T09:11:28Z,A former New Jersey mayor who previously pleaded guilty in a DUI case involving her child is facing new charges alongside her husband after prosecutors alleged false signatures appeared on her nomina… [+2853 chars],fox-news,Fox News
,REP. BRIAN MAST: I want unsafe truckers off our highways — and America's veterans in their seats,Freedom Haulers fast-tracks veterans into trucking while removing foreign drivers who fail English and skills tests on U.S. roads.,https://www.foxnews.com/opinion/rep-brian-mast-unsafe-truckers-highways-americas-veterans-seats,https://static.foxnews.com/foxnews.com/content/uploads/2026/03/trucks-on-highway-wash-state.jpg,2026-08-12T09:00:39Z,"One year ago this week, three Floridians senselessly lost their lives on Floridas Turnpike near Fort Pierce due to the complete and utter recklessness of a If you are a foreign national driving a com… [+8699 chars]",fox-news,Fox News
,Four ways to harden America's power grid before our global enemies strike,"The U.S. must remove Chinese inverters from its power grid and harden critical infrastructure as Iran, China, and Russia target domestic energy supplies.",https://www.foxnews.com/opinion/four-ways-harden-americas-power-grid-global-enemies-strike,https://static.foxnews.com/foxnews.com/content/uploads/2026/02/ai-power-grid-costs.jpg,2026-08-12T09:00:33Z,"Since World War II, the U.S. military has benefitted from uncontested strategic logistics, including energy supplies. This is no longer the case.
The cyberattacks Iran conducted on U.S. water supply… [+5119 chars]",fox-news,Fox News
,"America's AI boom is a jobs opportunity, not an excuse for universal basic income","The $500 billion Stargate project and dozens more data centers are putting union electricians, pipefitters, and HVAC techs to work earning six figures.",https://www.foxnews.com/opinion/americas-ai-boom-jobs-opportunity-not-excuse-universal-basic-income,https://static.foxnews.com/foxnews.com/content/uploads/2026/08/construction-power-lines.png,2026-08-12T09:00:31Z,"The same voices warning that artificial intelligence will wipe out American jobs have a ready answer: stop working and take a government check. Some call it Universal Basic Income, others call it com… [+4506 chars]",fox-news,Fox News
,"Russia is helping China close gap with US forces amid Taiwan tensions, warns longtime military leader",Retired Rear Adm. Mark Montgomery warns Russia is giving China submarine quieting technology that could erode a key U.S. Navy undersea advantage.,https://www.foxnews.com/politics/russia-helping-china-close-gap-us-forces-amid-taiwan-tensions-warns-longtime-military-leader,https://static.foxnews.com/foxnews.com/content/uploads/2025/11/china-submarine.jpg,2026-08-12T09:00:28Z,"Sound alarms are blaring over an escalating partnership between Russia and China to subvert the U.S. Military amid rising hostility between the world powers.
Rear Adm. Mark Montgomery tells Fox News… [+5674 chars]",fox-news,Fox News
,Governments can take your stocks without your permission. It happens all the time,"States are quietly rewriting unclaimed property laws, shortening dormancy periods and using inactivity standards to seize stock from investors.",https://www.foxnews.com/opinion/governments-take-stocks-without-permission-happens-all-time,https://static.foxnews.com/foxnews.com/content/uploads/2023/09/329aa3e7-3-WOMAN-SHOCKED-AT-COMPUTER.jpg,2026-08-12T09:00:17Z,"Here is some investment advice you probably havent heard before: If you own stock, occasionally log in and jiggle the handle. Otherwise, depending on where you live, a state may eventually decide tha… [+8610 chars]",fox-news,Fox News
,"FBI touts 6,000 arrests, 44% homicide drop one year into Trump's DC crime crackdown","FBI Director Kash Patel says the Washington, D.C., crime crackdown yielded over 6,000 arrests and 1,300 illegal firearm seizures in one year.",https://www.foxnews.com/politics/fbi-touts-6000-arrests-44-homicide-drop-one-year-trumps-dc-crime-crackdown,https://static.foxnews.com/foxnews.com/content/uploads/2026/08/kash-patel-fbi-dc-crime-crackdown.jpg,2026-08-12T08:30:14Z,"EXCLUSIVE: The FBI on Tuesday marked the first anniversary of the Trump administration's crime crackdown in Washington, D.C., touting thousands of arrests and seizures since the enhanced federal enfo… [+2281 chars]",fox-news,Fox News
,Primary takeaways: Dems’ left-center battle intensifies as Schumer takes another hit; split decision for Trump,Democratic Senate Leader Sen. Chuck Schumer suffers a second straight primary setback as Peggy Flanagan wins Minnesota's Senate nomination by 20 points.,https://www.foxnews.com/politics/primary-takeaways-dems-left-center-battle-intensifies-schumer-takes-another-hit-split-decision-trump,https://static.foxnews.com/foxnews.com/content/uploads/2026/07/chuck-schumer-1.png,2026-08-12T08:00:20Z,"MADISON, Wis. For a second straight week, the progressive left-wing won a high-stakes Senate primary battle over the establishment in what is seen as a setback for longtime Democratic Senate Leader S… [+9276 chars]",fox-news,Fox News
,Far-left socialist dealt major blow in battleground state primary and more top headlines,Get all the stories you need-to-know from the most powerful name in news delivered first thing every morning to your inbox.,https://www.foxnews.com/us/left-socialist-dealt-major-blow-battleground-state-primary-more-top-headlines,https://static.foxnews.com/foxnews.com/content/uploads/2026/08/francesca-hong_001.jpg,2026-08-12T11:06:12Z,"Good morning and welcome to Fox News' morning newsletter, Fox News First. And here's what you need to know to start your day ...
TOP 3
1. Democrat socialist Francesca Hong defeated in Wisconsin
2.… [+3037 chars]",fox-news,Fox News
,AMBASSADOR GEORGE DEEK: The Christian Israel you are not being shown,"Israel's envoy to the Christian world, raised Greek Orthodox in Jaffa, says Christians grew from 34,000 in 1950 to 184,000 and continue to flourish.",https://www.foxnews.com/opinion/ambassador-george-deek-christian-israel-you-not-being-shown,https://static.foxnews.com/foxnews.com/content/uploads/2026/06/israel-christians-orthodox-easter.jpg,2026-08-12T11:00:32Z,"I grew up in Jaffa, going to church every Sunday with my father, the cantor of our Greek Orthodox church. I joined the Christian Scouts as a boy, later became a leader in the movement and even ran ou… [+9058 chars]",fox-news,Fox News
,"Deadly disease outbreak kills 2,000 as experts reveal what Americans should know","The Ebola outbreak in the Democratic Republic of Congo has killed over 2,000 people, but experts say the average American faces very little threat.",https://www.foxnews.com/health/deadly-disease-outbreak-kills-2000-experts-reveal-what-americans-should-know,https://static.foxnews.com/foxnews.com/content/uploads/2026/08/doctor-in-laboratory.jpg,2026-08-12T11:00:32Z,"As the death toll from the latest Ebola outbreak in the Democratic Republic of Congo (DRC) surpasses 2,000 people, infectious disease experts say Americans should remain aware of the humanitarian cri… [+4343 chars]",fox-news,Fox News
,Trump's DC crime crackdown 'working' as city sees homicides plummet 43% since 2025: slain intern's mom,"Tamara Jachym says Trump's National Guard deployment in Washington, D.C. is working after her son Eric Tarpinian-Jachym was fatally shot in 2025.",https://www.foxnews.com/us/trumps-dc-crime-crackdown-working-city-sees-homicides-plummet-43-since-2025-slain-interns-mom,https://static.foxnews.com/foxnews.com/content/uploads/2026/08/national-guard.jpg,2026-08-12T11:00:16Z,"The mother of a Congressional intern who was killed in 2025 says President Donald Trump's crime crackdown in Washington, D.C. is working as homicides have plummeted by over 40% over the past year.
N… [+3177 chars]",fox-news,Fox News
,"Sophie Cunningham, Caitlin Clark respond to Fever coach Stephanie White's pregame rant","Caitlin Clark said she felt ""sick"" when fans booed Stephanie White before the Indiana Fever's 106-92 win over the New York Liberty on Tuesday.",https://www.foxnews.com/outkick-sports/sophie-cunningham-caitlin-clark-respond-fever-coach-stephanie-whites-pregame-rant,https://static.foxnews.com/foxnews.com/content/uploads/2026/08/stephanie-white-indiana-fever-instructions.jpg,2026-08-12T10:41:15Z,"Caitlin Clark and Sophie Cunningham addressed a viral pre-game rant by their head coach after the Indiana Fever's 106-92 win over the New York Liberty on Tuesday.
Fever coach Stephanie White dedicat… [+6762 chars]",fox-news,Fox News
,Mike Vrabel is finally asked about his family counseling sessions made necessary by the Dianna Russini scandal,Mike Vrabel deflected a question about his family counseling sessions by pivoting to talk of offensive line combination blocks during New England Patriots camp.,https://www.foxnews.com/outkick-sports/mike-vrabel-finally-asked-family-counseling-sessions-dianna-russini-scandal,https://static.foxnews.com/foxnews.com/content/uploads/2026/07/mike-vrabel-press-conference-gillette-stadium.jpg,2026-08-12T10:35:05Z,"It took weeks since the New England Patriots opened their 2026 training camp and NFL rules put coach Mike Vrabel in front of reporters on a regular basis, but the question finally came on Tuesday.
S… [+3774 chars]",fox-news,Fox News
,WNBA media turns Stephanie White's rehearsed rant into an 'important' attack on league critics,Stephanie White's prepared pregame rant about hate and divisiveness hijacking the WNBA drew immediate praise from ESPN analysts and reporters alike.,https://www.foxnews.com/outkick-sports/wnba-media-turns-stephanie-whites-rehearsed-rant-important-attack-league-critics,https://static.foxnews.com/foxnews.com/content/uploads/2026/08/stephanie-white-indiana-fever-chicago-sky.jpg,2026-08-12T10:29:03Z,"Fever head coach Stephanie White opened her pregame press conference Tuesday night before Indianas game against the New York Liberty by reading a lengthy prepared statement about the ""hate,"" ""fear mo… [+11907 chars]",fox-news,Fox News
,'No better group': Veteran says special ops should get same concealed carry permit as retired cops,The Special Operations Forces Concealed Carry Act would extend Law Enforcement Officers Safety Act-style privileges to qualified special operator veterans.,https://www.foxnews.com/politics/veteran-says-special-ops-should-get-same-concealed-carry-permit-retired-cops,https://static.foxnews.com/foxnews.com/content/uploads/2026/08/army-basic-training-02.jpg,2026-08-12T10:24:04Z,"A retired Army special operations veteran is urging Congress to give qualified former special operators nationwide concealed carry privileges enjoyed by retired U.S. law enforcement officers, arguing… [+8326 chars]",fox-news,Fox News
,WATCH: Neighbor’s double take helped police identify accused wildfire arsonist as flames raced nearby,"Paul Child spotted a stranger near railroad tracks twice before smoke rose, leading to a field showup that helped police ID accused arsonist Farinacci.",https://www.foxnews.com/us/watch-neighbors-double-take-helped-police-identify-accused-wildfire-arsonist-flames-raced-nearby,https://static.foxnews.com/foxnews.com/content/uploads/2026/08/Washington-Witness-First-Hand-008.jpg,2026-08-12T10:00:27Z,"Paul Child drove past a stranger twice near railroad tracks outside his Washington home, then watched smoke rise about 10 minutes after the man crouched in nearby bushes setting off a chain of events… [+6077 chars]",fox-news,Fox News
,"Meghan Markle’s royal exit had warning signs years earlier, veteran correspondent reveals",Simon Vigar's new book details how Meghan Markle's 2018 royal tour of Australia exposed the first cracks in her relationship with palace staff.,https://www.foxnews.com/entertainment/meghan-markle-royal-exit-warning-signs-years-earlier-veteran-correspondent-reveals,https://static.foxnews.com/foxnews.com/content/uploads/2026/08/Meghan-Markle-Prince-Harry-New-Zealand-Australia-Tour.jpg,2026-08-12T10:00:14Z,"Meghan Markles rocky tenure as a working royal may have stemmed from a ""culture clash"" with palace aides, according to a veteran royal correspondent who covered her time as a working royal.
Simon Vi… [+7388 chars]",fox-news,Fox News
,Wine expert says one common habit could be sabotaging every sip,"A sommelier says sipping water before tasting wine can alter your palate instead of cleansing it. Patience, not hydration, she says, is the key to experiencing a wine's true flavors.",https://www.foxnews.com/food-drink/wine-expert-says-one-common-habit-could-sabotaging-every-sip,https://static.foxnews.com/foxnews.com/content/uploads/2026/08/03b3f8d6-wine_tasting.jpg,2026-08-12T10:00:05Z,"If you want to experience a wine's full range of flavors, sipping water before or between tastes may seem like a natural way to cleanse your palate but a sommelier says it could keep you from tasting… [+3516 chars]",fox-news,Fox News
,Grocery boss warns Mamdani's city-run stores pit government against 'its own citizens',Gristedes CEO warns New York City Mayor Zohran Mamdani's $70 million city-run grocery stores will devastate bodegas and supermarkets nearby.,https://www.foxnews.com/media/grocery-boss-warns-mamdanis-city-run-stores-pit-government-against-its-own-citizens,https://static.foxnews.com/foxnews.com/content/uploads/2026/08/nyc-city-run-grocery-store-zohran-mamdani-04.jpg,2026-08-12T13:59:00Z,"As New York City Mayor Zohran Mamdani moves ahead with a plan to open five city-run grocery stores, one of the Big Apples biggest supermarket owners has a blunt warning: the stores won't feed the hun… [+6236 chars]",fox-news,Fox News
,"New power axis in the making? Three military heavyweights lock arms, complicating Abraham Accords strategy","The Mecca Joint Defence Agreement signed by Saudi Arabia, Turkey and Pakistan raises questions about whether it signals a Middle East shift from the U.S.",https://www.foxnews.com/world/new-power-axis-making-three-military-heavyweights-lock-arms-complicating-abraham-accords-strategy,https://static.foxnews.com/foxnews.com/content/uploads/2026/08/Mecca-Pact-Saudi-2026.jpg,2026-08-12T13:53:19Z,"A new defense pact linking Saudi Arabia, Turkey and Pakistan is fueling debate over whether the three countries are laying the groundwork for a competing regional bloc potentially challenging the U.S… [+8530 chars]",fox-news,Fox News
,"Landry Kiffin & her mom get into game shape for the upcoming SEC season, corn bats, plus a LLWS tank",Wednesday Screencaps celebrates a vindicated Wendy's prediction as Yahoo Finance reports the chain is closing restaurants left and right nationwide.,https://www.foxnews.com/outkick-sports/landry-kiffin-mom-game-shape-upcoming-sec-season-corn-bats-llws-tank,https://static.foxnews.com/foxnews.com/content/uploads/2026/08/lane-kiffin-landry-kiffin-mississippi-rebels.jpg,2026-08-12T13:45:51Z,"Let's get rolling with Wednesday Screencaps on this morning after the WNBA doubled, tripled, quadrupled down on its stupidity. But, you're not here for that. You're here for a dose of Real America an… [+5624 chars]",fox-news,Fox News
,"Justin Thomas, Viktor Hovland and Hideki Matsuyama headline the 2026 FedEx St Jude Championship best bets","Hideki Matsuyama, Viktor Hovland, and Justin Thomas headline golf betting picks for the FedEx St. Jude Championship at TPC Southwind in Memphis.",https://www.foxnews.com/outkick-sports/justin-thomas-viktor-hovland-hideki-matsuyama-headline-2026-fedex-st-jude-championship-best-bets,https://static.foxnews.com/foxnews.com/content/uploads/2026/08/jt-fedex-st-jude-fox-news-001.jpg,2026-08-12T13:41:08Z,"Golf: the only sport in which the fans care more about the regular season than the playoffs. In fact, most of you thought the PGA TOUR 2026 season ended after the final major, the British Open. But, … [+6557 chars]",fox-news,Fox News
,Accused Charlie Kirk assassin Tyler Robinson asks judge to take potential death penalty off table,Tyler Robinson's defense argues prosecutors failed to prove the sole aggravating factor that could make Charlie Kirk's killing a death penalty case.,https://www.foxnews.com/us/accused-charlie-kirk-assassin-tyler-robinson-asks-judge-take-potential-death-penalty-off-table,https://static.foxnews.com/foxnews.com/content/uploads/2026/07/tyler-robinson-surveillance-video.jpg,2026-08-12T13:35:11Z,"Lawyers for accused Charlie Kirk assassin Tyler Robinson are arguing that prosecutors haven't established a case for the potential death penalty in a new court filing made public Tuesday night.
""The… [+6164 chars]",fox-news,Fox News
,"Blakeman cuts into Hochul's New York governor's race lead in new poll, as likely voters give DSA judgment",New York Gov. Kathy Hochul’s lead over Bruce Blakeman narrowed from 20 points among registered voters in Siena’s June poll to 10 points among likely voters in its latest poll.,https://www.foxnews.com/politics/blakeman-cuts-hochul-new-york-governors-race-lead-poll-likely-voters-dsa-judgment,https://static.foxnews.com/foxnews.com/content/uploads/2026/08/Bruce-Blakeman-Kathy-Hochul.jpg,2026-08-12T13:31:30Z,"New York Democratic Gov. Kathy Hochuls lead over Republican candidate Bruce Blakeman is slipping, according to a new Siena University poll released Wednesday, as likely voters in New York also gave a… [+3243 chars]",fox-news,Fox News
,"Iran-backed Houthi threat in Red Sea could lead to major US policy shift, analysts say","Houthi attacks on Red Sea shipping may push the U.S. to forge closer ties with Somaliland, analysts say, as concerns grow over Djibouti's reliability and China's expanding presence.",https://www.foxnews.com/world/iran-backed-houthi-threat-red-sea-could-lead-major-us-policy-shift-analysts-say,https://static.foxnews.com/foxnews.com/content/uploads/2026/08/somaliland-port.jpg,2026-08-12T13:15:09Z,"JOHANNESBURG: As the Iran-backed Houthis step up their threat to Red Sea shipping, analysts say the U.S. could consider a major change in strategy.
Houthi attacks on ships passing through a vital ch… [+7110 chars]",fox-news,Fox News
,"Former MLB star calls for salary fix as owners, Players Association talk 'two different languages'",Nick Swisher warns MLB's collective bargaining negotiation could derail the sport's attendance boom if owners and the Players Association can't agree.,https://www.foxnews.com/sports/former-mlb-star-calls-salary-fix-owners-players-association-talk-two-different-languages,https://static.foxnews.com/foxnews.com/content/uploads/2026/08/nick-swisher-old-timers-day-yankee-stadium.jpg,2026-08-12T13:06:08Z,"The current collective bargaining agreement between Major League Baseball and the Players' Association expires in roughly three and a half months, and there seems to be no resolution in sight.
Playe… [+4350 chars]",fox-news,Fox News
,"NCAA has no plans to surrender, as eligibility lawsuits for 2022 class turn into an all-out legal war","The NCAA announced it will not grant a blanket waiver for the 2022 class, vowing to fight lawsuits over its age-based eligibility rule in court.",https://www.foxnews.com/outkick-sports/ncaa-no-plans-surrender-eligibility-lawsuits-2022-class-turn-all-out-legal-war,https://static.foxnews.com/foxnews.com/content/uploads/2026/08/langston-patterson-sacks-bryson-barnes-vanderbilt.jpg,2026-08-12T13:02:30Z,"During one of the most chaotic periods college athletics has seen when it comes to athlete eligibility, the NCAA made one thing clear Tuesday night: It has no plans to stop fighting the wave of lawsu… [+6998 chars]",fox-news,Fox News
,Spanberger’s rough rural reception draws Hillary Clinton parallels,"Del. Wren Williams compared Virginia Gov. Abigail Spanberger's Galax visit to Hillary Clinton's hot sauce moment, saying nobody was buying it.",https://www.foxnews.com/politics/spanbergers-rough-rural-reception-draws-hillary-clinton-parallels,https://static.foxnews.com/foxnews.com/content/uploads/2026/08/Spanberger-and-Hillary.jpg,2026-08-12T13:00:50Z,"Democratic Gov. Abigail Spanberger was roasted for her visit to a nearly century-old fiddling convention in southwestern Virginia, with the areas state delegate comparing her unfavorably to failed pr… [+5220 chars]",fox-news,Fox News
,Three school safety steps every parent should know before classes begin,"A parent outlines three essential back-to-school safety steps, from demanding emergency training for educators to evaluating personal safety tools.",https://www.foxnews.com/opinion/three-school-safety-steps-every-parent-should-know-before-classes-begin,https://static.foxnews.com/foxnews.com/content/uploads/2026/07/Classroom-1.jpg,2026-08-12T13:00:46Z,"I reviewed my childrens back-to-school shopping lists last week. After wrapping my head around the dizzying array of required items, I was struck by what was missing: safety.
Across America, parents… [+5150 chars]",fox-news,Fox News
,"DoorDash mom left with skull fractures, brain bleeds after man allegedly follows her and attacks with bat",Christen Phillips says she suffered multiple skull fractures and brain bleeds after a man allegedly attacked her with a bat during a DoorDash delivery.,https://www.foxnews.com/us/doordash-mom-skull-fractures-brain-bleeds-man-allegedly-follows-attacks-bat,https://static.foxnews.com/foxnews.com/content/uploads/2026/08/Man-arrested-for-beating-door-dasher-with-bat-7.jpg,2026-08-12T13:00:19Z,"WARNING: GRAPHIC CONTENT
""I had multiple skull fractures and brain bleeds,"" said Christen Phillips.
She's a mother of three currently recovering in the hospital with a serious brain injury after de… [+2643 chars]",fox-news,Fox News
,Trump-backed Michael Alfonso wins crowded GOP primary for his father-in-law's former Wisconsin seat,"Michael Alfonso, Sean Duffy's 26-year-old son-in-law, defeated a crowded field to win the Republican nomination for Wisconsin's 7th Congressional District.",https://www.foxnews.com/politics/trump-backed-michael-alfonso-wins-crowded-gop-primary-father-in-laws-former-wisconsin-seat,https://static.foxnews.com/foxnews.com/content/uploads/2026/08/Michael-Alfonso-Donald-Trump.jpg,2026-08-12T12:49:17Z,"Michael Alfonso, the son-in-law of Department of Transportation Secretary Sean Duffy and Fox News host Rachel Campos-Duffy, has won the Republican Partys nomination in Wisconsins 7th Congressional Di… [+2281 chars]",fox-news,Fox News
,Sophie Cunningham makes former ESPN mouthpiece Ryan Clark look like a clown after disgusting remarks,"Ryan Clark used his ""Pivot"" podcast to target Sophie Cunningham's basketball credentials after she spoke about protecting girls in locker rooms.",https://www.foxnews.com/outkick-sports/sophie-cunningham-makes-former-espn-mouthpiece-ryan-clark-look-like-clown-after-disgusting-remarks,https://static.foxnews.com/foxnews.com/content/uploads/2026/08/sophie-cunningham-blocked-shot-fever.jpg,2026-08-12T12:41:11Z,"Ryan Clark, less than a month removed from being able to spout off nonsense on ESPN, is back to gaslighting on his podcast.
There's always an outlet for woke drivel, folks. It's 2026, after all.
Cl… [+3429 chars]",fox-news,Fox News
,Caitlin Clark felt 'sick' hearing Fever fans boo head coach Stephanie White following her pregame rant,"Caitlin Clark said it made her ""a little sick"" when Indiana Fever fans booed head coach Stephanie White during pregame introductions Tuesday night.",https://www.foxnews.com/outkick-sports/caitlin-clark-felt-sick-hearing-fever-fans-boo-head-coach-stephanie-white-following-pregame-rant,https://static.foxnews.com/foxnews.com/content/uploads/2026/08/caitlin-clark-steph-white-featured.jpg,2026-08-12T12:39:03Z,"Entering Tuesday's WNBA action, the Indiana Fever sat tied atop the Eastern Conference standings at 20-12 on the year. The team also happens to lead the league in points scored per game with the two-… [+3656 chars]",fox-news,Fox News
,Fake rental listing scams can cost you thousands,"FBI real estate fraud complaints jumped from 9,359 in 2024 to 12,368 in 2025 as fake rental listing scams grow more convincing with stolen photos.",https://www.foxnews.com/tech/fake-rental-listing-scams-cost-thousands,https://static.foxnews.com/foxnews.com/content/uploads/2026/08/fake-rental-listings.jpg,2026-08-12T12:31:20Z,"You find a charming rental in the right neighborhood. The price sits slightly below other homes nearby. Better yet, it becomes available right when your current lease ends. Then the pressure begins. … [+13217 chars]",fox-news,Fox News
,Trump brushes off reporter question about running for third term in 2028: 'The law is very strong',"President Donald Trump told reporters ""the law is very strong"" on a third term but has previously outlined a JD Vance route scholars reject.",https://www.foxnews.com/politics/trump-brushes-off-reporter-question-running-third-term-2028-law-very-strong,https://static.foxnews.com/foxnews.com/content/uploads/2026/08/trump-patriot-games.png,2026-08-12T12:20:05Z,"President Donald Trump dismissed a question Tuesday night from a reporter about the possibility of him running for a third term in 2028, saying ""the law is very strong.""
""Everybody asks me that ques… [+2562 chars]",fox-news,Fox News
,"WWE champ Chelsea Green shows extent of orbital bone fracture, hopeful for quick recovery","Chelsea Green shared a photo of her broken orbital bone on social media, expressing hope for a quick comeback days after winning the interim title.",https://www.foxnews.com/sports/wwe-champ-chelsea-green-shows-extent-orbital-bone-fracture-hopeful-quick-recovery,https://static.foxnews.com/foxnews.com/content/uploads/2026/08/chelsea-green-netflix-wwe-monday-night-raw.jpg,2026-08-12T12:07:54Z,"Interim WWE womens champion Chelsea Green appeared to remain hopeful about her injury status as she showed the extent of her broken orbital bone on social media on Tuesday.
Green suffered the injury… [+1730 chars]",fox-news,Fox News
,Once-glamorous vacation spot overrun by influencers and crowds: 'Almost unbearable',"The coastal town of Saint-Tropez is ""packed"" as influencers drive more tourists to the French Riviera. A luxury travel influencer shared tips for anyone wanting to avoid crowds.",https://www.foxnews.com/travel/once-glamorous-vacation-hot-spot-overrun-influencers-crowds-almost-unbearable,https://static.foxnews.com/foxnews.com/content/uploads/2026/08/FRANCE-ST-TROPEZ-LUXURY-TRAVEL-INSTAGRAM-INFLUENCERS-3.jpg,2026-08-12T12:00:59Z,"A once-glamorous coastal town on the French Riviera is losing its luster, many tourists say. 
Long known as a playground for celebrities and the ultra-rich, Saint-Tropez has found a new audience: in… [+3742 chars]",fox-news,Fox News
,"Man accused of killing parents who bailed him out twice should have been locked up, sheriff says: report","Justin Sislo had two dozen arrest charges, two protective orders banning firearms, and a strangulation charge before the suspected murder-suicide.",https://www.foxnews.com/us/man-accused-killing-parents-bailed-twice-should-have-been-locked-up-sheriff-says-report,https://static.foxnews.com/foxnews.com/content/uploads/2026/08/Son-accused-ofkilling-parents-murder-suicide-upstate-ny-4.jpg,2026-08-12T12:00:58Z,"A man accused of gunning down his parents before turning the gun on himself had a violent history with numerous arrests, investigators say.
Deputies say Justin Sislo, 35, killed his parents in a sus… [+1951 chars]",fox-news,Fox News
,Former 'Real Housewives' star calls Andy Cohen's political take defending 'MAGA' women 'full of s---',"Former ""RHOC"" star Kelly Dodd claimed Andy Cohen was ""full of s---"" for defending MAGA women on Bravo, claiming they weren't welcome on the show.",https://www.foxnews.com/media/former-real-housewives-star-calls-andy-cohen-political-take-defending-maga-women-full-s,https://static.foxnews.com/foxnews.com/content/uploads/2026/08/kelly-dodd-andy-cohen.jpg,2026-08-12T15:54:53Z,"Former ""Real Housewives of Orange County"" star Kelly Dodd claimed that Bravo host Andy Cohen was ""full of s---"" Tuesday after he defended the inclusion of ""MAGA women"" on the show.
Dodd spoke to Fox… [+3181 chars]",fox-news,Fox News
,John Hinckley Jr gives his thoughts on Jodie Foster 45 years after shooting Ronald Reagan to impress her,"John Hinckley Jr. reveals that Jodie Foster could have been a target herself, saying ""fate went the other way"" toward former President Ronald Reagan.",https://www.foxnews.com/entertainment/john-hinckley-jr-thoughts-jodie-foster-45-years-shooting-ronald-reagan-impress-her,https://static.foxnews.com/foxnews.com/content/uploads/2026/08/john-hinckley-jr-jodie-foster.jpg,2026-08-12T15:26:14Z,"John Hinckley Jr., the man who shot former President Ronald Reagan in 1981 to impress Jodie Foster, said he wants nothing but good things for the actress.
""I just wish Jodie Foster well,"" he said. ""… [+2968 chars]",fox-news,Fox News
,Mamdani's team said NYPD would accompany his wife on Middle East vacation — cops say that's not true,"The NYPD denied it would send officers to Syria and Lebanon with Rama Duwaji, contradicting Mayor Zohran Mamdani's office on the security detail.",https://www.foxnews.com/politics/mamdanis-office-said-nypd-would-accompany-his-wife-middle-east-vacation-cops-say-thats-not-true,https://static.foxnews.com/foxnews.com/content/uploads/2026/08/zohran-mamdani-rama-duwaji.jpg,2026-08-12T15:15:10Z,"The New York Police Department (NYPD) will not provide a security detail to Mayor Zohran Mamdani's wife during her upcoming vacation to two terror hotspots in the Middle East, despite the mayor's off… [+3560 chars]",fox-news,Fox News
,Alex Rodriguez defends Dodgers' spending spree as likely lockout gets closer: 'I think it's great',"Alex Rodriguez says the Los Angeles Dodgers aren't ruining baseball, comparing their spending to the New York Yankees' payroll dominance in the 2000s.",https://www.foxnews.com/sports/alex-rodriguez-defends-dodgers-spending-spree-likely-lockout-gets-closer-think-its-great,https://static.foxnews.com/foxnews.com/content/uploads/2026/08/alex-rodriguez-mariners-50th-season.jpg,2026-08-12T15:14:08Z,"With a lockout more likely than not at this point in Major League Baseball, the ongoing debate continues over whether the Los Angeles Dodgers are actually ruining the sport.
Many believe the Dodgers… [+3086 chars]",fox-news,Fox News
,Dem in key swing race missed nearly half her state House votes while taking taxpayer salary: 'No show',Former Iowa Democratic state Rep. Christina Bohannan missed 45% of Iowa House floor votes in 2022 while campaigning for a congressional seat.,https://www.foxnews.com/politics/dem-key-swing-race-missed-nearly-half-state-house-votes-taking-taxpayer-salary-no-show,https://static.foxnews.com/foxnews.com/content/uploads/2026/08/38b303d2-bohannan-iowa-capitol.jpg,2026-08-12T15:10:00Z,FIRST ON FOX: Former Democratic state Rep. Christina Bohannan missed nearly half of her votes in Iowa's House of Representatives during her final year in office as she campaigned for a congressional … [+3511 chars],fox-news,Fox News
,Three-time Olympian Lolo Jones says Team USA 'abandoned' her after harrowing spinal injury,Lolo Jones says Team USA banned her from the Olympic training center after she demanded medical care for alarming spinal symptoms in Lake Placid.,https://www.foxnews.com/sports/three-time-olympian-lolo-jones-says-team-usa-abandoned-her-after-harrowing-spinal-injury,https://static.foxnews.com/foxnews.com/content/uploads/2023/04/Lolo-Jones-hurdles.jpg,2026-08-12T14:46:30Z,"Lolo Jones is not backing down after a harrowing experience with Team USA.
In February 2025, Jones climbed into a team-issued bobsled at the Olympic training complex in Lake Placid, New York. The U.… [+5572 chars]",fox-news,Fox News
,"Florida deputy killed ex-girlfriend over a TV, then himself, sheriff says","Deputy Troy Savetz waited outside his ex-girlfriend's home with a gun, angry over a TV set, before abducting her as her children called 911 from inside.",https://www.foxnews.com/us/florida-deputy-killed-ex-girlfriend-tv-sheriff-says,https://static.foxnews.com/foxnews.com/content/uploads/2026/08/troy-savetz-murder-suicide-split.jpg,2026-08-12T14:46:23Z,"This story discusses suicide. If you or someone you know is having thoughts of suicide, please contact the Suicide &amp; Crisis Lifeline at 988 or 1-800-273-TALK (8255).
A Florida sheriffs deputy ho… [+4374 chars]",fox-news,Fox News
,Pittsburgh Pirates vs. Miami Marlins betting preview: why the over 8 is the play tonight,Carmen Mlodzinski and Janson Junk take the mound as the Pittsburgh Pirates and Miami Marlins battle for NL Wild Card positioning in mid-August.,https://www.foxnews.com/sports/pittsburgh-pirates-vs-miami-marlins-betting-preview-why-over-8-play-tonight,https://static.foxnews.com/foxnews.com/content/uploads/2026/08/janson-junk-marlins-braves-fox-news_.jpg,2026-08-12T14:45:51Z,"We are about halfway through August, and there are some teams that really need to make a push if they plan to have a true run at a postseason spot. We've seen some very hot and very cold stretches fr… [+3281 chars]",fox-news,Fox News
,Tafoya makes 'common sense' pitch to disaffected Democrats as she vows to fight Minnesota’s ‘socialist lurch’,"Michele Tafoya won the Minnesota GOP Senate primary and now faces Peggy Flanagan, pitching common sense to voters across the political spectrum.",https://www.foxnews.com/politics/tafoya-makes-common-sense-pitch-disaffected-democrats-vows-fight-minnesotas-socialist-lurch,https://static.foxnews.com/foxnews.com/content/uploads/2026/08/tafoya-flanagan.jpg,2026-08-12T14:30:13Z,"EDINA, MN - As socialist candidates continue to score victories across the country and take more control of the Democratic Party, Minnesota GOP Senate nominee Michele Tafoya is making her pitch to vo… [+3433 chars]",fox-news,Fox News
,Foster Griffin gives Cleveland Guardians the edge in American League Central division matchup,Foster Griffin's ace-level stats give the Cleveland Guardians an edge against Framber Valdez in this American League Central Division pitching matchup.,https://www.foxnews.com/sports/foster-griffin-gives-cleveland-guardians-edge-american-league-central-division-matchup,https://static.foxnews.com/foxnews.com/content/uploads/2026/07/manzardo-gran-slam-celebration.jpg,2026-08-12T14:26:28Z,"Only one baseball play from me yesterday, but it was a winner. Dylan Cease remained in control of the Boston Red Sox, and that hot streak they've been having has now turned into a cold streak. Still,… [+3236 chars]",fox-news,Fox News
,Texas mom accused of killing 3-year-old daughter captured in Mexico after nearly 30 years on the run,"Maria Narez fled to Mexico before her 1997 capital murder trial in the death of 3-year-old Kasandra White. Now, a joint effort has ended her run.",https://www.foxnews.com/us/texas-mom-accused-killing-3-year-old-daughter-captured-mexico-nearly-30-years-run,https://static.foxnews.com/foxnews.com/content/uploads/2026/08/Maria-Narez-002.jpg,2026-08-12T14:23:44Z,"A Texas woman accused of killing her 3-year-old daughter was captured in Mexico after nearly 30 years on the run, ending a search that began when she disappeared before she could face trial on a capi… [+2724 chars]",fox-news,Fox News
,"Unknown military aircraft caught on video near Wichita, Kansas base sparks B-21 Raider speculation","Video captures a mysterious gray military aircraft near McConnell Air Force Base in Wichita, Kansas that appears to be the B-21 Raider stealth bomber.",https://www.foxnews.com/outkick-culture/unknown-military-aircraft-caught-video-wichita-kansas-base-sparks-b-21-raider-speculation,https://static.foxnews.com/foxnews.com/content/uploads/2026/08/Mysterious_Aircraft.jpg,2026-08-12T14:13:12Z,"Some incredible footage has surfaced of an unknown military aircraft.
There are few topics on the internet that draw more fascination and attention than plane spotting, especially when it comes to m… [+1651 chars]",fox-news,Fox News
,Naked former California swim champion accused of killing security guard at Hawaii resort,"Legend Storer, a former Concordia University Irvine swimmer, was allegedly naked when he is accused of attacking a Maui, Hawaii resort security guard found dead later.",https://www.foxnews.com/us/naked-former-california-swim-champion-accused-killing-security-guard-hawaii-resort,https://static.foxnews.com/foxnews.com/content/uploads/2026/08/hawaii-murders-thumb.jpg,2026-08-12T14:00:28Z,"A former California college swimmer was naked when he allegedly attacked a graveyard shift security guard who was found dead hours later at a Maui, Hawaii resort, authorities said.
Legend Storer, 20… [+3344 chars]",fox-news,Fox News
,'Fire Country' star Diane Farr reveals where she now lives after leaving Los Angeles behind,"Diane Farr reveals she left Los Angeles after 30 years for rural Washington and plans to split time between Vancouver and Spain in her ""third act.""",https://www.foxnews.com/entertainment/fire-country-star-diane-farr-reveals-where-she-now-lives-leaving-los-angeles,https://static.foxnews.com/foxnews.com/content/uploads/2026/08/diane-farr.jpg,2026-08-12T14:00:08Z,"""Fire Country"" star Diane Farr has revealed where she is now living after leaving Los Angeles behind.
During an interview with Fox News Digital, Farr explained that once her children went off to col… [+4829 chars]",fox-news,Fox News
,Unearthed interview reveals El-Sayed’s Sharia ‘obligation’: ‘Not because of fear’,"Abdul El-Sayed, the Democratic nominee for Michigan Senate, pledged fealty to Sharia law in a resurfaced 2009 New York Times interview about mortgages.",https://www.foxnews.com/politics/unearthed-interview-reveals-el-sayeds-sharia-obligation-not-because-fear,https://static.foxnews.com/foxnews.com/content/uploads/2026/08/el-sayed-party1-scaled_1280x720.jpg,2026-08-12T17:58:31Z,"Abdul El-Sayed, the Democratic nominee for Senate in Michigan, said he felt religiously obligated to follow Sharia-compliant practices in a resurfaced 2009 interview with The New York Times.
""Ultima… [+2982 chars]",fox-news,Fox News
,49ers WAGs are wisely getting in some bikini time before the season far away from the curse of the substation,Claire Kittle and Kristin Juszczyk jetted off to Italy for a training camp bikini vacation as their husbands battle injuries back in San Francisco.,https://www.foxnews.com/outkick-sports/49ers-wags-wisely-getting-bikini-time-before-season-away-curse-substation,https://static.foxnews.com/foxnews.com/content/uploads/2026/08/kristin-juszczyk-claire-kittle-pre-super-bowl-dinner.jpg,2026-08-12T17:54:52Z,"It seems like every offseason the 49ers WAGs make all the right moves. It's an elite group of veterans who don't mess around when the season ends.
Earlier this offseason, it was Olivia Culpo, who is… [+1894 chars]",fox-news,Fox News
,Luigi Mangione hearing set for Friday stirs plea deal speculation in his federal case,"Luigi Mangione's defense and federal prosecutors jointly requested a conference for Friday, fueling plea deal speculation ahead of his state murder trial.",https://www.foxnews.com/us/luigi-mangione-hearing-friday-stirs-plea-deal-speculation-federal-case,https://static.foxnews.com/foxnews.com/content/uploads/2026/08/luigi-mangione-court-unitedhealthcare-ceo-murder-fox-news_009.jpg,2026-08-12T17:52:01Z,Justice Department prosecutors and defense attorneys for accused assassin Luigi Mangione asked a U.S. judge Tuesday to set a conference Friday morning prompting speculation that the 28-year-old could… [+2627 chars],fox-news,Fox News
,Freed Marine returns home 'very frail' after Russian 'nightmare' as family advocate urges Trump to free others,"Robert Gilman was unable to walk off the plane after more than 1,660 days in Russian custody, and now faces an extensive physical and mental recovery.",https://www.foxnews.com/media/freed-marine-returns-home-very-frail-russian-nightmare-family-advocate-urges-trump-free-others,https://static.foxnews.com/foxnews.com/content/uploads/2026/08/Robert_Gilman.jpg,2026-08-12T17:51:13Z,"After more than 1,660 days in Russian custody, U.S. Marine veteran Robert Gilman is finally home but new details about his deteriorated health following the years-long ""nightmare"" suggest his ordeal … [+2416 chars]",fox-news,Fox News
,NJ woman found stabbed to death in Somerville home 15 miles from unsolved Brooke Hanlon killing,"A 46-year-old woman was found brutally stabbed in her Somerville home in New Jersey, just 15 miles from where Brooke Hanlon was killed in Chester.",https://www.foxnews.com/us/nj-woman-found-stabbed-death-somerville-home-15-miles-unsolved-brooke-hanlon-killing,https://static.foxnews.com/foxnews.com/content/uploads/2026/08/woman-found-dead-in-somerville-nj-home-near-brooke-hanlon-5.jpg,2026-08-12T17:41:52Z,"Investigators in New Jersey are looking into what led to the fatal stabbing of a woman inside her Somerville home.
The Somerset County Prosecutor's Office confirmed Alyne Espinal, 46, was discovered… [+2041 chars]",fox-news,Fox News
,"NJ woman found with multiple stab wounds at home in affluent county, husband arrested","A 46-year-old woman was found brutally stabbed in her Somerville home in New Jersey, just 15 miles from where Brooke Hanlon was killed in Chester.",https://www.foxnews.com/us/nj-woman-found-multiple-stab-wounds-home-affluent-county-husband-arrested,https://static.foxnews.com/foxnews.com/content/uploads/2026/08/woman-found-dead-in-somerville-nj-home-near-brooke-hanlon-5.jpg,2026-08-12T17:41:52Z,"Investigators in New Jersey are looking into what led to the fatal stabbing of a woman inside her Somerville home.
The Somerset County Prosecutor's Office confirmed Alyne Espinal, 46, was discovered… [+1607 chars]",fox-news,Fox News
,"Boater scared off alligator, then used rope to stop bleeding after Florida woman lost arm",A boater used rope from his vehicle as a makeshift tourniquet after an alligator grabbed a swimmer's arm in Florida's Silver River and pulled her underwater.,https://www.foxnews.com/travel/boater-scared-off-alligator-used-rope-stop-bleeding-florida-woman-lost-arm,https://static.foxnews.com/foxnews.com/content/uploads/2026/08/alligator.jpg,2026-08-12T17:32:30Z,"The woman who lost her right arm in a vicious alligator attack in Florida on Saturday has been identified as Dina Rae Spann.
The attack happened Saturday afternoon in the Silver River in Marion Coun… [+2942 chars]",fox-news,Fox News
,Jewish Dem defections threaten El-Sayed in Michigan Senate race decided by razor-thin margins,Some Jewish voters in Michigan say they may cross party lines to support Mike Rogers over Abdul El-Sayed in the senate election over antisemitism and Israel concerns.,https://www.foxnews.com/politics/jewish-dem-defections-threaten-el-sayed-michigan-senate-race-decided-razor-thin-margins,https://static.foxnews.com/foxnews.com/content/uploads/2026/04/voters-2024-michigan.jpeg,2026-08-12T17:24:15Z,"Jewish voters could provide the decisive margin in Michigans November Senate election, particularly as some lifelong Democrats say they are prepared to cross party lines following and vote for Republ… [+10003 chars]",fox-news,Fox News
Fox News,Hasan Piker warns ‘the knives will be out’ after Francesca Hong’s Wisconsin defeat | Fox News Video,Far-left streamer Hasan Piker reacted to Francesca Hong’s loss in Wisconsin’s Democratic gubernatorial primary by warning that the Democratic establishment will no longer underestimate the socialist left and that “the knives will be out.”,https://www.foxnews.com/video/6403275981112,https://a57.foxnews.com/cf-images.us-east-1.prod.boltdns.net/v1/static/694940094001/905e42b6-bc95-49b2-9dfa-0ca10917e122/218a6ae2-9d67-42eb-a2ef-068582c8e622/1280x720/match/1024/512/image.jpg?ve=1&tl=1,2026-08-12T17:09:02Z,"©2026 Fox News Network, LLC. All rights reserved. This material may not be published, broadcast, rewritten, or redistributed. All market data delayed 20 minutes.",fox-news,Fox News
,Marine veteran Robert Gilman returns to US soil as Trump admin fulfills request: 'No American left behind',"Photos show Robert Gilman arriving on U.S. soil, where he was met by Steve Witkoff and Sebastian Gorka after the Trump administration secured his release.",https://www.foxnews.com/politics/marine-veteran-robert-gilman-returns-us-soil-trump-admin-fulfills-request-no-american-left-behind,https://static.foxnews.com/foxnews.com/content/uploads/2026/08/Robert-Gilman-1.jpg,2026-08-12T16:57:27Z,"Photos and video emerged Wednesday showing Marine veteran Robert Gilman back on American soil following his release from Russian custody.
Gilman, a U.S. citizen who was arrested on Jan. 17, 2022, in… [+3102 chars]",fox-news,Fox News
,"Ben Affleck directs, stars in Netflix kidnapping thriller 'Animals' coming this October","Ben Affleck directs and stars in Netflix kidnapping thriller ""Animals"" alongside Kerry Washington and Steven Yeun, arriving Oct. 9, 2026.",https://www.foxnews.com/outkick-culture/ben-affleck-directs-stars-netflix-kidnapping-thriller-animals-october,https://static.foxnews.com/foxnews.com/content/uploads/2026/08/Animals_Teaser.jpeg_002.jpg,2026-08-12T16:51:47Z,"The first preview has arrived for Ben Affleck's new movie ""Animals.""
Basic info:
<ul><li>Streaming platform: Netflix</li><li>Plot: When their son is kidnapped, a Los Angeles mayoral candidate and h… [+1958 chars]",fox-news,Fox News
,‘Grease’ star Stockard Channing says she’s ‘happy being a recluse’ after leaving America,"Stockard Channing revealed her reclusive London lifestyle, morning routine with her dog, and why her longtime partner's death shifted everything.",https://www.foxnews.com/entertainment/grease-star-stockard-channing-says-shes-happy-being-recluse-after-leaving-america,https://static.foxnews.com/foxnews.com/content/uploads/2026/08/stockard-channing.jpg,2026-08-12T16:50:07Z,"Stockard Channing admitted she's ""happy being a recluse"" as she reflected on her quiet lifestyle after fleeing the states for the United Kingdom.
The ""Grease"" star began living in London ""just befor… [+3959 chars]",fox-news,Fox News
,"'House' star Hugh Laurie defends Sophie Cunningham, says men don't belong in women's sports",Hugh Laurie voiced strong support for WNBA star Sophie Cunningham's stance against transgender athletes competing in women's sports leagues.,https://www.foxnews.com/outkick-sports/house-star-hugh-laurie-defends-sophie-cunningham-says-men-dont-belong-womens-sports,https://static.foxnews.com/foxnews.com/content/uploads/2026/08/hugh-laurie-smiling.jpg,2026-08-12T16:35:57Z,"English actor and comedian Hugh Laurie has shared his opinion about whether transgender athletes should be allowed to compete in women's sports, and it's one that some in Hollywood won't take kindly … [+2157 chars]",fox-news,Fox News
,"'Decoy' Air Force One was protected by US fighter jets, official says",U.S. fighter jets escorted the decoy Air Force One carrying the press corps and senior staff to the United Kingdom after Trump's secret plane swap.,https://www.foxnews.com/politics/decoy-air-force-one-protected-us-fighter-jets-official-says,https://static.foxnews.com/foxnews.com/content/uploads/2026/08/pool-air-force-one.jpg,2026-08-12T16:31:56Z,"The ""decoy"" Air Force One that President Donald Trump was snuck off of was protected by U.S. fighter jets on its flight to the United Kingdom, a senior Trump administration official told Fox News on … [+3055 chars]",fox-news,Fox News
,DOJ heavyweights throw monkey wrench in Dem plans to put Trump allies in hot seat,President Donald Trump's private advisors can now claim executive privilege under a new Justice Department memo as Democrats vow investigations.,https://www.foxnews.com/politics/doj-heavyweights-throw-monkey-wrench-dem-plans-put-trump-allies-hot-seat,https://static.foxnews.com/foxnews.com/content/uploads/2026/08/Split-Capitol-Trump.png,2026-08-12T16:30:03Z,"President Donald Trump's private advisors and attorneys are now protected by executive privilege as long as their conversations relate to the president's official decision-making, according to a Tues… [+3442 chars]",fox-news,Fox News
,White House pushed for protocol to preserve correspondents' credibility after Trump's secret plane switch,WHCA president Jacqui Heinrich met with Trump administration officials to address press safety and pool reporting credibility after the president's secret plane swap.,https://www.foxnews.com/media/white-house-pushed-protocol-preserve-correspondents-credibility-after-trumps-secret-plane-switch,https://static.foxnews.com/foxnews.com/content/uploads/2026/08/donald-trump-boards-air-force-one-morristown.jpg,2026-08-12T16:25:16Z,The White House Correspondents Association (WHCA) is addressing concerns about President Donald Trumps top-secret plane switch in order to preserve pool credibility and accurately chronicle the presi… [+5125 chars],fox-news,Fox News
,Ukraine pounds Black Sea Fleet’s ‘last major stronghold’ while Putin flexes naval power in Pacific,Putin threatened to seize European vessels from the Russian Black Sea to the Pacific after Ukraine's drone attack crippled Novorossiysk grain terminals.,https://www.foxnews.com/world/ukraine-pounds-black-sea-fleets-last-major-stronghold-while-putin-flexes-naval-power-pacific,https://static.foxnews.com/foxnews.com/content/uploads/2026/08/Romania.gif,2026-08-12T16:15:58Z,"Russian President Vladimir Putin threatened Wednesday to seize European vessels in retaliation if European countries begin seizing Russian merchant ships, as Ukraine launched a major overnight attack… [+4798 chars]",fox-news,Fox News
,8-year-old boy reels in bizarre surprise during weekend fishing trip at Pennsylvania lake,"Seamus Coffey was fishing for bass in Pennsylvania's Ridley Park Lake when he reeled in a piranha, later confirmed by the state Fish and Boat Commission.",https://www.foxnews.com/outkick-culture/8-year-old-boy-reels-bizarre-surprise-weekend-fishing-trip-pennsylvania-lake,https://static.foxnews.com/foxnews.com/content/uploads/2026/08/father-son-fishing-outdoors-summertime.jpg,2026-08-12T16:03:47Z,"An 8-year-old boy went fishing for bass and catfish in Pennsylvania over the weekend and instead hauled in something that belongs roughly 4,000 miles farther south.
A piranha.
CLICK HERE FOR MORE O… [+3251 chars]",fox-news,Fox News
,Peggy Flanagan was Minnesota's No 2 official as massive fraud scandal exploded under state's watch,"Minnesota Lt. Gov. Peggy Flanagan just scored the Democratic nomination for Senate, but she's hampered by some heavy baggage: her role during the Minnesota fraud scandal.",https://www.foxnews.com/politics/peggy-flanagan-minnesotas-no-2-official-massive-fraud-scandal-exploded-under-states-watch,https://static.foxnews.com/foxnews.com/content/uploads/2026/08/peggy-flanagan-fraud-tafoya.jpg,2026-08-12T16:00:44Z,"Minnesota's new Democratic nominee for Senate has baggage heading into the November election: the massive fraud scandal that rippled through the Land of 10,000 Lakes happened right under her nose.  … [+4111 chars]",fox-news,Fox News
,This No. 1 best-selling steam cleaner just dropped to an all-time low on Amazon,"Clean floors, furniture and outdoor surfaces with this versatile steam cleaner that's down to just $50 off on Amazon — its lowest price ever.",https://www.foxnews.com/deals/steam-cleaner-amazon-deal,https://static.foxnews.com/foxnews.com/content/uploads/2026/08/this-best-selling-amazon-steam-cleaner-just-dropped-to-an-all-time-low.jpg,2026-08-12T19:56:47Z,"With fall around the corner, nows a good time to clean up summer messes and get your home ready for the season ahead. This portable steam cleaner, now at an all-time low, tackles stuck-on grime and s… [+2145 chars]",fox-news,Fox News
,"Trump says Karoline Leavitt will leave White House press secretary role, become outside advisor","White House press secretary Karoline Leavitt will leave her role at the end of the month to spend more time with her family, President Donald Trump announced.",https://www.foxnews.com/politics/trump-says-karoline-leavitt-leave-white-house-press-secretary-role-become-outside-advisor,https://static.foxnews.com/foxnews.com/content/uploads/2026/03/karoline-leavitt-iran-briefing.jpg,2026-08-12T19:51:55Z,"President Donald Trump announced that White House press secretary Karoline Leavitt will leave her role at the end of the month to spend more time with her family.
Trump announced Leavitt's departure… [+1418 chars]",fox-news,Fox News
,"Cowboys WAG Haley Cavinder fires back at a nasty troll, Pat McAfee triggers the mob & Seahawks coach loses it!","Haley Cavinder fires back at an internet troll who mocked her looks, while Pat McAfee faces backlash for sitting with Trump at a high school event.",https://www.foxnews.com/outkick-sports/cowboys-wag-haley-cavinder-fires-back-nasty-troll-pat-mcafee-triggers-mob-seahawks-coach-loses-it,https://static.foxnews.com/foxnews.com/content/uploads/2026/08/cavinderferguson.jpg,2026-08-12T19:50:55Z,"'Nightcaps' is a daily column that catches you up on the biggest sports, news and culture stories you may have missed while pretending to do work at your desk. It runs MondayFriday on OutKick.com.
S… [+6220 chars]",fox-news,Fox News
,Former SPLC official arrested as feds expand case over alleged $4M scheme involving extremist groups,"The Southern Poverty Law Center allegedly funneled $4.1 million in donor funds to extremists for KKK robes, cross burnings and member recruitment.",https://www.foxnews.com/politics/former-splc-official-arrested-feds-expand-case-alleged-4m-scheme-involving-extremist-groups,https://static.foxnews.com/foxnews.com/content/uploads/2026/08/todd-blanche-justice-department-news-conference.jpg,2026-08-12T19:46:59Z,A former top Southern Poverty Law Center (SPLC) official was arrested on charges Wednesday as federal prosecutors unveiled sweeping new allegations that donated money was allegedly secretly funneled … [+5291 chars],fox-news,Fox News
,ICE asks Kentucky officials to hold previously deported man charged with rape while working as landlord,ICE lodged an immigration detainer in Louisville after Rolando Cenobio Vasquez was charged with rape and human trafficking of a 15-year-old girl.,https://www.foxnews.com/us/ice-asks-kentucky-officials-hold-previously-deported-man-charged-rape-working-landlord,https://static.foxnews.com/foxnews.com/content/uploads/2026/08/Rolando-Vasquez-ICE-001.jpg,2026-08-12T19:40:07Z,"Federal immigration officials are asking a Kentucky jail to hold an illegal immigrant charged with rape, human trafficking and sexual abuse while working as a landlord, so he can be taken into custod… [+1781 chars]",fox-news,Fox News
,Molly Sims calls out Hollywood for lying about beauty secrets,"Molly Sims slammed Hollywood's fake beauty secrets, saying stars lie about drinking water and sleep when facelifts and peptides tell the real story.",https://www.foxnews.com/entertainment/molly-sims-calls-out-hollywood-lying-beauty-secrets,https://static.foxnews.com/foxnews.com/content/uploads/2026/08/molly-sims-baby-2-baby.jpg,2026-08-12T19:32:51Z,"Molly Sims is getting real about Hollywood spewing fake beauty secrets.
During a recent interview with US Magazine, the 53-year-old model slammed people in Hollywood for lying about how they maintai… [+2879 chars]",fox-news,Fox News
,Illegal immigrant charged with brutal slaying one day after California judge released him,A California judge released Marcos Iriarte-Valdez on his own recognizance one day before he allegedly stabbed 68-year-old Todd Stewart in Martinez.,https://www.foxnews.com/politics/illegal-immigrant-charged-brutal-slaying-one-day-after-california-judge-released-him,https://static.foxnews.com/foxnews.com/content/uploads/2018/09/ice-raids-latino-6.jpg,2026-08-12T19:30:57Z,A California judge in the Bay Area released an illegal immigrant who had been in custody on burglary charges one day before prosecutors say he murdered a 68-year-old retiree in his Martinez neighborh… [+3735 chars],fox-news,Fox News
,"Colorado football opens practice to fans and reporters, but treats it like a classified Pentagon briefing","Deion Sanders opened Colorado football practice to fans but banned all phones, cameras, notepads, and any reporting of what was observed on field.",https://www.foxnews.com/outkick-sports/colorado-football-opens-practice-fans-reporters-treats-like-classified-pentagon-briefing,https://static.foxnews.com/foxnews.com/content/uploads/2026/08/deion-sanders-colorado-buffaloes-west-virginia.jpg,2026-08-12T19:28:37Z,"Colorado opened its doors to football fans on Wednesday to get a sneak peek at the 2026 roster ahead of the upcoming season, but don't expect to see any highlights or practice reports from local medi… [+5609 chars]",fox-news,Fox News
,Cancer warning signs may appear in DNA years before blood tests detect trouble,DNA changes in certain blood cancers may signal progression to acute myeloid leukemia or myelofibrosis years before routine blood tests detect them.,https://www.foxnews.com/health/cancer-warning-signs-may-appear-dna-years-before-blood-tests-detect-trouble,https://static.foxnews.com/foxnews.com/content/uploads/2026/08/scientists-dna.jpg,2026-08-12T19:23:22Z,"DNA patterns could reveal whether certain blood cancers are progressing years before routine tests detect those changes, new research suggests.
The study, published in the journal Cancer Discovery b… [+4213 chars]",fox-news,Fox News
,"Nancy Pelosi denies knowing about Biden's decline, claims those who knew 'should have acted'","Nancy Pelosi denied knowing about Joe Biden's decline but said those who did know ""should have acted"" sooner during an interview on Tuesday.",https://www.foxnews.com/media/nancy-pelosi-denies-knowing-biden-decline-claims-those-knew-should-have-acted,https://static.foxnews.com/foxnews.com/content/uploads/2024/07/nancy-pelosi-joe-biden.jpg,2026-08-12T19:20:33Z,"Former House Speaker Nancy Pelosi denied knowing anything about former President Joe Biden's decline on Tuesday, but said those who did know ""should have acted"" on the information.
Pelosi said repea… [+3460 chars]",fox-news,Fox News
,American F1 team makes shocking midseason change in bid to right the ship amid difficult season,Cadillac Formula 1 Team parts ways with Graeme Lowdon and hires former Alpine executive Marcin Budkowski as the last-place squad seeks answers.,https://www.foxnews.com/outkick-sports/american-f1-team-makes-shocking-midseason-change-bid-right-ship-amid-difficult-season,https://static.foxnews.com/foxnews.com/content/uploads/2026/08/cadillac-f1-hungary.jpg,2026-08-12T19:16:12Z,"It's the Formula 1 summer break, which typically means news reduces to a trickle, but we've got a stunner coming out of the Cadillac camp.
F1's newest team has not had the easiest of seasons and is … [+2328 chars]",fox-news,Fox News
,"Tim Scott goes scorched earth on El-Sayed: 'He's for Hamas, but he's against America'","Trump Republican Mike Rogers eyes Michigan's open Senate seat as the Senate GOP's Tim Scott claims Abdul El-Sayed is ""for Hamas"" and anti-American.",https://www.foxnews.com/politics/tim-scott-goes-scorched-earth-el-sayed-hes-hamas-hes-against-america,https://static.foxnews.com/foxnews.com/content/uploads/2026/08/Abdul-El-Sayed-Detroit-Michigan-August-5_-2026_001.jpg,2026-08-12T19:11:22Z,"FIRST ON FOX: The Senate GOPs elections chief said Michigan voters have a clear-cut choice: pick a Trump-backed Republican or support an insurgent progressive who is ""for Hamas.""
""By going with [Dr.… [+4138 chars]",fox-news,Fox News
,"Bystander shot dead after intervening in man, woman's roadside fight; murder suspect was out on bond",Raul Lionel Vazquez allegedly shot a man who was running away after intervening in a roadside fight following a car crash in Apopka.,https://www.foxnews.com/us/bystander-shot-dead-intervening-man-womans-roadside-fight-murder-suspect-out-bond,https://static.foxnews.com/foxnews.com/content/uploads/2026/08/raul-vazquez-escorted.png,2026-08-12T19:06:44Z,A Florida man was shot dead after intervening in a roadside fight between a man and woman following a car crash allegedly at the hands of a suspect who was already out on bond in a separate aggravate… [+3448 chars],fox-news,Fox News
,Trump's Air Force One shell game: How years of decoy tactics led to a catering-truck switch,"President Donald Trump secretly exited Air Force One into a catering truck in Ankara amid a credible Iranian threat, flying on a military jet under a nondescript call sign.",https://www.foxnews.com/politics/trump-air-force-one-shell-game-years-decoy-tactics-led-catering-truck-switch,https://static.foxnews.com/foxnews.com/content/uploads/2026/08/donald-trump-boarding-air-force-one.jpg,2026-08-12T19:04:25Z,"President Donald Trump's cloak-and-dagger departure from Ankara, Turkey, last month secretly slipping off the plane he was seen boarding was an extraordinary security maneuver, but the playbook for d… [+11869 chars]",fox-news,Fox News
,Meet the Democrat who narrowly defeated socialist rival in key swing-state battle over the party’s future,"Wisconsin Democrats chose David Crowley over DSA member Francesca Hong after Tony Evers rallied behind him, calling him ""the future of the party.""",https://www.foxnews.com/politics/democrat-narrowly-defeated-socialist-rival-key-swing-state-battle-partys-future,https://static.foxnews.com/foxnews.com/content/uploads/2026/08/Crowley.jpg,2026-08-12T19:03:50Z,"Wisconsin Democrats narrowly chose Milwaukee County Executive David Crowley over state Rep. Francesca Hong in the crucial swing state, handing the gubernatorial nomination to a more moderate candidat… [+6755 chars]",fox-news,Fox News
,Denny Hamlin chases monster largemouth bass in Texas with Bassmaster pro Chris Zaldain,"From NASCAR speeds to patient casts, Denny Hamlin hauled in multiple trophy largemouth bass alongside Elite Series pro Chris Zaldain in Texas.",https://www.foxnews.com/outkick-sports/denny-hamlin-chases-monster-largemouth-bass-texas-bassmaster-pro-chris-zaldain,https://static.foxnews.com/foxnews.com/content/uploads/2026/08/hamlin-zaldain.jpg,2026-08-12T18:55:49Z,"Denny Hamlin spends most weekends trying to go faster than everyone else.
But apparently, when he's not behind the wheel of a race car, he'd rather slow things down. Way, way down.
CLICK HERE FOR M… [+3239 chars]",fox-news,Fox News
,"Chiefs legend not ready to say dynasty is over despite Patrick Mahomes' injury, Travis Kelce's final days",Tony Gonzalez tells Fox News Digital why he believes Patrick Mahomes and the Kansas City Chiefs have a real shot at making a deep playoff run this season.,https://www.foxnews.com/sports/chiefs-legend-not-ready-say-dynasty-over-despite-patrick-mahomes-injury-travis-kelce-final-days,https://static.foxnews.com/foxnews.com/content/uploads/2026/08/tony-gonzalez-chiefs-broncos-arrowhead.jpg,2026-08-12T18:50:05Z,"After winning back-to-back Super Bowls, reality has set in for the Kansas City Chiefs.
They got shellacked in Super Bowl LIX by the Philadelphia Eagles and then missed the playoffs this past season … [+3507 chars]",fox-news,Fox News
,"Dan Dakich torches Fever coach Stephanie White for her pre-game remarks: ""Dumbest coach I've ever seen""","Dan Dakich rips Stephanie White's pre-game speech, calling the Indiana Fever coach the ""dumbest human being to ever coach a professional sport.""",https://www.foxnews.com/outkick-sports/dan-dakich-torches-fever-coach-stephanie-white-pre-game-remarks-dumbest-coach-ive-ever-seen,https://static.foxnews.com/foxnews.com/content/uploads/2026/08/stephanie-white.jpg,2026-08-12T18:44:40Z,"Reactions are pouring in after Indiana Fever head coach Stephanie White's pregame remarks on Tuesday night ahead of her team's 106-92 win over the New York Liberty.
Now, OutKick's Dan Dakich who kno… [+2395 chars]",fox-news,Fox News
,"Nick Reiner indicted in murders of parents Rob Reiner, Michele Singer Reiner at Brentwood home",Nick Reiner faces two murder charges and special circumstance allegations in the stabbing deaths of his parents at their Brentwood home in December.,https://www.foxnews.com/entertainment/nick-reiner-indicted-murders-parents-rob-reiner-michele-singer-reiner-brentwood-home,https://static.foxnews.com/foxnews.com/content/uploads/2026/02/nick-reiner-court-hearing-murder-trial-rob-reiner-011.jpg,2026-08-12T18:43:20Z,"Nick Reiner pleaded not guilty Wednesday after a grand jury indicted him on murder charges in the stabbing deaths of his parents, actor-director Rob Reiner and photographer-producer Michele Singer Re… [+1464 chars]",fox-news,Fox News
,Travis Kelce calls marrying Taylor Swift at Madison Square Garden 'the best night of my life',"Travis Kelce called his Madison Square Garden wedding to Taylor Swift ""the best night of my life"" at Chiefs training camp on Wednesday afternoon.",https://www.foxnews.com/sports/travis-kelce-calls-marrying-taylor-swift-madison-square-garden-best-night-my-life,https://static.foxnews.com/foxnews.com/content/uploads/2026/08/6c44878a-travis-kelce-chiefs-training-camp_001.jpg,2026-08-12T18:41:10Z,"Kansas City Chiefs tight end Travis Kelce had the offseason of his dreams as, just before training camp got underway, he and Taylor Swift had the wedding of their dreams.
The 36-year-old spoke to re… [+3609 chars]",fox-news,Fox News
,"Feds bust one of the largest marriage fraud schemes in US history involving 1,000-plus Chinese sham unions","Federal charges target 11 defendants in a marriage fraud network that arranged over 1,000 sham unions for Chinese nationals seeking green cards.",https://www.foxnews.com/politics/feds-bust-largest-marriage-fraud-schemes-us-history-involving-1000-chinese-sham-unions,https://static.foxnews.com/foxnews.com/content/uploads/2026/08/chinese-marriage-fraud-001.jpg,2026-08-12T18:36:52Z,"Nearly a dozen people tied to a decade-long marriage fraud network allegedly involving more than 1,000 sham unions face federal charges related to a scheme that charged Chinese nationals up to $100,0… [+4570 chars]",fox-news,Fox News
,Brooks Nader ditches bikini top in front of dad and sparks fierce fan debate,"Brooks Nader went topless during a Sardinian beach day with her dad and family, sparking heated debate over the Sports Illustrated model's bold move.",https://www.foxnews.com/entertainment/brooks-nader-ditches-bikini-top-front-dad-sparks-fierce-fan-debate,https://static.foxnews.com/foxnews.com/content/uploads/2026/08/brooks-nader-17.jpg,2026-08-12T18:27:39Z,Brooks Nader turned a sun-soaked Sardinian getaway into a full-on family spectacle when the model ditched her swimsuit top in front of her dad and relatives leaving everyone with nowhere to look but … [+1880 chars],fox-news,Fox News
,Ranking the ten best college football coaches in the country ahead of the 2026 season,"Curt Cignetti tops the ranking of college football's 10 best coaches, edging out Kirby Smart and Ryan Day after Indiana's historic national title.",https://www.foxnews.com/outkick-sports/ranking-ten-best-college-football-coaches-country-ahead-2026-season,https://static.foxnews.com/foxnews.com/content/uploads/2025/01/marcus-freeman-and-team-after-indiana-win.jpg,2026-08-12T18:23:52Z,"With the changes happening in college football over the last half decade, most notably NIL and the transfer portal, the proliferation of talent in the game has been as balanced as ever.
With that, y… [+11897 chars]",fox-news,Fox News
,U-Haul worker allegedly shoots co-worker dead after argument during shift: Police,"Devin Rice allegedly shot co-worker Fredrick Lytton multiple times during an argument over a drink at a Nashville U-Haul location, police say.",https://www.foxnews.com/us/u-haul-worker-allegedly-shoots-co-worker-dead-argument-shift-police,https://static.foxnews.com/foxnews.com/content/uploads/2026/08/Rice-Lytton.jpg,2026-08-12T18:21:28Z,"A Nashville U-Haul employee allegedly gunned down his 56-year-old co-worker during a shift, as police say he fired several shots after the two men were arguing over a drink.
Devin Rice, 23, was arre… [+1829 chars]",fox-news,Fox News
,Fired Texas judge speaks out as dirty-water firestorm engulfs town,"Jennifer Combs' Facebook post about Trinidad water led to her felony arrest, a fired judge, and a Texas Rangers investigation now rocking the city.",https://www.foxnews.com/tech/fired-texas-judge-speaks-dirty-water-firestorm-engulfs-town,https://static.foxnews.com/foxnews.com/content/uploads/2026/08/Trinidad-Texas-Fired-Judge.jpg,2026-08-12T18:15:57Z,"When we first introduced you to Jennifer Combs, the facts already sounded hard to believe. The Texas mom said police arrested her after she used Facebook to collect complaints about discolored water … [+12386 chars]",fox-news,Fox News
,"3 dead, including child, in 'domestic-related homicide' at Minneapolis-area daycare: police","Hopkins Police Chief Brent Johnson said three people, including a child, were found dead inside a daycare after officers responded to a domestic call.",https://www.foxnews.com/us/dead-including-child-domestic-related-homicide-minneapolis-area-daycare-police,https://static.foxnews.com/foxnews.com/content/uploads/2026/08/Hopkins-daycare-1.jpg,2026-08-12T18:11:05Z,"Three people, including a child, have been found dead in a ""domestic-related homicide"" at an in-home daycare near Minneapolis on Wednesday, police said.
If you or someone you know is having thoughts… [+2783 chars]",fox-news,Fox News
,Hasan Piker warns ‘the knives will be out’ after socialist Francesca Hong falls in Wisconsin upset,"Hasan Piker warned ""the knives will be out"" for socialists after Francesca Hong lost the Wisconsin Democratic gubernatorial primary to David Crowley.",https://www.foxnews.com/media/hasan-piker-warns-knives-out-socialist-francesca-hong-falls-wisconsin-upset,https://static.foxnews.com/foxnews.com/content/uploads/2026/08/hong-omar-piker-rally-fox-news.jpg,2026-08-12T18:08:05Z,"Far-left streamer Hasan Piker warned Tuesday night that ""the knives will be out"" for the socialist left after Wisconsin state Rep. Francesca Hong lost the Democratic gubernatorial primary to Milwauke… [+3330 chars]",fox-news,Fox News
,LeBron James’ 76ers debut set for blockbuster Knicks showdown at MSG,LeBron James and the revamped Philadelphia 76ers will face the defending champion New York Knicks at Madison Square Garden on NBA opening night.,https://www.foxnews.com/sports/lebron-james-76ers-debut-blockbuster-knicks-showdown-msg,https://static.foxnews.com/foxnews.com/content/uploads/2026/07/7724e183-lebron-james-lakers-thunder-playoffs.jpg,2026-08-12T18:01:52Z,"LeBron James first game as a member of the Philadelphia 76ers will come at the worlds most famous arena.
James 76ers will take on the defending NBA champion New York Knicks on Oct. 20 at 7 p.m. ET a… [+1869 chars]",fox-news,Fox News
,"Russell Westbrook retires after 18 wild NBA seasons, leaving behind one of basketball's craziest careers","Russell Westbrook retires after 18 NBA seasons with 209 career triple-doubles, the 2017 MVP award, nine All-Star nods and two scoring titles.",https://www.foxnews.com/outkick-sports/russell-westbrook-retires-after-18-wild-nba-seasons-leaving-behind-one-basketballs-craziest-careers,https://static.foxnews.com/foxnews.com/content/uploads/2022/06/russell-westbrook-nba.jpg,2026-08-12T21:55:07Z,"The NBAs human battering ram just called it a career.
Russell Westbrook made it official Wednesday, walking away after 18 seasons of anger-fueled basketball.
The 37-year-old broke the news with a f… [+2827 chars]",fox-news,Fox News
,Raiders' No. 1 pick Fernando Mendoza will get 'plenty of experience' in preseason debut Thursday,"Raiders head coach Klint Kubiak said that Fernando Mendoza, the No. 1 overall pick of the 2026 NFL Draft, will get ""plenty of experience"" as he's set for first preseason action.",https://www.foxnews.com/sports/raiders-no-1-pick-fernando-mendoza-plenty-experience-preseason-debut-thursday,https://static.foxnews.com/foxnews.com/content/uploads/2026/05/fernando-mendoza-raiders-fox-news-002.jpeg,2026-08-12T21:45:58Z,"Preseason football are not always the most exciting games to watch, but Las Vegas Raiders fans will surely be tuned in Thursday night against the Arizona Cardinals.
Fernando Mendoza, the No. 1 pick … [+2141 chars]",fox-news,Fox News
,Hasan Piker cheers Mamdani aide going 'beast mode' with 'impoverish the White middle-class' remark,"Hasan Piker called Cea Weaver ""beast mode"" after Bill Maher highlighted the Zohran Mamdani aide's comments about impoverishing the White middle class.",https://www.foxnews.com/politics/hasan-piker-cheers-mamdani-aide-beast-mode-impoverish-white-middle-class-remark,https://static.foxnews.com/foxnews.com/content/uploads/2026/07/hasan-piker-web-summit-vancouver.jpg,2026-08-12T21:43:45Z,"The socialist Twitch streamer who claimed America ""deserved 9/11"" heaped praise on an aide to New York City Mayor Zohran Mamdani who previously professed hope of ""impoverishing the White middle-class… [+3990 chars]",fox-news,Fox News
,Paris Jackson says dad Michael’s unusual rule helped protect her childhood,"Paris Jackson revealed on ""Call Her Daddy"" that Michael Jackson required his kids to finish homework and chores before enjoying Neverland attractions.",https://www.foxnews.com/entertainment/paris-jackson-says-dad-michaels-unusual-rule-helped-protect-her-childhood,https://static.foxnews.com/foxnews.com/content/uploads/2021/06/paris-jackson-ap.jpg,2026-08-12T21:36:20Z,"Behind the glitz of Michael Jacksons larger-than-life world, Paris Jackson said her father enforced a strict rule to protect his childrens sense of normalcy.
The late King of Pop kept a tight rein o… [+3094 chars]",fox-news,Fox News
,Sophie Cunningham vs DiJonai Carrington: How two ex-football players collided in the 'privilege' debate,DiJonai Carrington and Sophie Cunningham's paths from football fields to the WNBA reveal how two players became symbols of the league's deepest divide.,https://www.foxnews.com/outkick-sports/sophie-cunningham-vs-dijonai-carrington-ex-football-players-collided-privilege-debate,https://static.foxnews.com/foxnews.com/content/uploads/2026/08/sophie-cunningham-dijonai-carrington-wnba-fox-news_.jpg,2026-08-12T21:30:51Z,"It was one dreaded moment after another for the WNBA.
Months of conflict came to a breaking point Saturday when DiJonai Carrington struck Sophie Cunningham in the face. A scuffle ensued, Carrington … [+12292 chars]",fox-news,Fox News
,JCB Hydromax shatters a world record with ‘extraordinary’ speeds topping 400 mph in hydrogen-powered car,"JCB Hydromax hit 406 mph at the Bonneville Salt Flats with Andy Green at the wheel, shattering the previous hydrogen car record by over 220 mph.",https://www.foxnews.com/sports/jcb-hydromax-shatters-world-record-extraordinary-speeds-topping-400-mph-hydrogen-powered-car,https://static.foxnews.com/foxnews.com/content/uploads/2026/08/JCB-Hydromax-celebrates.jpg,2026-08-12T21:27:20Z,"There is fast, and then there is what JCB Hydromax achieved with its hydrogen-powered car on Tuesday.
The twin-engined, 32-foot car completed two runs at the Bonneville Salt Flats, recording an aver… [+7403 chars]",fox-news,Fox News
,Pat McAfee threatens to sue liberal troll who accused him of using 'N-word' after sitting with Trump,"An X user's viral post accused Pat McAfee of racism for sitting with Trump, prompting the ESPN host to threaten a potential libel lawsuit next week.",https://www.foxnews.com/outkick-sports/pat-mcafee-threatens-sue-liberal-troll-falsely-accused-using-n-word-sitting-trump,https://static.foxnews.com/foxnews.com/content/uploads/2026/08/pat-mcafee-salutes-nfl-draft-fox-news_.jpg,2026-08-12T21:16:35Z,"ESPN host Pat McAfee greeted President Trump on the tarmac Tuesday before sitting with him during the 2026 Patriot Games.
The association naturally angered the intolerant left, including one X user … [+2771 chars]",fox-news,Fox News
,Repeat offender sucker-punches woman in city where Ukrainian refugee was stabbed by career criminal,"Di-Quan Schafar Hunt allegedly recorded himself punching a woman in Charlotte, the same city where Iryna Zarutska was fatally stabbed last year.",https://www.foxnews.com/politics/repeat-offender-sucker-punches-woman-city-ukrainian-refugee-stabbed-career-criminal,https://static.foxnews.com/foxnews.com/content/uploads/2026/08/diquan-schafer-hunt-mugshots.png,2026-08-12T21:06:53Z,A repeat offender has been arrested in Charlotte after a disturbing social media video showed him recording himself screaming at a woman and punching her in the same city where Iryna Zarutska was sta… [+3527 chars],fox-news,Fox News
,"Deadly military helicopter crash in Texas kills 2, sparks wildfire and forces evacuations: officials","A military helicopter crashed near Salado, Texas, sparking a vegetation fire as Bell County authorities work an active scene with details still emerging.",https://www.foxnews.com/us/deadly-military-helicopter-crash-texas-kills-2-sparks-wildfire-forces-evacuations-officials,https://static.foxnews.com/foxnews.com/content/uploads/2026/08/fire-tx-helicopter-crash.gif,2026-08-12T20:57:58Z,"Two people were killed Wednesday when a Fort Hood AH-64 Apache attack helicopter violently crashed into a field in Central Texas, sparking a wildfire that forced evacuations and sent emergency crews … [+3084 chars]",fox-news,Fox News
,Wisconsin Democratic voters chalk socialist Francesca Hong's stunning loss up to electability concerns,Francesca Hong's DSA ties and defunding the police comments fueled electability fears that drove Wisconsin Democratic primary voters to David Crowley.,https://www.foxnews.com/media/wisconsin-democratic-voters-chalk-socialist-francesca-hongs-stunning-loss-up-electability-concerns,https://static.foxnews.com/foxnews.com/content/uploads/2026/08/wisconsin-democrats-react-to-democratic-primary-election-hong.jpg,2026-08-12T20:57:45Z,"MADISON, Wis. Seven days after progressive Abdul El-Sayed narrowly edged out moderate Rep. Haley Stevens in battleground Michigan's Democratic Senate primary, state Rep. Francesca Hong was upset Tues… [+3864 chars]",fox-news,Fox News
,Alex Murdaugh's 'Charleston or bust' prayer shot down by prosecutors in fight over 'Holy City' retrial,"Alex Murdaugh's defense demands Charleston as the only alternative venue, but prosecutors cite flooding, hotel costs and traffic as major obstacles.",https://www.foxnews.com/us/alex-murdaugh-charleston-bust-prayer-shot-down-prosecutors-fight-holy-city-retrial,https://static.foxnews.com/foxnews.com/content/uploads/2026/08/Charleston-SC-Alex-Murdaugh.jpg,2026-08-12T20:49:23Z,"South Carolina prosecutors are strongly opposing Alex Murdaughs demand to move his trial to Charleston, calling the defense's ""Charleston or bust"" position logistically challenging and unreasonably e… [+2151 chars]",fox-news,Fox News
,El-Sayed dares GOP rival to no-pads football showdown as Senate feud turns personal,Abdul El-Sayed challenged Mike Rogers to a no-pads football tackle after Rogers attacked his past comments on toxic masculinity in sports culture.,https://www.foxnews.com/politics/el-sayed-dares-gop-rival-no-pads-football-showdown-senate-feud-turns-personal,https://static.foxnews.com/foxnews.com/content/uploads/2026/08/rogers-sayed.jpg,2026-08-12T20:46:43Z,"Michigan Democratic Senate candidate Abdul El-Sayed recently escalated his feud with Republican nominee Mike Rogers, who is more than twenty years his senior, challenging the former FBI agent to a bo… [+2760 chars]",fox-news,Fox News
,Jeffrey Dean Morgan nearly quit acting after miserable ‘Star Trek’ experience: ‘I hated it so much’,"Jeffrey Dean Morgan says his Xindi alien role on ""Star Trek: Enterprise"" nearly ended his career due to claustrophobia from 14-hour prosthetics sessions.",https://www.foxnews.com/entertainment/jeffrey-dean-morgan-nearly-quit-acting-miserable-star-trek-experience-hated-so-much,https://static.foxnews.com/foxnews.com/content/uploads/2026/08/jeffrey-dean-morgan-sterling-point-premiere-fox-news_.jpg,2026-08-12T20:45:40Z,"Jeffrey Dean Morgan's miserable experience playing an alien on ""Star Trek: Enterprise"" nearly convinced him to quit acting for good.
Long before his breakout roles on ""Supernatural"" and ""Grey's Anat… [+2497 chars]",fox-news,Fox News
,Son of Florida alligator attack victim says tourists and TikTokers are emboldening the gators,"Dina Spann's son blames tourists and TikTokers for feeding alligators on the Silver River, saying the reptiles have lost their natural fear of humans.",https://www.foxnews.com/outkick-culture/son-florida-alligator-attack-victim-says-tourists-tiktokers-emboldening-gators,https://static.foxnews.com/foxnews.com/content/uploads/2026/08/crocodilian-biology-management-course-florida.jpg,2026-08-12T20:10:03Z,"The son of a Florida woman who lost part of her arm in a terrifying alligator attack is blaming tourists and TikTokers for teaching the reptiles to get a little too comfortable around humans.
Dina S… [+4089 chars]",fox-news,Fox News
,"Marco Rubio addresses UAP government cover-up allegations, says Trump would give a speech if admin knew more",Secretary of State Marco Rubio said Trump would hold a primetime address and would be showing UAP pictures and videos if the government had more information on the topic.,https://www.foxnews.com/media/marco-rubio-addresses-uap-government-cover-up-allegations-says-trump-would-give-speech-admin-knew-more,https://static.foxnews.com/foxnews.com/content/uploads/2026/08/marco-rubio-american-mining-industry-roundtable.jpg,2026-08-12T20:00:51Z,Secretary of State Marco Rubio said Tuesday that President Donald Trump would be showing pictures and videos of unidentified anomalous phenomena (UAP) and would likely hold a primetime address if the… [+5078 chars],fox-news,Fox News
,Tlaib under fire for working to unseat two Jewish House Democrats in Florida: 'No coincidence',Rashida Tlaib is rallying in Fort Lauderdale to back socialists challenging Jared Moskowitz and Debbie Wasserman Schultz in their primaries.,https://www.foxnews.com/politics/tlaib-under-fire-working-unseat-two-jewish-house-democrats-florida-no-coincidence,https://static.foxnews.com/foxnews.com/content/uploads/2026/04/rashida-tlaib-capitol-speech-harassment-claims.jpeg,2026-08-12T20:00:44Z,"Rep. Rashida Tlaib, D-Mich., is being criticized by Florida's lone Jewish Republican in Congress as she works to unseat two of her own fellow House Democrats.
Tlaib is appearing at a rally in Fort L… [+3289 chars]",fox-news,Fox News
,Is Orlando destined to be one of the next MLB cities? The Orlando Dreamers are looking to make it happen,"The Orlando Dreamers are making their case for MLB expansion in Florida, citing tourism, media market size and a proposed stadium near SeaWorld.",https://www.foxnews.com/outkick-sports/orlando-destined-next-mlb-cities-orlando-dreamers-looking-make-happen,https://static.foxnews.com/foxnews.com/content/uploads/2026/08/orlando-dreamers-stadium.jpg,2026-08-12T23:48:11Z,"When you think of Orlando, Florida, your mind immediately goes to theme parks.
That's fair enough; they're what helped make Orlando one of the most-visited cities in the world, drawing tens of milli… [+3975 chars]",fox-news,Fox News
,"Jim Nantz speaks out on 'great friend' Tony Romo's OWI arrest, says he will 'always' be there for him","Jim Nantz spoke out on Tony Romo's OWI arrest, revealing he has conversed with his booth partner and his longtime friend, as J.J. Watt will be with him during the 2026 NFL season.",https://www.foxnews.com/sports/jim-nantz-speaks-great-friend-tony-romo-owi-arrest-always-there,https://static.foxnews.com/foxnews.com/content/uploads/2026/08/jim-nantz-tony-romo-cbs-sports.jpg,2026-08-12T23:40:20Z,"Jim Nantz, CBS Sports top play-by-play announcer, has spoken out about Tony Romos OWI arrest in July, which has led to him having a new partner in the booth ahead of another NFL season.
Nantz and Ro… [+3588 chars]",fox-news,Fox News
,"Campus antisemitism extends beyond student protests and into classrooms, ADL warns","A new ADL report said 27.3% of Jewish students observed antisemitic faculty behavior, documenting alleged incidents at UC Berkeley, UCLA and Columbia.",https://www.foxnews.com/culture/campus-antisemitism-extends-beyond-student-protests-classrooms-adl-warns,https://static.foxnews.com/foxnews.com/content/uploads/2026/08/UNIVERSITY-CLASSROOM-1.jpg,2026-08-12T23:35:33Z,University campuses have been at the center of the national discussion about antisemitism since the beginning of the 2023 Israel-Hamas war and the wave of protests and encampments that followed. Howe… [+5339 chars],fox-news,Fox News
,Mystery Wi-Fi network aboard flight raises 'unusual' alarm about travelers' information,"A rogue Wi-Fi network called ""Delta WiFi Fast"" appeared for passengers on a Delta flight from Las Vegas, forcing the crew to shut down in-flight internet for 30 minutes.",https://www.foxnews.com/travel/mystery-wi-fi-network-aboard-flight-raises-unusual-alarm-travelers-information,https://static.foxnews.com/foxnews.com/content/uploads/2026/01/airplane-interior-with-people-seated.jpg,2026-08-12T23:10:06Z,"A Delta Air Lines flight from Las Vegas to Atlanta was disrupted for a period of time after an unauthorized Wi-Fi network appeared onboard, prompting the crew to shut down the aircraft's internet ser… [+2938 chars]",fox-news,Fox News
,Knoxville police love triangle drags police chief into mess for flirty texts with one of the female officers,Knoxville Police Department officer Jasmine Reed's love triangle with a married lieutenant led to the discovery of flirtatious texts with Chief Paul Noel.,https://www.foxnews.com/outkick-culture/knoxville-police-love-triangle-drags-police-chief-into-mess-flirty-texts-female-officers,https://static.foxnews.com/foxnews.com/content/uploads/2026/08/knoxville-police-vehicle.jpg,2026-08-12T22:52:10Z,"Love is still in the air in Tennessee, and police officers are still getting themselves caught up in all kinds of on-duty extracurricular activities.
Last month's love triangle involving officers wi… [+2776 chars]",fox-news,Fox News
,"Ms Rachel posts support for reparations, sharing Ta-Nehisi Coates quote on slavery and Jim Crow",Children's YouTube entertainer Ms. Rachel posted a Ta-Nehisi Coates quote on reparations and America's history of slavery in her latest political move online.,https://www.foxnews.com/media/ms-rachel-posts-support-reparations-sharing-ta-nehisi-coates-quote-slavery-jim-crow,https://static.foxnews.com/foxnews.com/content/uploads/2026/07/ms-rachel-capitol-hill-politics-fox-news.jpg,2026-08-12T22:31:41Z,"Children's YouTuber Ms. Rachel posted support for reparations on Instagram Monday in the latest in a series of political moves by the online educator.
Ms. Rachel, whose real name is Rachel Accurso, … [+3045 chars]",fox-news,Fox News
,Tulane Green Wave wins offseason 'uniform wars' with their Mardi Gras-inspired threads,"Tulane's Mardi Gras-inspired uniforms feature jester hat helmets, argyle stripes and a parade float reveal video that has college football fans raving.",https://www.foxnews.com/outkick-sports/tulane-green-wave-wins-offseason-uniform-wars-mardi-gras-inspired-threads,https://static.foxnews.com/foxnews.com/content/uploads/2020/11/Mardi-Gras-Cancelled.jpg,2026-08-12T22:23:43Z,"One of the most exciting parts about the college football offseason is figuring out which uniform combinations your team will go with for the upcoming season.
Some programs are a little more forward… [+2239 chars]",fox-news,Fox News
,ICE eyes $20M purchase of electric shock gloves as Hochul warns of legal consequences,New York Democratic leaders Kathy Hochul and Letitia James warn ICE could face legal action over electric shock gloves DHS plans to acquire.,https://www.foxnews.com/us/ice-eyes-20m-purchase-electric-shock-gloves-hochul-warns-legal-consequences,https://static.foxnews.com/foxnews.com/content/uploads/2026/07/ice-agents.jpg,2026-08-12T22:22:29Z,New York's Democratic leaders are threatening potential legal action against U.S. Immigration and Customs Enforcement (ICE) officers over a new piece of equipment ICE could soon add to its arsenal: g… [+3602 chars],fox-news,Fox News
,"Kansas convicted felon, sex offender allegedly kills fellow family members before taking his own life: police","Ronald Williams Sr., a registered sex offender, allegedly killed Kelly George and their four children in Winfield, Kansas, before a 911 call.",https://www.foxnews.com/us/kansas-convicted-felon-sex-offender-allegedly-kills-fellow-family-members-before-taking-own-life-police,https://static.foxnews.com/foxnews.com/content/uploads/2026/08/ronald-williams-winfield-kansas-family-murder-suspect.png,2026-08-12T22:17:34Z,"This story discusses suicide. If you or someone you know is having thoughts of suicide, please contact the Suicide &amp; Crisis Lifeline at 988 or 1-800-273-TALK (8255).
A registered sex offender wi… [+5183 chars]",fox-news,Fox News
,Major League Baseball has a huge problem brewing for the 2026-2027 offseason,"Major League Baseball's ""Level the Playing Field"" campaign pushes for a salary cap, but the Milwaukee Brewers and Tampa Bay Rays dominate standings.",https://www.foxnews.com/sports/major-league-baseball-huge-problem-brewing-2026-2027-offseason,https://static.foxnews.com/foxnews.com/content/uploads/2026/05/jacob-misiorowski-brewers-fox-news-001.jpeg,2026-08-12T22:15:51Z,"Major League Baseball's league office and ownership has made a concerted effort this season to make spending money the enemy.
A concerted marketing campaign promoted during broadcasts on the league'… [+4952 chars]",fox-news,Fox News
,"Fox News Poll: New matchup, same result — Maine Senate race stays locked","Troy Jackson leads Susan Collins by 2 points in the latest poll, as Maine voters worry more about her Trump ties than his progressive links.",https://www.foxnews.com/politics/fox-news-poll-new-matchup-same-result-maine-senate-race-stays-locked,https://static.foxnews.com/foxnews.com/content/uploads/2026/07/jackson-collins-split.jpg,2026-08-12T22:00:02Z,"Maine voters are weighing concerns about both U.S. Senate candidates, with anxieties over Republican incumbent Senator Susan Collins' ties to President Donald Trump outpacing concerns about Democrati… [+7195 chars]",fox-news,Fox News
