author,title,description,url,urlToImage,publishedAt,content,source.id,source.name
,"'I mean, clearly,' Jalen Hurts tells GQ when asked if he and A.J. Brown grew apart in Philadelphia","Jalen Hurts confirmed to GQ that he and A.J. Brown ""clearly"" grew apart before the wide receiver was traded to the New England Patriots in June.",https://www.foxnews.com/outkick-sports/jalen-hurts-tells-gq-asked-if-he-aj-brown-grew-apart-philadelphia,https://static.foxnews.com/foxnews.com/content/uploads/2026/06/AJ-Brown-Jalen-Hurts-split.jpeg,2026-09-03T01:40:04Z,"After an uneven 2025 season for Jalen Hurts, A.J. Brown and the Eagles offense as a whole, Philadelphia traded Brown to the Patriots for a pair of future draft picks. The blockbuster move came amid s… [+3906 chars]",fox-news,Fox News
,"Justin Tucker looks to make NFL comeback after spa allegations, works out with the Jets","Justin Tucker worked out for the New York Jets alongside two other kickers, marking another attempt at an NFL comeback amid unresolved questions.",https://www.foxnews.com/outkick-sports/justin-tucker-nfl-comeback-spa-allegations-works-jets,https://static.foxnews.com/foxnews.com/content/uploads/2025/05/justin-tucker3.jpg,2026-09-03T01:13:57Z,"Justin Tucker was among three kickers who worked out for the New York Jets on Wednesday, according to The Ringers Tom Pelissero. Michael Badgley and Joshua Karty also participated in the workout.
Tu… [+3090 chars]",fox-news,Fox News
,"'We need to return immediately,' flight crew warns as pilot health emergency unfolds",Air traffic control audio captured the urgent moment a Delta Air Lines crew declared a potential pilot incapacitation minutes after takeoff and asked to return to the airport.,https://www.foxnews.com/travel/we-need-return-immediately-flight-crew-warns-pilot-health-emergency-unfolds,https://static.foxnews.com/foxnews.com/content/uploads/2026/09/delta-airbus-a320-portland-international-airport.jpg,2026-09-03T00:52:33Z,"A Delta Air Lines flight returned to the airport within minutes of takeoff after the crew reported a medical emergency involving a pilot.
Delta Flight 1208 returned to Minneapolis-St. Paul Internati… [+2244 chars]",fox-news,Fox News
,'Wheel of Fortune' announcer Jim Thornton's attorney speaks out after game show suspension,"Jim Thornton's lawyer says the ""Wheel of Fortune"" announcer was not arrested or charged after a passenger complaint on an American Airlines flight.",https://www.foxnews.com/entertainment/wheel-of-fortune-announcer-jim-thornton-attorney-speaks-game-show-suspension,https://static.foxnews.com/foxnews.com/content/uploads/2026/09/celebrity-wheel-of-fortune-ilana-glazer.jpg,2026-09-03T00:42:53Z,"""Wheel of Fortune"" announcer Jim Thornton is defending himself through his lawyer after he was suspended this week.
His attorney told TMZ on Tuesday that the 61-year-old ""did not engage in any illeg… [+2173 chars]",fox-news,Fox News
,The primary is over now come the primetime mistakes,Not every candidate is Deion Sanders at Primetime — Abdul El-Sayed and Darline Graham face questions about whether they're ready for the Senate.,https://www.foxnews.com/politics/primary-over-now-come-primetime-mistakes,https://static.foxnews.com/foxnews.com/content/uploads/2026/08/abdul-el-sayed-michigan-fox-news.jpg,2026-09-03T00:39:05Z,"Theres a reason football great Deion Sanders was known as ""Primetime."" Sanders epitomized his sobriquet with electric performances on Monday Night Football and in the playoffs.
But not every politic… [+6989 chars]",fox-news,Fox News
,Emmitt Smith accused of conning Native American investor out of $2.5M in solar farm deal,"Emmitt Smith and othersare accused of conning a Native American investor out of $2.5 million in an alleged solar farm scheme described as a ""Ponzi scheme.""",https://www.foxnews.com/outkick-sports/emmitt-smith-accused-conning-native-american-investor-2-5m-solar-farm-deal,https://static.foxnews.com/foxnews.com/content/uploads/2026/09/emmitt-smith-claman-countdown-fox-business.jpg,2026-09-03T00:38:41Z,"Emmitt Smith, the Pro Football Hall of Fame running back, has been accused of conning a Native American investor out of $2.5 million, a lawsuit filed in Delaware on Monday read.
The lawsuit states t… [+2281 chars]",fox-news,Fox News
,WNBA star will miss playing in FIBA World Cup after her passport goes missing in the mail,"Li Yueru revealed her passport was lost in the mail, forcing the Dallas Wings center off the Chinese national team's FIBA World Cup roster.",https://www.foxnews.com/outkick-sports/wnba-star-miss-playing-fiba-world-cup-passport-missing-mail,https://static.foxnews.com/foxnews.com/content/uploads/2026/09/li-yueru.jpg,2026-09-03T00:27:11Z,"One of the biggest stress inducers when you travel is keeping tabs on your passport. Im a lunatic about keeping track of mine because heres the thing: When I go places, I like to come home again.
Un… [+1832 chars]",fox-news,Fox News
,Blue state creates six-figure role for trans inmate services amid budget shortfalls,"The Oregon Department of Corrections hired a gender affirming care coordinator earning up to $115,000 to oversee transgender and nonbinary inmates.",https://www.foxnews.com/politics/blue-state-creates-six-figure-role-trans-inmate-services-amid-budget-shortfalls,https://static.foxnews.com/foxnews.com/content/uploads/2026/09/Tink-Kotek-transgender-care-prisons.jpg,2026-09-03T00:00:18Z,"The Oregon Department of Corrections (DOC) hired a gender-affirming care coordinator last month, a position set to earn between $78,000 and $115,000 annually.
The job includes oversight of a program… [+5251 chars]",fox-news,Fox News
"September 3, 2026",Victor Davis Hanson: President Trump Is A Counterrevolutionary,"Hoover Institution senior fellow Victor Davis Hanson reflects on how President Donald Trump was able to return to the political spotlight on ‘Life, Liberty & Levin.’",https://www.foxnews.com/video/6404515530112,https://a57.foxnews.com/cf-images.us-east-1.prod.boltdns.net/v1/static/694940094001/d5b6545f-c8f6-4b68-bfa2-75f23b750516/86ac1eee-4b4f-4516-a357-6a5d89cba5ee/1280x720/match/1024/512/image.jpg?ve=1&tl=1,2026-09-03T00:00:00Z,"©2026 Fox News Network, LLC. All rights reserved. This material may not be published, broadcast, rewritten, or redistributed. All market data delayed 20 minutes.",fox-news,Fox News
,"US military boards, searches and sinks vessel allegedly supporting Los Choneros narco-terrorists",Video captures USS San Antonio Marines boarding and sinking a Los Choneros narco-terrorist floating refueling station in the Eastern Pacific.,https://www.foxnews.com/us/us-military-boards-searches-sinks-vessel-allegedly-supporting-los-choneros-narco-terrorists,https://static.foxnews.com/foxnews.com/content/uploads/2026/09/southcom.gif,2026-09-03T03:46:18Z,"The U.S. military on Wednesday intercepted and sank a vessel in the Eastern Pacific that it said was supporting a ""narco-terrorist"" organization, according to U.S. Southern Command (SOUTHCOM).
SOUTH… [+3168 chars]",fox-news,Fox News
,15-year-old accused of firing into crowd during deadly Seattle mass shooting claims self-defense,"A 15-year-old claims self-defense in the deadly Bite of Seattle shootout, but prosecutors say he recklessly fired a ghost gun into a packed crowd.",https://www.foxnews.com/us/15-year-old-accused-firing-crowd-deadly-seattle-mass-shooting-claims-self-defense,https://static.foxnews.com/foxnews.com/content/uploads/2026/07/katie-wilson-shon-barnes-seattle-vigil.jpg,2026-09-03T03:03:30Z,A 15-year-old boy accused of opening fire during a deadly shootout at a crowded Seattle food festival claims he was shooting back in self-defense as authorities continue searching for other gunmen ti… [+5449 chars],fox-news,Fox News
,"Rams legend Eric Dickerson speaks on Los Angeles Angels sale, says new owner Stan Kroenke 'likes winning'",Eric Dickerson praised Stan Kroenke as a winner while throwing the first pitch at Angel Stadium amid the Angels' $4 billion ownership change.,https://www.foxnews.com/outkick-sports/rams-legend-eric-dickerson-speaks-los-angeles-angels-sale-says-new-owner-stan-kroenke-likes-winning,https://static.foxnews.com/foxnews.com/content/uploads/2026/09/eric-dickerson-titans-raiders-allegiant-stadium.jpg,2026-09-03T02:52:35Z,"Rams legend Eric Dickerson took the mound at Angel Stadium on Wednesday night to throw out the ceremonial first pitch before the Angels faced the Yankees in Anaheim.
Celebration continues across Sou… [+2163 chars]",fox-news,Fox News
,Federal judge dismisses DOJ lawsuit challenging California policy allowing biological males in girls’ sports,A federal judge dismissed the Department of Justice lawsuit against California over transgender athletes competing in girls' sports on procedural grounds.,https://www.foxnews.com/outkick-sports/federal-judge-dismisses-doj-lawsuit-challenging-california-policy-allowing-biological-males-girls-sports,https://static.foxnews.com/foxnews.com/content/uploads/2026/02/california-save-womens-sports-020226-1.jpg,2026-09-03T02:31:20Z,"A federal judge has dismissed a major Department of Justice lawsuit against California, paving the way for biological males to keep competing in girls' sports.
U.S. District Judge Cynthia Valenzuela… [+3660 chars]",fox-news,Fox News
,Maine's high court gives father final say over daughter’s church attendance,The Maine Supreme Judicial Court upheld a father's authority over his daughter's attendance at an evangelical church after a pastor singled him out by name.,https://www.foxnews.com/us/maines-high-court-gives-father-final-say-daughters-church-attendance,https://static.foxnews.com/foxnews.com/content/uploads/2026/09/portland-maine-churche-legal-dispute.png,2026-09-03T02:10:29Z,The Maine Supreme Judicial Court affirmed a lower court ruling that granted a father final decision-making authority over whether his daughter attends her mother's evangelical church amid a parental … [+5640 chars],fox-news,Fox News
,Rory McIlroy admits he's not interested in playing most PGA Tour events moving forward,"Rory McIlroy admitted at the Tour Championship that his playing schedule is shrinking, saying his fuse is shorter after 18 years as a professional.",https://www.foxnews.com/outkick-sports/rory-mcilroy-admits-not-interested-playing-most-pga-tour-events-moving-forward,https://static.foxnews.com/foxnews.com/content/uploads/2025/09/rory-mcilroy-looks-on-with-driver.jpg,2026-09-03T02:05:34Z,"Golf is often seen as a very staid, traditional sport where little changes over time. But the past few years have been a tumultuous period in the professional game, at least, with the rise and now se… [+4669 chars]",fox-news,Fox News
,FAA seeks permanent airspace restrictions near Trump’s Mar-a-Lago as expert warns rules are ‘not good enough’,"The FAA proposed permanent flight rules near Donald J. Trump International Airport at Secret Service request, but drone expert warns it's may not be enough.",https://www.foxnews.com/politics/faa-seeks-permanent-airspace-restrictions-trump-mar-a-lago-expert-warns-rules-not-good-enough,https://static.foxnews.com/foxnews.com/content/uploads/2026/03/donald-trump-force-one-march-20-2026-palm-beach-fox-news-001.jpg,2026-09-03T02:03:35Z,"The Federal Aviation Administration (FAA) has proposed permanent flight rules around President Donald J. Trump International Airport in Palm Beach, Florida, to secure the airspace near Trumps Mar-a-L… [+2595 chars]",fox-news,Fox News
,Tim Curry's cause of death revealed,"Tim Curry died from coronary artery disease, with stroke and kidney cancer listed as contributing factors, according to public health documents.",https://www.foxnews.com/entertainment/tim-currys-cause-death-revealed,https://static.foxnews.com/foxnews.com/content/uploads/2026/08/tim-curry-bond.jpg,2026-09-03T02:01:39Z,"Tim Curry's cause of death has been revealed.
According to documents from the Los Angeles County Department of Public Health, obtained by Fox News Digital, Curry died at age 80 on Aug. 25 from coron… [+2305 chars]",fox-news,Fox News
,Pentagon orders mandatory testosterone tests for male troops 30 and older,The Pentagon's new mandatory testosterone deficiency screening for troops ages 30 and up includes mandatory blood tests and voluntary hormone replacement therapy for men.,https://www.foxnews.com/politics/pentagon-orders-mandatory-testosterone-tests-male-troops-30-older,https://static.foxnews.com/foxnews.com/content/uploads/2026/09/president-donald-trump-war-secretary-pete-hegseth-july-31-2026.jpg,2026-09-03T04:29:33Z,"The Pentagon on Wednesday issued clinical guidelines establishing a new mandatory testosterone deficiency screening policy for active-duty and reserve service members ages 30 and up.
This comes afte… [+2560 chars]",fox-news,Fox News
,"Social media is Lindsay Clancy wild card that could tilt potential retrial to the defense, retired judge says",Lindsay Clancy's deadlocked jury received a Tuey-Rodriguez charge as a retired judge warns social media could give her defense an edge in a retrial.,https://www.foxnews.com/us/social-media-lindsay-clancy-wild-card-could-tilt-potential-retrial-defense-retired-judge-says,https://static.foxnews.com/foxnews.com/content/uploads/2026/08/lindsay-clancy-trial-17-august-004.jpg,2026-09-03T04:00:24Z,"If Lindsay Clancy's murder trial ends in a mistrial, her defense could hold an unusual advantage in a retrial, a retired Massachusetts Superior Court judge says, as jurors reported for a second time … [+4681 chars]",fox-news,Fox News
Connor Markey,"#882 – Pearls: Notable Quotes, Nursery Rhymes & Constitutional Law","In today’s episode of The Quiz, we’re testing your knowledge on everything from patriotic symbols to landmark historic addresses. Can you answer these? Children’s Tunes: Millions of young students learn their letters by singing the standard alphabet song. Whi…",https://radio.foxnews.com/2026/09/03/882-pearls-notable-quotes-nursery-rhymes-constitutional-law/,https://static-radio.foxnews.com/radio.foxnews.com/content/uploads/2024/03/7cb4fcbf-the-quiz-friday.png,2026-09-03T07:00:51Z,"In today’s episode of The Quiz, we’re testing your knowledge on everything from patriotic symbols to landmark historic addresses. Can you answer these?
<ul><li>Children’s Tunes: Millions of young st… [+614 chars]",fox-news,Fox News
,DOJ threatens to cut billions in welfare funding from states for failing to report illegal migrants,The Justice Department warns states they could lose billions in welfare funding if they fail to report illegal immigrants to DHS under new rules.,https://www.foxnews.com/politics/doj-threatens-cut-billions-welfare-funding-states-failing-report-illegal-migrants,https://static.foxnews.com/foxnews.com/content/uploads/2026/08/Acting-AG-Todd-Blanche-Committee-Confirmation.jpg,2026-09-03T06:33:49Z,"The Justice Department warned states they could lose billions of dollars in welfare funding if they do not report known illegal migrants to the federal government, according to a legal opinion releas… [+2696 chars]",fox-news,Fox News
,MAGA begins to crack as 2026 GOP roster backs away from Trump's tech vision,"Donald Trump urges communities to ""let Data Reign,"" but GOP candidates across battleground states propose data center moratoriums ahead of midterms.",https://www.foxnews.com/politics/maga-begins-crack-2026-gop-roster-backs-away-from-trumps-tech-vision,https://static.foxnews.com/foxnews.com/content/uploads/2026/08/davis-west-virginia-data-center-protest.jpg,2026-09-03T09:00:55Z,"With a slew of polls showing that most Americans oppose the construction in their communities of new data centers to power AI, a growing number of Republicans running in this year's elections are put… [+5792 chars]",fox-news,Fox News
,Johnson downplays GOP's midterm woes as Democrats eye House takeover: 'I am very bullish',"With Election Day two months away, Democrats eye Senate and House majorities as inflation, gas prices, and Trump's approval ratings batter the GOP.",https://www.foxnews.com/politics/johnson-downplays-gops-midterm-woes-democrats-eye-house-takeover,https://static.foxnews.com/foxnews.com/content/uploads/2026/02/mike-johnson-2026-spending-bill-partial-shutdown-001.jpg,2026-09-03T09:00:45Z,"With two months to go until Election Day, and early voting kicking off later this month in half a dozen states, Democrats are increasingly optimistic they can recapture congressional majorities.
Wit… [+5189 chars]",fox-news,Fox News
,MORNING GLORY: 'Blue Blight' is spreading fast and only voters can stop it,"Manufacturing jobs, gas prices, and college enrollment are declining in blue states as ""blue blight"" spreads, reshaping where students choose to live.",https://www.foxnews.com/opinion/morning-glory-blue-blight-spreading-fast-only-voters-can-stop-it,https://static.foxnews.com/foxnews.com/content/uploads/2026/02/u-haul-leaving-california-3.jpg,2026-09-03T09:00:38Z,"""Blue blight"" is spreading across northeastern and west coast America, with scattered outbreaks in the interior of the country like Illinois and Colorado. It is up to voters to stop its spread.
""Blu… [+5885 chars]",fox-news,Fox News
,The cure for socialism is giving more Americans a stake in capitalism,"Socialism is gaining ground because fewer Americans are homeowners and stockholders, creating a perfect opening for DSA leaders like Zohran Mamdani.",https://www.foxnews.com/opinion/cure-socialism-giving-more-americans-stake-capitalism,https://static.foxnews.com/foxnews.com/content/uploads/2026/03/zohran-mamdani-02.jpg,2026-09-03T09:00:35Z,"With each passing election, the socialist surge is rising. Bernie Sanders-backed Abdul El-Sayed won the Michigan Democratic Senate primary, defeating a well-funded establishment candidate. In Wiscons… [+5621 chars]",fox-news,Fox News
,"Pessimists say the economy is weak. The good news is, they are wrong",Trump tax reforms sparked $296 billion in IRS refunds along with new deductions for qualified tips and overtime pay rewarding working Americans.,https://www.foxnews.com/opinion/pessimists-say-economy-weak-good-news-wrong,https://static.foxnews.com/foxnews.com/content/uploads/2026/03/beer-flight-tasting.jpg,2026-09-03T09:00:16Z,"The pessimists are wrong, and the numbers prove it.
While a chorus of commentators insists the American economy is faltering, businesses are seeing strong returns and investing those dollars to grow… [+5117 chars]",fox-news,Fox News
,India's Modi-Iran meeting comes amid US warnings of sanctions on Tehran's trading partners,"Trump administration Iran sanctions threaten India's commercial and energy ties with Tehran, putting India-U.S. relations to the test over secondary sanctions.",https://www.foxnews.com/world/indias-modi-iran-meeting-comes-amid-us-warnings-sanctions-tehrans-trading-partners,https://static.foxnews.com/foxnews.com/content/uploads/2026/09/modi-pezeshkian.jpg,2026-09-03T11:46:40Z,"The Trump administration is ramping up economic sanctions on Iran through ""Operation Economic Outcast,"" while also threatening dire secondary sanctions against countries that continue Iran-related bu… [+6960 chars]",fox-news,Fox News
,Viral video of jets buzzing DHL Stadium in Cape Town prompts aviation safety investigation,Viral video shows two Embraer E-Jets barely clearing DHL Stadium in South Africa before a Springboks vs. All Blacks rugby match in Cape Town.,https://www.foxnews.com/outkick-sports/viral-video-jets-buzzing-dhl-stadium-cape-town-prompts-aviation-safety-investigation,https://static.foxnews.com/foxnews.com/content/uploads/2026/08/rugby-flyover-1.jpg,2026-09-03T11:29:10Z,"Last week, fans at a rugby match between South Africa and New Zealand got a show before the opening... uh... however it is that rugby matches start when a pair of Embraer E-Jets flew over the stadium… [+1728 chars]",fox-news,Fox News
,"Judge tosses federal lawsuit against state, clearing path for boys in female sports and more top headlines",Get all the stories you need-to-know from the most powerful name in news delivered first thing every morning to your inbox.,https://www.foxnews.com/us/judge-tosses-federal-lawsuit-against-state-clearing-path-boys-female-sports-more-top-headlines,https://static.foxnews.com/foxnews.com/content/uploads/2026/02/california-save-womens-sports-020226-1.jpg,2026-09-03T11:16:16Z,"Good morning and welcome to Fox News' morning newsletter, Fox News First. And here's what you need to know to start your day ...
TOP 3
1. Judge clears path for boys in female sports
2. Feminist wr… [+3443 chars]",fox-news,Fox News
,2028 Dem hopeful's longtime ally exposed for deep ties to CCP officials: 'Good friends',"Rep. Ro Khanna's, D-Calif. former senior advisor on foreign trade and economic development could be liability to a potential 2028 campaign due to his ties to CCP officials.",https://www.foxnews.com/politics/2028-dem-hopefuls-longtime-advisor-exposed-deep-ties-ccp-officials-good-friends,https://static.foxnews.com/foxnews.com/content/uploads/2026/01/rep-ro-khanna-democrat-schumer.jpg,2026-09-03T11:00:50Z,"FIRST ON FOX: Rep. Ro Khanna, D-Calif., has been floated as a potential 2028 Democratic contender for president, but his longtime ally and former senior advisor on foreign trade and economic developm… [+11389 chars]",fox-news,Fox News
,Popular diet slashes liver fat by 67% while reversing prediabetes in some people,"A keto diet reduced liver fat by roughly 67% and reversed prediabetes in half of participants, but the study's small sample size is a caveat.",https://www.foxnews.com/health/popular-diet-slashes-liver-fat-67-percent-reversing-prediabetes-people,https://static.foxnews.com/foxnews.com/content/uploads/2025/09/woman-eating-keto-depression-reduction.jpg,2026-09-03T11:00:48Z,"The keto diet may have surprising benefits for liver health, a new study suggested.
The research, published in the journal Cell Metabolism, studied 42 adults who had obesity, prediabetes and excess … [+4383 chars]",fox-news,Fox News
,GOP mail-in voting proposal could impact millions of Americans ahead of midterms,"President Donald Trump's allies unveil a bill requiring mail-in ballots be received by Election Day, citing Florida's system as proof it works.",https://www.foxnews.com/politics/gop-mail-in-voting-proposal-could-impact-millions-americans-ahead-midterms,https://static.foxnews.com/foxnews.com/content/uploads/2025/10/nyc-early-voting-oct-25.jpg,2026-09-03T11:00:45Z,"FIRST ON FOX: The nationwide battle over how and when Americans can vote has hit Capitol Hill, with two allies of President Donald Trump unveiling a new proposal they say will help restore confidence… [+2886 chars]",fox-news,Fox News
,Russia’s strikes near Moldova raise alarm over Putin’s plans for Europe’s eastern flank,"President Sandu's national security advisor, Stanislav Secrieru, says Russia's strikes on Ukrainian-Moldovan border infrastructure aim to sever vital grain export corridors to European markets.",https://www.foxnews.com/world/russias-strikes-near-moldova-raise-alarm-over-putins-plans-europes-eastern-flank,https://static.foxnews.com/foxnews.com/content/uploads/2026/09/m-sandu-v-putin-1.jpg,2026-09-03T11:00:33Z,"As the war in neighboring Ukraine moves closer to its border, the former Soviet republic of Moldova, which just marked 35 years of independence, faces growing pressure from Russia. 
In exclusive com… [+5038 chars]",fox-news,Fox News
,"Will the WNBA’s unserious, weekly sitcom destroy one of the greatest opportunities for women athletes?",Maine state Rep. Laurel Libby takes aim at the WNBA over its response to Sophie Cunningham and the debate over women’s sports.,https://www.foxnews.com/outkick-sports/wnbas-unserious-weekly-sitcom-destroy-one-greatest-opportunities-women-athletes,https://static.foxnews.com/foxnews.com/content/uploads/2026/09/wnba-sophie-cunningham-rally-090326-1.jpg,2026-09-03T11:00:14Z,"Since WNBA player Sophie Cunningham said that biological men should not compete in womens sports or enter womens locker rooms, the WNBAs legitimacy as a womens league and nearly everything it once st… [+5990 chars]",fox-news,Fox News
,America’s quiet socialist takeover is spreading from town halls to classrooms,Low-turnout school board elections in 2026 could let DSA chapters reshape curriculum and budgets before communities realize the lasting consequences.,https://www.foxnews.com/opinion/americas-quiet-socialist-takeover-spreading-town-halls-classrooms,https://static.foxnews.com/foxnews.com/content/uploads/2025/08/zohran-mamdani-national-action-network-event.jpg,2026-09-03T11:00:06Z,"The socialist experiment in America is no longer confined to Washington or deep-blue national politics. It is coming to city halls and school boards across the country, where low-turnout elections ca… [+6178 chars]",fox-news,Fox News
,Trump’s Army secretary hunt takes shape as insiders float potential picks,Sean Parnell and Brian Mast are among names floated to replace Dan Driscoll as Secretary of the Army after his reported clashes with Pete Hegseth.,https://www.foxnews.com/politics/trumps-army-secretary-hunt-takes-shape-insiders-float-potential-picks,https://static.foxnews.com/foxnews.com/content/uploads/2026/08/trump-hegseth-july-2026.jpg,2026-09-03T10:40:53Z,"The hunt is on for the next Secretary of the Army after Dan Driscoll submitted his resignation to the White House, opening a key leadership vacancy atop the nations largest military branch.
Driscoll… [+5466 chars]",fox-news,Fox News
,WWE NXT women's champion Kelani Jordan explains why her Heatwave bout was 'one of the best matches' this year,Kelani Jordan calls her NXT Heatwave title win over Kendal Grey one of the best women's matches of the year after a grueling 23-minute bout.,https://www.foxnews.com/outkick-sports/wwe-nxt-womens-champion-kelani-jordan-explains-why-heatwave-bout-one-best-matches-year,https://static.foxnews.com/foxnews.com/content/uploads/2026/09/kelani-jordan-nxt-heatwave-celebration.jpg,2026-09-03T10:39:57Z,"Kelani Jordan defeated Kendal Grey for the NXT Womens Championship at Heatwave and on Tuesday she described the title bout as ""one of the best matches of the year"" or at least the best ""womens match … [+2019 chars]",fox-news,Fox News
,"Gloria Steinem, feminist writer and activist, dead at 92","Feminist writer and activist Gloria Steinem has died at the age of 92, according to a statement posted on her Instagram page Thursday.",https://www.foxnews.com/politics/gloria-steinem-feminist-writer-activist-dead-92,https://static.foxnews.com/foxnews.com/content/uploads/2026/09/gloria-steinem.jpg,2026-09-03T10:31:52Z,"Feminist writer and activist Gloria Steinem has died at the age of 92, according to a statement posted on her Instagram page Thursday.
""Yesterday, Gloria Steinem passed away peacefully at her home i… [+302 chars]",fox-news,Fox News
,Convicted predators face lifetime barrier under GOP lawmaker’s sweeping victim protection bill,"Rep. Abe Hamadeh's, R-Ariz., Kayleigh's Law passed the House unanimously, requiring lifetime no-contact orders for convicted sex crime and violent felony offenders.",https://www.foxnews.com/politics/convicted-predators-face-lifetime-barrier-gop-lawmakers-sweeping-victim-protection-bill,https://static.foxnews.com/foxnews.com/content/uploads/2026/09/abe-hamadeh-kayleigh-kozak-house-bill.png,2026-09-03T10:30:02Z,An Arizona congressman is putting convicted predators on notice after the House unanimously backed a bill designed to prevent abusers from dragging their victims back into court years after their cri… [+7242 chars],fox-news,Fox News
,AOC backs Florida Dem Angie Nixon for US Senate: 'I’m proud to endorse her',"Rep. Alexandria Ocasio-Cortez endorses Democratic Sunshine State U.S. Senate candidate and Florida state Rep. Angie Dixon, who is running against GOP Sen. Ashley Moody.",https://www.foxnews.com/politics/aoc-angie-nixon-florida-senate,https://static.foxnews.com/foxnews.com/content/uploads/2026/09/590629d1-alexandria-ocasio-cortez-july-22-2026.jpg,2026-09-03T10:14:55Z,"Rep. Alexandria Ocasio-Cortez, D-N.Y., has endorsed Florida Democratic U.S. Senate nominee Angie Nixon ahead of her November matchup against Republican Sen. Ashley Moody.
""At a time when working fam… [+3300 chars]",fox-news,Fox News
,Why restaurant servers clear your plate before everyone finishes eating,An etiquette experts reveal the subtle body language cues that restaurant servers use to decide when to clear your plate and what diners often get wrong.,https://www.foxnews.com/food-drink/why-restaurant-servers-clear-your-plate-before-everyone-finishes-eating,https://static.foxnews.com/foxnews.com/content/uploads/2026/09/finished-spaghetti-plate.gif,2026-09-03T10:00:59Z,"Your empty dinner plate may be disappearing faster than etiquette says it should.
Traditional dining etiquette calls for restaurants to wait until everyone at a table has finished eating before clea… [+3250 chars]",fox-news,Fox News
,"Penn State fraternity cocaine deals grew to kilo loads as pledges helped package drugs, witnesses testify",A former Delta Upsilon member testified he bought kilogram loads of cocaine from an alleged top supplier and sold drugs to Penn State fraternity members.,https://www.foxnews.com/us/penn-state-fraternity-cocaine-deals-grew-kilo-loads-pledges-helped-package-drugs-witnesses-testify,https://static.foxnews.com/foxnews.com/content/uploads/2026/09/Penn-State-cocaine-ring-suspect.jpg,2026-09-03T10:00:48Z,"BELLEFONTE, Pa. A former Penn State fraternity member testified Wednesday that he bought and sold cocaine in quantities that grew from 100 grams to 1-kilogram loads as prosecutors detailed allegation… [+7137 chars]",fox-news,Fox News
,Her immigrant parents built a NYC grocery store from scratch. Now Mamdani's experiment could end it.,Josefina Aguirre's Spanish Harlem meat market faces a taxpayer-backed competitor just two blocks away under Zohran Mamdani's municipal grocery plan.,https://www.foxnews.com/politics/immigrant-parents-built-nyc-grocery-store-scratch-mamdanis-experiment-could-end,https://static.foxnews.com/foxnews.com/content/uploads/2026/07/food-deserts.jpg,2026-09-03T10:00:27Z,"""It's going to be $1,"" Josefina Aguirre said to a customer, pausing an interview with Fox News Digital inside her family's Spanish Harlem meat market.
""Okay, I'm sorry. I got a couple of customers. … [+3992 chars]",fox-news,Fox News
,Collins lights up internet with response to Dem challenger fathering children with relative: 'Stone cold',Susan Collins used a sly rhetorical move to highlight that opponent Troy Jackson fathered two children with his second cousin during a campaign interview.,https://www.foxnews.com/politics/collins-lights-up-internet-response-dem-challenger-fathering-children-relative-stone-cold,https://static.foxnews.com/foxnews.com/content/uploads/2026/07/jackson-collins-split.jpg,2026-09-03T10:00:23Z,"Sen. Susan Collins, R-Maine, had a sly way of addressing reports that Troy Jackson, her Democratic opponent, fathered two children with his second cousin.
""Well, I'm not going to bring up the fact t… [+3572 chars]",fox-news,Fox News
,Kate Middleton’s carefully planned path to the throne revealed as expert says she ‘played the long game’,"Author Christopher Andersen says Kate Middleton is the monarchy's most important asset, crediting her preternatural calm and Diana-like appeal. Simon Vigar also shares how Kate rose as a beloved royal.",https://www.foxnews.com/entertainment/kate-middleton-carefully-planned-path-throne-revealed-expert-says-played-long-game,https://static.foxnews.com/foxnews.com/content/uploads/2026/09/Princess-Kate-Royal-Success.jpg,2026-09-03T10:00:20Z,"Kate Middleton's remarkable rise from middle-class university student to the Princess of Wales wasn't accidental according to multiple royal experts, it was carefully planned from the very beginning.… [+6449 chars]",fox-news,Fox News
,DHS directs ICE attorneys to seek early dismissal of legally deficient asylum claims,"DHS is directing ICE attorneys to seek early dismissal of asylum claims deemed legally insufficient, allowing judges to decide them without a full merits hearing.",https://www.foxnews.com/us/dhs-directs-ice-attorneys-seek-early-dismissal-legally-deficient-asylum-claims,https://static.foxnews.com/foxnews.com/content/uploads/2025/06/immigration-customs-enforcement.jpg,2026-09-03T10:00:10Z,"EXCLUSIVE The Department of Homeland Security has issued new guidance directing its immigration attorneys to seek early dismissal of asylum claims they determine are legally insufficient, according t… [+2645 chars]",fox-news,Fox News
,Costco shoppers challenge influencer's claim that 'insane' chicken meal can feed family of five,Costco's new Honey Sesame Chicken Stir Fry sparked a heated debate online after an influencer claimed the $22 prepared meal could feed as many as five people.,https://www.foxnews.com/food-drink/costco-shoppers-challenge-influencers-claim-insane-chicken-meal-can-feed-family-five,https://static.foxnews.com/foxnews.com/content/uploads/2026/09/stori_fry.jpg,2026-09-03T13:46:08Z,"A ready-to-cook Costco meal that one influencer claims can feed five people has the online community sharing their skepticism.
Instagram user @costcohotfinds, who has 3.5 million followers and says … [+2462 chars]",fox-news,Fox News
,The ultimate college football tailgate playlist with 10 songs to get fired up for the season,"From ""Country Roads"" to ""Enter Sandman,"" this top-10 college football tailgate playlist covers rock anthems and country classics for pregame.",https://www.foxnews.com/outkick-sports/ultimate-college-football-tailgate-playlist-10-songs-fired-up-season,https://static.foxnews.com/foxnews.com/content/uploads/2026/07/Wisconsin_Badgers_Uniforms.jpg,2026-09-03T13:45:17Z,"College football is officially in full swing, and that means it's time for the ultimate playlist to get fired up.
Thursday night features several games to wet the whistle before a packed Saturday of… [+3606 chars]",fox-news,Fox News
,"NFL leans further into blonde influencers with latest Netflix marketing blitz, a massive nose tackle & pivots",Thursday Screencaps celebrates a reader's 50-year love story that began with a chance encounter at a Toledo Ramada Inn and a shared passion for golf.,https://www.foxnews.com/outkick-sports/nfl-leans-further-blonde-influencers-latest-netflix-marketing-blitz-massive-nose-tackle-pivots,https://static.foxnews.com/foxnews.com/content/uploads/2025/12/alix-earle-120825-1.jpg,2026-09-03T13:28:10Z,"After battling the crud last weekend and early this week, I'm happy to say that I'm working at 90% for this edition of Thursday Screencaps. Thank you to those who have reached out during this difficu… [+14496 chars]",fox-news,Fox News
,"When gunman forced his way into Virginia elementary school, superintendent says lockdown procedures worked",Waynesboro police say a 19-year-old gunman entered Westwood Hills Elementary School and injured a staff member before school lockdown procedures kicked in.,https://www.foxnews.com/us/gunman-forced-way-virginia-elementary-school-superintendent-says-lockdown-procedures-worked,https://static.foxnews.com/foxnews.com/content/uploads/2026/09/scene-virginia-elementary-shooting.png,2026-09-03T13:19:01Z,"A 19-year-old gunman got inside a Virginia elementary school about 30 miles west of Charlottesville on Wednesday morning, injuring an adult staff member before turning the gun on himself, authorities… [+2147 chars]",fox-news,Fox News
,America mocked the Amish and other groups over technology. Maybe they were right,"As Meta settled for up to $17 billion over claims its platforms harmed children, Hasidic smartphone restrictions started looking less backward.",https://www.foxnews.com/opinion/america-mocked-amish-other-groups-technology-maybe-right,https://static.foxnews.com/foxnews.com/content/uploads/2026/08/woman-smartphone-sofa-home.jpg,2026-09-03T13:00:57Z,The irony was hard to miss last week. The same day that a documentary (with more than 35 million views as of Sept. 2) portrayed Hasidic restrictions on smartphones and the internet as evidence of a b… [+7839 chars],fox-news,Fox News
,"‘Why would he do this to us?’: Trump's foreign beef push is hurting his base, Republicans warn",Republican lawmakers warn President Donald Trump that his foreign beef import order is hurting loyal cattle ranchers ahead of the midterm elections.,https://www.foxnews.com/politics/why-would-he-do-us-trumps-foreign-beef-push-hurting-his-base-republicans-warn,https://static.foxnews.com/foxnews.com/content/uploads/2026/09/cattle-herded-lew-thompson-ranch.jpg,2026-09-03T13:00:50Z,"Republicans are warning President Donald Trump that his decision to flood supermarkets with foreign ground beef is hurting a key group in his base as the midterm elections near their climax.
Voters … [+6583 chars]",fox-news,Fox News
,Chase Elliott says NASCAR's grueling 10-month season can 'eat you up' without an escape,"Chase Elliott reveals how fly fishing, golf, snowboarding and hiking in Colorado help him survive NASCAR's grueling February-to-November schedule.",https://www.foxnews.com/outkick-sports/chase-elliott-says-nascars-grueling-10-month-season-can-eat-you-up-without-escape,https://static.foxnews.com/foxnews.com/content/uploads/2026/09/chase-elliott-napa-brickyard-400-indianapolis.jpg,2026-09-03T12:50:41Z,"Chase Elliott spends most of his year trying to go faster than everyone else.
So when he finally gets a chance to slow down, you'll probably find him with a fly rod, on a golf course, hiking somewhe… [+5322 chars]",fox-news,Fox News
,Tens of thousands flood streets to protest Spain border crisis,"Tens of thousands protested Pedro Sanchez across Spain as 50,000 marched in Madrid over the migrant crisis in Ceuta following July's border surge.",https://www.foxnews.com/world/tens-thousands-flood-streets-protest-spain-border-crisis,https://static.foxnews.com/foxnews.com/content/uploads/2026/09/spain-protest.jpg,2026-09-03T12:39:42Z,"Tens of thousands of people took to the streets across Spain to protest the government's handling of a mass crossing of migrants into Spain in July.
Authorities say 50,000 protesters were on the str… [+2627 chars]",fox-news,Fox News
,FIRST ON FOX: ‘No Kings’ protest network behind fight against AI data centers and Flock cameras,"Fox News Digital traces how pro-China socialist groups moved from anti-Trump, anti-Israel protests into technology messages that spread to conservatives and libertarians.",https://www.foxnews.com/politics/no-kings-protest-network-fight-against-ai-data-centers-flock-cameras,https://static.foxnews.com/foxnews.com/content/uploads/2026/08/flock-camera-protest.jpg,2026-09-03T12:14:29Z,"FIRST ON FOX: The same hard-left network behind ""No Kings"" and other protests is leading the battle against data centers and Flock surveillance cameras, according to a Fox News Digital investigation … [+10973 chars]",fox-news,Fox News
,"‘This is real bad’: 911 call reveals frantic moments after autistic daughter, 5, vanished in South Carolina",A 911 call captures John Hayes reporting Saylor Hayes missing near water at a South Carolina rental home before a massive search found her body nearby.,https://www.foxnews.com/us/this-is-real-bad-911-call-reveals-frantic-moments-after-autistic-daughter-5-vanished-south-carolina,https://static.foxnews.com/foxnews.com/content/uploads/2026/09/South-Caralina-Parents-005.jpg,2026-09-03T15:56:00Z,"A 911 call made moments after a 5-year-old autistic girl disappeared from a South Carolina rental home captures her father reporting her missing and saying he needed to check the nearby water.
A mas… [+4711 chars]",fox-news,Fox News
,"NASCAR's most popular driver has a TikTok girlfriend that's causing a stir, and he doesn't care","Carson Hocevar leads NASCAR merchandise sales and has a TikTok girlfriend, but Denny Hamlin and Kevin Harvick say he needs to focus on racing.",https://www.foxnews.com/outkick-sports/nascars-most-popular-driver-tiktok-girlfriend-causing-stir-doesnt-care,https://static.foxnews.com/foxnews.com/content/uploads/2026/09/carson-hocevar-nascar-bristol-motor-speedway.jpg,2026-09-03T15:45:53Z,"Carson Hocevar isn't your typical NASCAR driver. He's not your daddy's driver.
He's certainly not your granddaddy's driver.
He's no Dale Earnhardt. He's not Richard Petty or Cale Yarborough or, for… [+6457 chars]",fox-news,Fox News
,"Scottie Scheffler's caddie details conversation about potential $1 billion LIV Golf offer, why he'd decline",Caddie Ted Scott reveals Scottie Scheffler's bold response when asked about a potential $250 million LIV Golf offer as the world's top player.,https://www.foxnews.com/outkick-sports/scottie-scheffler-caddie-details-conversation-potential-1-billion-liv-golf-offer-why-hed-decline,https://static.foxnews.com/foxnews.com/content/uploads/2026/09/ted-scott-scheffler-featured.jpg,2026-09-03T15:43:02Z,Scottie Scheffler recently took over the top spot on the PGA Tour's career money list with more than $130 million earned. It's fair to say that the 30-year-old who has already taken home $10 million … [+2218 chars],fox-news,Fox News
,The privacy risk of moving to a retirement community,"Moving to a 55+ community can quickly expose your data to scammers and data brokers before you even unpack, putting your whole family at risk.",https://www.foxnews.com/tech/privacy-risk-moving-retirement-community,https://static.foxnews.com/foxnews.com/content/uploads/2025/10/elderly-couple-finance-401k.jpg,2026-09-03T15:32:22Z,"The moving truck hasn't even left the driveway. Somewhere, a scammer may already know three things about you: your name, your new address and something about your age. Maybe not your exact age, but p… [+9101 chars]",fox-news,Fox News
,"Photographer hit in head with hard foul ball at Yankees-Angels game, carted off in scary scene","Ben Rice's hard foul ball struck a photographer in the camera well at Angel Stadium, halting the New York Yankees-Los Angeles Angels game for about 10 minutes.",https://www.foxnews.com/outkick-sports/photographer-hit-head-hard-foul-ball-yankees-angels-game-carted-off-scary-scene,https://static.foxnews.com/foxnews.com/content/uploads/2026/09/foul-ball-photographer-injury-yankees-angels.jpg,2026-09-03T15:26:44Z,"During the sixth inning of the New York Yankees 6-3 extra-inning win over the Los Angeles Angels on Wednesday, a scary scene unfolded when a photographer was hit in the head by a hard foul ball.
The… [+1852 chars]",fox-news,Fox News
,Musk picks his first GOP warriors as a 2026 money surge takes shape,"America PAC spent over $800,000 in 12 days backing Republicans, with Ken Paxton's Texas Senate race receiving the largest share of Elon Musk's cash.",https://www.foxnews.com/politics/musk-picks-first-gop-warriors-2026-money-surge-takes-shape,https://static.foxnews.com/foxnews.com/content/uploads/2023/05/elon-musk.gif,2026-09-03T15:22:09Z,"Elon Musks super PAC made its first major publicly disclosed burst of midterm spending, dumping significant amounts of cash over a very short period of time into races Republicans virtually must win … [+2917 chars]",fox-news,Fox News
Lindsey Burstiner,FOX NEWS MEDIA TO PRESENT SPECIAL MULTIPLATFORM PROGRAMMING COMMEMORATING THE 25TH ANNIVERSARY OF SEPTEMBER 11TH,"NEW YORK – September 3, 2026 – FOX News Media will honor the 25th anniversary of the September 11th, 2001 terrorist attacks with extensive multiplatform special programming. On Friday, September 11th and in the days leading up to it, network personalities and…",https://press.foxnews.com/2026/09/fox-news-media-to-present-special-multiplatform-programming-commemorating-the-25th-anniversary-of-september-11th,,2026-09-03T14:55:09Z,"NEW YORK September 3, 2026  FOX News Media will honor the 25th anniversary of the September 11th, 2001 terrorist attacks with extensive multiplatform special programming. On Friday, September 11th an… [+8547 chars]",fox-news,Fox News
,"Alanis Morissette sues ex-tour manager over alleged blackmail, false drug trafficking claims",Alanis Morissette claimed her former tour manager threatened to frame her for drug trafficking at a U.K. airport unless she agreed to a 15-year contract.,https://www.foxnews.com/entertainment/alanis-morissette-sues-ex-tour-manager-alleged-blackmail-false-drug-trafficking-claims,https://static.foxnews.com/foxnews.com/content/uploads/2026/09/alanis-morissette_001.jpg,2026-09-03T14:50:49Z,"Alanis Morissette claimed to be the victim of a ""calculated blackmail campaign"" allegedly orchestrated by her ""disgruntled former tour manager,"" according to court documents obtained by Fox News Digi… [+4057 chars]",fox-news,Fox News
,33 House Dems break with Jeffries as party fractures over Israel,"The House passed a bill to cut federal funds to colleges participating in boycotts of Israel, but Democrats argue it violates free speech rights.",https://www.foxnews.com/politics/house-dems-break-jeffries-party-fractures-over-israel,https://static.foxnews.com/foxnews.com/content/uploads/2026/07/hakeem-jeffries-democratic-party-dsa-fox-news.jpg,2026-09-03T14:46:54Z,"The House of Representatives passed a bill aimed at blocking federal funds to colleges that boycott Israel, with the vast majority of Democrats voting against it.
All but 33 left-wing lawmakers vote… [+3749 chars]",fox-news,Fox News
,Minneapolis apartment shooting suspect was facing eviction: report,Carlton Neal Johnson II was identified in media reports as the suspected gunman in a shooting at a downtown Minneapolis apartment building on Wednesday.,https://www.foxnews.com/us/minneapolis-apartment-shooting-suspect-facing-eviction-report,https://static.foxnews.com/foxnews.com/content/uploads/2026/09/police-respond-shooting-downtown-minneapolis.jpg,2026-09-03T14:44:50Z,The suspected gunman in a shooting at a downtown Minneapolis apartment building that left two people dead and three police officers injured was identified as a 35-year-old resident who was facing evi… [+2683 chars],fox-news,Fox News
,Good Good CEO and president step down amid controversial ad drama following late-night bashing of Callaway,Good Good golf CEO Matt Kendrick and president Joe Flannery are both out after the controversial Callaway ad fallout that rocked the golf world.,https://www.foxnews.com/outkick-sports/good-good-ceo-president-step-down-amid-controversial-ad-drama-following-late-night-bashing-callaway,https://static.foxnews.com/foxnews.com/content/uploads/2026/08/good-good-featured.jpg,2026-09-03T14:34:34Z,"The drama and fallout involving Good Good golf and its controversial ad have developed into what feels like a never-ending story, and the latest chapter involves two figures seated at the top of the … [+2617 chars]",fox-news,Fox News
,Trey Gowdy opens up about the hidden toll of becoming a great prosecutor,Trey Gowdy reveals the emotional toll of his prosecutorial career and recalls encounters with David Smith from the infamous Susan Smith murder case.,https://www.foxnews.com/media/trey-gowdy-opens-hidden-toll-becoming-great-prosecutor,https://static.foxnews.com/foxnews.com/content/uploads/2026/09/trey-gowdy-hang-out-with-sean-hannity.jpg,2026-09-03T14:28:17Z,"For Trey Gowdy, the best prosecutors don't simply prove their case, they make a jury feel it themselves.
""The best prosecutors are the ones that can make the jury feel what the parents feel,"" Gowdy … [+2233 chars]",fox-news,Fox News
,Powerful union leader backs Republican in key Senate showdown,"Sean O'Brien, one of the top union leaders in the country, backed Sen. Roger Marshall in the Kansas Senate race against Democrat Adam Hamilton.",https://www.foxnews.com/politics/teamsters-leader-turned-maga-world-darling-backs-republican-key-senate-showdown,https://static.foxnews.com/foxnews.com/content/uploads/2026/09/Sean-O_Brien-teamsters-endorse-Marshall.jpg,2026-09-03T14:14:27Z,"FIRST ON FOX: One of the top union leaders in the country has waded into a key Senate contest, backing the Republican incumbent in a race that could determine the balance of power in the upper chambe… [+3527 chars]",fox-news,Fox News
,"Maduro claims immunity, asks judge to dismiss drug-trafficking charges against him and his wife",Nicolás Maduro and Cilia Flores argue sovereign immunity shields them from narco-terrorism and drug trafficking charges in a federal motion to dismiss.,https://www.foxnews.com/politics/maduro-claims-immunity-asks-judge-dismiss-drug-trafficking-charges-him-his-wife,https://static.foxnews.com/foxnews.com/content/uploads/2026/01/venezuelan-president-nicolas-maduro-federal-charges-transfer-new-york-005.jpg,2026-09-03T14:06:35Z,"Former Venezuelan leader Nicolás Maduro and his wife Cilia Flores asked a federal judge Wednesday to dismiss the drug trafficking charges against them, arguing, among other things, that the pair have… [+4282 chars]",fox-news,Fox News
,"SEC files bombshell lawsuit against LSU, Lane Kiffin while pro players fight for college eligibility in court","The Southeastern Conference sued LSU, Lane Kiffin and school leaders over an alleged campaign to recruit former NFL players for college football.",https://www.foxnews.com/outkick-sports/sec-files-bombshell-lawsuit-lsu-lane-kiffin-pro-players-fight-college-eligibility-court,https://static.foxnews.com/foxnews.com/content/uploads/2026/09/lane-kiffin-lsu-fall-practice-tiger-stadium.jpg,2026-09-03T17:57:23Z,"The Southeastern Conference (SEC) blitzed LSU on Thursday with a lawsuit as Commissioner Greg Sankey and others were in court over NCAA eligibility for professional athletes.
The lawsuit was filed i… [+2739 chars]",fox-news,Fox News
,"FOX News Media announces extensive 9/11 anniversary coverage from Ground Zero, Pentagon and Shanksville","FOX News Media announces extensive 9/11 anniversary coverage with live broadcasts from Ground Zero, Washington, D.C., and Shanksville, Pennsylvania.",https://www.foxnews.com/media/fox-news-media-announces-extensive-911-anniversary-coverage-ground-zero-pentagon-shanksville,https://static.foxnews.com/foxnews.com/content/uploads/2025/09/sept-11-memorial-flag.jpg,2026-09-03T17:37:23Z,"FOX News Media will honor the 25th anniversary of the September 11, 2001, terrorist attacks on America with extensive multiplatform special programming, the company announced on Thursday.
On the som… [+4972 chars]",fox-news,Fox News
,Blue state governor candidate claims he ‘met Satan in person’ in resurfaced podcast episode,"Colorado Republican Victor Marx claimed on his podcast he ""met Satan in person"" while praying for a girl at a high-security Texas youth prison.",https://www.foxnews.com/politics/blue-state-governor-candidate-claims-met-satan-person-resurfaced-podcast-episode,https://static.foxnews.com/foxnews.com/content/uploads/2026/07/victor-marx-june-4-2026.jpg,2026-09-03T17:29:59Z,"Colorado's Republican gubernatorial nominee claimed in a resurfaced podcast episode that he ""met Satan in person"" through another person.
Talking Points Memo first reported that Colorado GOP guberna… [+2661 chars]",fox-news,Fox News
,Mamdani gives influencers special access as Signal use raises records-law questions,"Zohran Mamdani's City Hall uses a Signal group chat to feed talking points to 200-plus social media influencers, raising record-keeping concerns.",https://www.foxnews.com/politics/mamdani-gives-influencers-special-access-signal-use-raises-records-law-questions,https://static.foxnews.com/foxnews.com/content/uploads/2026/02/ny-zohran-mamdani-022526-1.jpg,2026-09-03T17:27:14Z,New York City Mayor Zohran Mamdani is giving special access to a network of approximately 200 social media influencers who take City Hall talking points and videos to promote municipal programs onlin… [+3234 chars],fox-news,Fox News
,"GOP Sen Thom Tillis urges Trump to replace Pete Hegseth, blasts Pentagon leadership","Sen. Tillis called for President Trump to replace War Secretary Pete Hegseth, accusing the Pentagon chief of ""creating a leadership void at the top of our military ranks.""",https://www.foxnews.com/politics/gop-sen-thom-tillis-urges-trump-replace-pete-hegseth-blasts-pentagon-leadership,https://static.foxnews.com/foxnews.com/content/uploads/2026/09/d3180cf6-thom-tillis-august-2026.jpg,2026-09-03T17:26:30Z,"Outgoing Sen. Thom Tillis, R-N.C., called for President Donald Trump to replace War Secretary Pete Hegseth, slamming the Pentagon leader following the news that Army Secretary Dan Driscoll was resign… [+3605 chars]",fox-news,Fox News
,"Australia’s 'Queen of Infomercials' wants 'no-strings attached fun,' the O-dome is back & you’re not weird?","Trinity Rodman wore an ""I heart my boyfriend"" crop top to the US Open to support Ben Shelton, while Burning Man's Orgy Dome makes its return.",https://www.foxnews.com/outkick-culture/australias-queen-infomercials-wants-no-strings-attached-fun-o-dome-back-youre-not-weird,https://static.foxnews.com/foxnews.com/content/uploads/2026/09/rozz-switzer-return-godz-media-call.jpg,2026-09-03T17:19:12Z,"It's the first Thursday in September. Love is in the air and to prove that, we have Trinity Rodman showing up at the US Open in a crop top supporting her tennis player boyfriend Ben Shelton.
I'm not… [+8031 chars]",fox-news,Fox News
,"Illegal alien's ‘inexcusable’ crime sparks interstate clash between GOP sen, Dem gov: ‘You should be ashamed’",Bernie Moreno says an illegal immigrant granted a Connecticut driver's license killed a 29-year-old Ohioan in a vehicular manslaughter case.,https://www.foxnews.com/politics/illegal-alien-inexcusable-crime-sparks-interstate-clash-gop-sen-dem-gov-ashamed,https://static.foxnews.com/foxnews.com/content/uploads/2026/09/72c8cbbc-moreno-ct-gov-mugshot.jpg,2026-09-03T17:17:20Z,"Sen. Bernie Moreno, R-Ohio, is demanding answers from Connecticuts Democratic Gov. Ned Lamont after an Ohio man was killed in a car crash by an illegal immigrant who Moreno says was granted a driver'… [+6341 chars]",fox-news,Fox News
,"Israeli medics train US synagogues how to respond to attacks, as high holidays approach",Magen David Adom and Community Security Service train synagogue volunteers in mass casualty response as antisemitism fears grow before Rosh Hashanah.,https://www.foxnews.com/us/israeli-medics-train-us-synagogues-respond-attacks-high-holidays-approach,https://static.foxnews.com/foxnews.com/content/uploads/2026/09/first-7-minutes.jpg,2026-09-03T17:12:49Z,"Jewish communities across the U.S. are ramping up their security measures and emergency preparation ahead of Rosh Hashanah and other High Holidays.
Israel's emergency medical service, Magen David Ad… [+3458 chars]",fox-news,Fox News
Sofie Watson,FOX NEWS MEDIA PARTS WAYS WITH MARIA BARTIROMO,"NEW YORK – September 3, 2026 — Effective today, Maria Bartiromo is no longer with FOX News Media.  In making the announcement, FOX News Media said, “We thank Maria for her work over the last 12 ½ years and wish her all the best on her next chapter.” The last …",https://press.foxnews.com/2026/09/fox-news-media-parts-ways-with-maria-bartiromo,,2026-09-03T17:10:38Z,"NEW YORK September 3, 2026 Effective today, Maria Bartiromo is no longer with FOX News Media. 
In making the announcement, FOX News Media said, We thank Maria for her work over the last 12 ½ years a… [+1390 chars]",fox-news,Fox News
,"Stephen A Smith explains why he regrets voting for Harris, says her loyalty to Biden 'usurped everything else'",Stephen A. Smith defended his Kamala Harris vote regret on Cari Champion and Jemele Hill's podcast as the hosts accused him of targeting Black women.,https://www.foxnews.com/media/stephen-smith-explains-why-he-regrets-voting-harris-says-her-loyalty-biden-usurped-everything-else,https://static.foxnews.com/foxnews.com/content/uploads/2026/09/stephen-a-smith-christopher-russo-siriusxm.jpg,2026-09-03T16:58:01Z,"ESPN's Stephen A. Smith was repeatedly confronted over why he said he regretted voting for former Vice President Kamala Harris during a podcast released Wednesday, as hosts Cari Champion and Jemele H… [+4864 chars]",fox-news,Fox News
Lindsey Burstiner,FOX NEWS MEDIA TO PRESENT LIVE PROGRAMMING FROM DALLAS FOR THE REPUBLICAN NATIONAL COMMITTEE’S MIDTERM CONVENTION ON SEPTEMBER 9 AND 10,"NEW YORK — September 3, 2026 — FOX News Media will present live programming from Dallas for the Republican National Committee’s (RNC) Midterm Convention on September 9th and 10th. Throughout both days of the convention, several FOX News Channel (FNC) daytime …",https://press.foxnews.com/2026/09/fox-news-media-to-present-live-programming-from-dallas-for-the-republican-national-committees-midterm-convention-on-september-9-and-10,,2026-09-03T16:45:29Z,"NEW YORK September 3, 2026  FOX News Media will present live programming from Dallas for the Republican National Committees (RNC) Midterm Convention on September 9th and 10th. Throughout both days of… [+3670 chars]",fox-news,Fox News
,Dem Senate nominee changes tune on ICE after vowing not 'one more dime' for agency,"Hallie Shoffner said she'd defund ICE at an Arkansas event, but Tom Cotton's attack ads prompted her to redefine her immigration enforcement stance.",https://www.foxnews.com/politics/dem-senate-nominee-changes-tune-ice-after-vowing-not-one-more-dime-agency,https://static.foxnews.com/foxnews.com/content/uploads/2026/09/ice-agents-ventura-county-detainee.jpg,2026-09-03T16:41:52Z,"A Democrat running for the Senate in ruby-red Arkansas once called to defund immigration enforcement, but has since changed her tune.
Arkansas Senate Democratic nominee Hallie Shoffner, a farmer and… [+3392 chars]",fox-news,Fox News
,Three new companies face Josh Hawley's investigation into AI surveillance and vehicle tracking,Josh Hawley expands his AI surveillance probe beyond Flock Safety to three more companies building massive camera networks that track Americans.,https://www.foxnews.com/politics/three-new-companies-face-josh-hawley-investigation-ai-surveillance-vehicle-tracking,https://static.foxnews.com/foxnews.com/content/uploads/2026/07/josh-hawley-capitol.jpg,2026-09-03T16:35:32Z,"Sen. Josh Hawley, R-Mo., is expanding his investigation into alleged privacy violations from Flock Safety cameras to three additional companies amid concerns about the handling of images and data gen… [+5761 chars]",fox-news,Fox News
,Fox News ‘Antisemitism Exposed’ Newsletter: Jewish AG's chilling message to voters,"Fox News' ""Antisemitism Exposed"" newsletter brings you stories on the rising anti-Jewish prejudice across the U.S. and the world.",https://www.foxnews.com/us/fox-news-antisemitism-exposed-newsletter-jewish-ags-chilling-message-voters,https://static.foxnews.com/foxnews.com/content/uploads/2023/03/GettyImages-1054045546.jpg,2026-09-03T16:33:29Z,"Fox News' ""Antisemitism Exposed"" newsletter brings you stories on the rising anti-Jewish prejudice across the U.S. and the world.
IN TODAYS NEWSLETTER:- Dem AG urges Jewish voters to put humanity ab… [+2958 chars]",fox-news,Fox News
,"Florida woman, 70, opens fire inside Port Orange police department lobby, chief says",A 70-year-old woman allegedly opened fire inside the Port Orange Police Department lobby before an officer-involved shooting left her hospitalized nearby.,https://www.foxnews.com/us/florida-woman-70-opens-fire-port-orange-police-department-lobby-chief-says,https://static.foxnews.com/foxnews.com/content/uploads/2026/09/Port-Orange-police-1.jpg,2026-09-03T16:28:45Z,"A 70-year-old Florida woman was confronted by law enforcement Thursday after she opened fire inside the lobby of the Port Orange Police Department, its chief said.
The department said there is curre… [+1791 chars]",fox-news,Fox News
,Rep Ralph Norman affirms that he'll 'support' ex-rival Sen Darline Graham in election,Republican Rep. Ralph Norman affirmed that he will support former South Carolina special GOP U.S. Senate primary runoff rival Sen. Darline Graham in the general election.,https://www.foxnews.com/politics/rep-ralph-norman-affirms-support-ex-rival-sen-lindsey-graham-election,https://static.foxnews.com/foxnews.com/content/uploads/2026/08/norman-graham-split.jpg,2026-09-03T16:22:25Z,"Rep. Ralph Norman, R-S.C., indicated in a Wednesday post on X that he would ""support"" Sen. Darline Graham, R-S.C., in South Carolina's U.S. Senate general election contest.
""As I said repeatedly on … [+1726 chars]",fox-news,Fox News
,Divers brave deadly 'Mount Everest of shipwrecks' as famed wreck breaks apart,"The Andrea Doria shipwreck, dubbed the Mount Everest of wreck diving, has claimed the lives of at least 18 scuba divers off the Nantucket Atlantic coast even as it remains a strong draw.",https://www.foxnews.com/travel/divers-brave-deadly-mount-everest-shipwrecks-famed-wreck-breaks-apart,https://static.foxnews.com/foxnews.com/content/uploads/2026/09/ANDREA-DORIA-SHIPWRECK-HISTORY-ARCHAEOLOGY-DISCOVERY-2.jpg,2026-09-03T16:20:29Z,"Some 240 feet beneath the ocean lies a shipwreck so dangerous and difficult to explore that divers have dubbed it the ""Mount Everest of shipwrecks"" and it's right off the coast of the U.S.
The wreck… [+4448 chars]",fox-news,Fox News
,"Dianna Russini's relationship with Mike Vrabel was 'in clear violation' of standards, The Athletic review says","The Athletic's standards review found Dianna Russini's relationship with Mike Vrabel violated company policy, raising questions about trust and disclosure.",https://www.foxnews.com/outkick-sports/dianna-russini-relationship-mike-vrabel-clear-violation-standards-athletic-review,https://static.foxnews.com/foxnews.com/content/uploads/2026/04/vrabel-russini-split-fox-news-002.jpg,2026-09-03T16:18:36Z,The Athletic has released a long-awaited standards review about former reporter Dianna Russini's relationship with New England Patriots coach Mike Vrabel and it paints the media entity as something o… [+4372 chars],fox-news,Fox News
,Judge in accused assassin Tyler Robinson's case explains why death penalty remains on table in written order,"Judge Tony Graf Jr. ruled the death penalty remains on the table for Tyler Robinson, accused of killing Charlie Kirk at a Turning Point USA event.",https://www.foxnews.com/us/judge-accused-assassin-tyler-robinson-case-explains-why-death-penalty-remains-table-written-order,https://static.foxnews.com/foxnews.com/content/uploads/2025/09/charlie-kirk-at-uvu-rally.png,2026-09-03T16:13:36Z,"PROVO, Utah When ruling that the death penalty will remain on the table in the case against accused Charlie Kirk assassin Tyler Robinson, Utah Fourth District Judge Tony Graf Jr. found that allegedly… [+4591 chars]",fox-news,Fox News
,"Richard Gere celebrates 77th birthday with wife Alejandra Silva, 43, and young son in rare family photos",Alejandra Silva posted rare photos of Richard Gere and their son James celebrating his 77th birthday as the family settles into life in Spain.,https://www.foxnews.com/entertainment/richard-gere-celebrates-77th-birthday-wife-alejandra-silva-43-young-son-rare-family-photos,https://static.foxnews.com/foxnews.com/content/uploads/2026/09/geres.jpg,2026-09-03T16:03:06Z,"Richard Gere rang in his 77th birthday with his 43-year-old wife, Alejandra Silva, and their six-year-old son.
Silva took to Instagram on Tuesday to celebrate her husband's special day. ""No one I ra… [+2961 chars]",fox-news,Fox News
,Utah's MacKenzie Weegar reacts to American players seeking trades out of Canada: 'It’s a bit unfortunate',"MacKenzie Weegar calls it ""unfortunate"" to see American NHL stars requesting trades out of Canadian markets to United States teams they prefer.",https://www.foxnews.com/outkick-sports/utah-mackenzie-weegar-reacts-american-players-seeking-trades-out-canada-bit-unfortunate,https://static.foxnews.com/foxnews.com/content/uploads/2026/09/mackenzie-weegar.jpg,2026-09-03T19:43:11Z,"One of the biggest stories in the NHL as of late has been about high-end American players asking for trades to teams in the United States.
From the intense pressure and scrutiny of playing in some C… [+2382 chars]",fox-news,Fox News
,"Ron DeSantis goes to bat for Tiger Woods, MLB announcer calls out 'woke' team & Jena Sims in a 'Chili's' dress","Keith Hernandez calls out the Rays for being woke, while Tiger Woods' golf cart privileges during probation get a response from Ron DeSantis.",https://www.foxnews.com/outkick-sports/ron-desantis-goes-bat-tiger-woods-mlb-announcer-calls-out-woke-team-jena-sims-chilis-dress,https://static.foxnews.com/foxnews.com/content/uploads/2026/09/tiger-woods-ron-desantis-tgl-match.jpg,2026-09-03T19:40:04Z,"'Nightcaps' is a daily column that catches you up on the biggest sports, news and culture stories you may have missed while pretending to do work at your desk. It runs MondayFriday on OutKick.com.
H… [+6043 chars]",fox-news,Fox News
,Dem Senate hopeful vows to unleash Alaska oil — but her record tells a different story,"Mary Peltola touts Alaska oil production in her Senate bid, but in Washington, D.C., she urged colleagues to vote against her own ANWR drilling bill.",https://www.foxnews.com/politics/dem-senate-hopeful-vows-unleash-alaska-oil-her-record-tells-different-story,https://static.foxnews.com/foxnews.com/content/uploads/2026/09/peltola-oil-gas-letter.jpg,2026-09-03T19:37:14Z,"A Democrat eyeing a return to Congress in a crucial battleground state has pitched a policy platform geared toward expanded oil production, but she once turned her back on the issue while in Washingt… [+5786 chars]",fox-news,Fox News
,Android Motion Assist could ease car sickness on your phone,"Google's Motion Assist places animated dots on Pixel screens to combat motion sickness in vehicles, but the Android 17 rollout remains limited.",https://www.foxnews.com/tech/android-motion-assist-ease-car-sickness-phone,https://static.foxnews.com/foxnews.com/content/uploads/2026/09/android-motion-sickness.jpg,2026-09-03T19:30:53Z,"Ever tried to answer a text from the passenger seat and felt your stomach turn before you reached the second line? For people prone to motion sickness, a phone can go from useful to unbearable fast.… [+8895 chars]",fox-news,Fox News
,Vance refuses to put a clock on Iran conflict as key question keeps US forces engaged,"JD Vance refuses to set an artificial timeline on Iran, citing Strait of Hormuz attacks and a full pivot from diplomacy to military pressure.",https://www.foxnews.com/politics/vance-refuses-put-clock-iran-conflict-key-question-keeps-us-forces-engaged,https://static.foxnews.com/foxnews.com/content/uploads/2026/09/vance-presser.jpg,2026-09-03T19:30:49Z,"Vice President JD Vance said Thursday he will not put an ""artificial timeline"" on the war with Iran, warning that the conflict will continue on as long as Iran keeps shooting at ships.
""You're askin… [+2225 chars]",fox-news,Fox News
,Ukrainian center Kate Koval releases statement regarding her departure from LSU women's hoops team,Kate Koval's Instagram statement reveals how Kim Mulkey's signing of Russian center Anna Minaeva drove her away from LSU women's basketball.,https://www.foxnews.com/outkick-sports/ukrainian-center-kate-koval-releases-statement-regarding-departure-lsu-womens-hoops-team,https://static.foxnews.com/foxnews.com/content/uploads/2026/08/katekoval.png,2026-09-03T19:21:21Z,"Ukrainian center and former LSU women's basketball star Kate Koval has broken her silence regarding her departure from the team.
Koval announced she was stepping away from the program back in August… [+2572 chars]",fox-news,Fox News
,Former Disney star Dylan Sprouse says acting as a kid was ‘child labor’,"Dylan Sprouse called his childhood acting career ""child labor"" on his ""Wildmen"" podcast, revealing the mental hurdles he still faces as an adult.",https://www.foxnews.com/entertainment/former-disney-star-dylan-sprouse-says-acting-kid-child-labor,https://static.foxnews.com/foxnews.com/content/uploads/2026/09/dylan-sprouse-split.jpg,2026-09-03T19:18:49Z,"Former Disney Channel star Dylan Sprouse is getting candid about how he feels about his career as a child actor.
During a recent episode of his podcast, ""Wildmen,"" the 34-year-old actor told his co-… [+3563 chars]",fox-news,Fox News
,Seattle police union sounds alarm after city axes officer hiring bonuses amid staffing shortage,"Seattle police union warns the city's decision to cut up to $50,000 in hiring bonuses could worsen a staffing crisis with only 927 deployable officers.",https://www.foxnews.com/media/seattle-police-union-sounds-alarm-city-axes-officer-hiring-bonuses-amid-staffing-shortage,https://static.foxnews.com/foxnews.com/content/uploads/2026/07/seattle-mayor-katie-wilson-vigil-shooting.jpg,2026-09-03T19:16:04Z,"Seattle's police union is sounding the alarm after the city eliminated lucrative hiring bonuses for new and experienced officers despite the department remaining hundreds of cops short, warning the m… [+3852 chars]",fox-news,Fox News
,Eva Shockey says she received 'thousands and thousands' of death threats from anti-hunting activists,Eva Shockey reveals she received thousands and thousands of death threats from anti-hunting activists as her profile grew in the outdoor industry.,https://www.foxnews.com/outkick-culture/eva-shockey-received-thousands-death-threats-anti-hunting-activists,https://static.foxnews.com/foxnews.com/content/uploads/2026/09/woman-bird-hunter-fox-news_.jpg,2026-09-03T19:15:06Z,"Eva Shockey says the anti-hunting backlash she faced at the height of her rise in the outdoor industry went far beyond angry comments on social media.
It included ""thousands and thousands and thousa… [+5072 chars]",fox-news,Fox News
,UK lawmaker warns it’s ‘open season’ on Christians as he sounds alarm over ‘two-tier justice’,British lawmaker says it is 'open season' to discriminate against Christians in the United Kingdom while Islamist preachers go free.,https://www.foxnews.com/media/uk-lawmaker-warns-open-season-christians-sounds-alarm-two-tier-justice,https://static.foxnews.com/foxnews.com/content/uploads/2026/09/London-Muslims-mosque-praying.jpg,2026-09-03T19:00:02Z,"A British lawmaker is sounding the alarm over what he calls ""two-tier justice"" against Christians in the United Kingdom, telling Fox News Digital it is now ""open season"" to discriminate against belie… [+3988 chars]",fox-news,Fox News
,Deadly mosquito-borne virus claims first life in major US city as cases spread,"Chicago's first West Nile virus death of 2026 follows the city's rainiest summer in years, as CDPH sprays insecticide across 15 community areas.",https://www.foxnews.com/health/deadly-mosquito-borne-virus-claims-first-life-major-us-city-cases-spread,https://static.foxnews.com/foxnews.com/content/uploads/2026/09/mosquito-on-skin.jpg,2026-09-03T18:59:08Z,"A Chicago resident has died from West Nile virus, marking the citys first death linked to the mosquito-borne illness this year, according to the Chicago Department of Public Health.
Several other ca… [+4122 chars]",fox-news,Fox News
,Aryna Sabalenka fires back at reporter for asking question about partying after US Open victory,Aryna Sabalenka fired back at a reporter during her US Open press conference after a question about brand events implied she hadn't been training.,https://www.foxnews.com/outkick-sports/aryna-sabalenka-fires-back-reporter-asking-question-partying-us-open-victory,https://static.foxnews.com/foxnews.com/content/uploads/2026/09/sabalenka-featured-us-open.jpg,2026-09-03T18:58:07Z,Aryna Sabalenka was all smiles in the media center at the U.S. Open after cruising to a straight-sets victory over Polina Iatcenko on Wednesday night to punch her ticket into the third round. That is… [+2012 chars],fox-news,Fox News
,"'Deadpool' star Ryan Reynolds torches 1980s nostalgia, calls decade a ‘f---ing mess’ people ‘forget’","Ryan Reynolds called the 1980s a ""brutal"" and ""f---ing mess"" at the ""Mayday"" premiere, sparking fierce pushback from Spencer Pratt and Dan Bongino.",https://www.foxnews.com/media/deadpool-star-ryan-reynolds-torches-1980s-nostalgia-calls-decade-f-ing-mess-people-forget,https://static.foxnews.com/foxnews.com/content/uploads/2025/11/ryan-reynolds-looking-serious.jpg,2026-09-03T18:57:40Z,"Ryan Reynolds faced backlash Thursday after the ""Deadpool"" star called the 1980s ""brutal"" and a ""fing mess"" while promoting his Cold-War era movie ""Mayday"" at its New York premiere, prompting critics… [+4329 chars]",fox-news,Fox News
,Former NFL player and college football star dead after final social media post claiming demonic possession,"Alphonso Smith's final social media post referenced demon possession and childhood abuse, serving as a haunting cry for help hours before his death.",https://www.foxnews.com/outkick-sports/former-nfl-player-college-football-star-dead-after-final-social-media-post-claiming-demonic-possession,https://static.foxnews.com/foxnews.com/content/uploads/2026/09/alphonso-smith-denver-broncos-celebrates.jpg,2026-09-03T18:57:12Z,"This story discusses suicide. If you or someone you know is having thoughts of suicide, please contact the Suicide and Crisis Lifeline at 988 or 1-800-273-TALK (8255).
Former NFL cornerback Alphonso… [+2899 chars]",fox-news,Fox News
,Steel Across America tour lands at Fenway Park ahead of 25th anniversary of 9/11,The 21-foot World Trade Center steel beam drew emotional reactions at Fenway Park as fans shared deeply personal connections to the 9/11 attacks.,https://www.foxnews.com/us/steel-across-america-tour-lands-fenway-park-ahead-25th-anniversary-9-11,https://static.foxnews.com/foxnews.com/content/uploads/2026/09/911-memorial.jpg,2026-09-03T18:32:09Z,"The Tunnel to Towers Steel Across America tour landed in Boston's Fenway Park on Wednesday night, giving Red Sox fans a chance to see a preserved section of the World Trade Center.
The 21-foot steel… [+2445 chars]",fox-news,Fox News
,"'Sopranos' star Dominic Chianese continues to age in reverse, starts podcast at 95 years old","Dominic Chianese launched ""Dominic & Junior"" with his son, reflecting on his legendary career from ""The Godfather Part II"" to Junior Soprano.",https://www.foxnews.com/outkick-culture/sopranos-star-dominic-chianese-continues-age-reverse-starts-podcast-95-years-old,https://static.foxnews.com/foxnews.com/content/uploads/2026/09/dominic-chianese-sopranos-25th-anniversary-reunion.jpg,2026-09-03T18:24:08Z,"If any of you loyal readers are lucky enough to still have grandparents alive, congratulations.
And if any of those grandparents are still kicking at the ripe age of 95, congratulations again.
With… [+2536 chars]",fox-news,Fox News
,Reactions pour in after HBO drops new trailer for its upcoming Harry Potter mega-series,"HBO's ""Harry Potter and the Philosopher's Stone"" series drops a new full trailer with a star-studded cast including John Lithgow and Nick Frost.",https://www.foxnews.com/outkick-culture/reactions-pour-hbo-drops-new-trailer-upcoming-harry-potter-mega-series,https://static.foxnews.com/foxnews.com/content/uploads/2026/09/Harry_Potter.jpg,2026-09-03T18:17:58Z,"A new full trailer is out for HBO's upcoming Harry Potter series, and reactions are rolling in.
Here's the basic info:
<ul><li>Network/streaming platform: HBO</li><li>Source material: The ""Harry Po… [+1939 chars]",fox-news,Fox News
,DOJ charges ICE officer with lying to investigators following Minneapolis shooting of Venezuelan man,ICE agent Christian Castro faces federal false statements charges tied to the shooting of Julio Cesar Sosa-Celis during an immigration crackdown.,https://www.foxnews.com/us/doj-charges-ice-officer-lying-investigators-following-minneapolis-shooting-venezuelan-man,https://static.foxnews.com/foxnews.com/content/uploads/2026/08/christian-castro-final-split-edit.jpg,2026-09-03T18:16:09Z,Federal prosecutors have charged a U.S. Immigration and Customs Enforcement officer with lying to investigators about the events surrounding the shooting of a Venezuelan man in Minneapolis earlier th… [+2197 chars],fox-news,Fox News
,Duran Duran singer Simon Le Bon and wife Yasmin soak up the sun on their Italian getaway,"Simon Le Bon and Yasmin Le Bon were photographed enjoying a beach day and boat outing in Sardinia, showcasing their enduring romance of 40 years.",https://www.foxnews.com/entertainment/duran-duran-singer-simon-le-bon-wife-yasmin-soak-sun-italian-getaway,https://static.foxnews.com/foxnews.com/content/uploads/2026/09/simon-le-bon-yasmin-le-bon.jpg,2026-09-03T18:11:34Z,"Duran Duran band member, Simon Le Bon, was spotted enjoying a sun-kissed European vacation with his wife.
Simon, 67, and his wife, Yasmin Le Bon, 61, were recently photographed while out and about o… [+2961 chars]",fox-news,Fox News
,"Lawmakers press DHS in letter over Chinese forced labor allegations, flag popular Labubu dolls",The House CCP Committee demands a DHS briefing on enforcing the Uyghur Forced Labor Prevention Act as Chinese goods from slave labor reach U.S. markets.,https://www.foxnews.com/politics/lawmakers-press-dhs-letter-chinese-forced-labor-allegations-flag-popular-labubu-dolls,https://static.foxnews.com/foxnews.com/content/uploads/2026/09/Labubu.jpg,2026-09-03T18:06:20Z,FIRST ON FOX The House Select Committee on the Chinese Communist Party (CCP) is requesting a briefing from the Department of Homeland Security (DHS) on the agency's implementation of the Uyghur Force… [+5408 chars],fox-news,Fox News
,Cubs reliever Trent Thornton suffers epic dugout meltdown after being removed from game,Trent Thornton spiked his glove and screamed after being pulled from the mound during the Chicago Cubs' loss to the Milwaukee Brewers at Wrigley Field.,https://www.foxnews.com/outkick-sports/cubs-reliever-trent-thornton-suffers-epic-dugout-meltdown-removed-game,https://static.foxnews.com/foxnews.com/content/uploads/2026/09/trent-thornton-cubs-mariners-seattle.jpg,2026-09-03T18:02:44Z,"No ifs, ands or buts about it: Chicago Cubs relief pitcher Trent Thornton was not happy with his performance.
During the top of the fifth inning of the Cubs 9-5 loss to the Milwaukee Brewers on Wedn… [+1891 chars]",fox-news,Fox News
,"Feds bust LGBT podcaster, former Christian reality TV star for alleged threats to kill Trump",Benjamin Azariah Southworth allegedly posted videos calling for President Donald Trump's assassination and targeted the family of his attorney.,https://www.foxnews.com/politics/feds-bust-lgbt-podcaster-former-christian-reality-tv-star-alleged-threats-kill-trump,https://static.foxnews.com/foxnews.com/content/uploads/2026/09/azariah-southworth-split.jpg,2026-09-03T18:02:00Z,"A prominent LGBT podcaster who formerly hosted a Christian reality television show was arrested by federal agents in Los Angeles Thursday for allegedly threatening to kill President Donald Trump.
Be… [+3432 chars]",fox-news,Fox News
,Washington female wrestler appeals Title IX case over alleged assault by trans opponent to Ninth Circuit,A Washington high school wrestler's Title IX case heads to the Ninth Circuit after she was allegedly assaulted by a trans competitor on the mat.,https://www.foxnews.com/outkick-sports/washington-female-wrestler-appeals-title-ix-case-alleged-assault-trans-opponent-ninth-circuit,https://static.foxnews.com/foxnews.com/content/uploads/2026/06/kallie-keeler.jpeg,2026-09-03T21:44:04Z,"A Washington high school athlete has taken her Title IX lawsuit to the Ninth Circuit Court of Appeals, seeking emergency safety protections before the upcoming wrestling season after she was allegedl… [+7347 chars]",fox-news,Fox News
,Should Milwaukee Brewers rest Jacob Misiorowski ahead of the postseason after poor start in Chicago?,Jake Peavy says the Milwaukee Brewers must skip Jacob Misiorowski's starts now to keep their NL Cy Young favorite fresh for a World Series run.,https://www.foxnews.com/outkick-sports/should-milwaukee-brewers-rest-jacob-misiorowski-ahead-postseason-poor-start-chicago,https://static.foxnews.com/foxnews.com/content/uploads/2026/05/jacob-misiorowski-brewers-fox-news-001.jpeg,2026-09-03T21:36:36Z,"There's one runaway favorite to win the National League Cy Young Award, and it's Milwaukee Brewers star pitcher Jacob Misiorowski.
""The Miz,"" as he's commonly known, has delivered on all of his imme… [+4057 chars]",fox-news,Fox News
,Akron Zips vs. Wake Forest Demon Deacons week 1 college football pick favors under 48.5,College football week 1 features Akron Zips and Wake Forest Demon Deacons breaking in new quarterbacks and transfer portal additions in their opener.,https://www.foxnews.com/outkick-sports/akron-zips-vs-wake-forest-demon-deacons-week-1-college-football-pick-favors-under-48-5,https://static.foxnews.com/foxnews.com/content/uploads/2026/09/joe-moorhead-akron-zips-warmups-wyoming.jpg,2026-09-03T21:34:52Z,"Week 1 of College Football is finally here. Id call it the opening week of football, but we did get games last week, which were pretty entertaining. Im trying to temper my expectations a bit as we ha… [+2933 chars]",fox-news,Fox News
,"Enes Kanter Freedom files lawsuit against Sky following ejection, ban after altercation with Natasha Cloud",Enes Kanter Freedom has filed a federal complaint against the Chicago Sky and more after his ejection following an altercation with guard Natasha Cloud on Aug. 23.,https://www.foxnews.com/outkick-sports/enes-kanter-freedom-files-lawsuit-against-sky-following-ejection-ban-after-altercation-natasha-cloud,https://static.foxnews.com/foxnews.com/content/uploads/2026/08/enes-kanter-freedom-chicago-sky-wnba.jpg,2026-09-03T21:33:06Z,Enes Kanter Freedom is taking legal action against the Chicago Sky following his ejection from Wintrust Arena following an altercation with guard Natasha Cloud during a game against the Indiana Fever… [+2051 chars],fox-news,Fox News
,Cleveland Browns reset under Todd Monken after trading Myles Garrett and parting with Stefanski,"Todd Monken inherits a Cleveland Browns roster in flux, with Deshaun Watson battling Shedeur Sanders and Dillon Gabriel for long-term snaps.",https://www.foxnews.com/outkick-sports/cleveland-browns-reset-todd-monken-trading-myles-garrett-parting-stefanski,https://static.foxnews.com/foxnews.com/content/uploads/2025/12/shedeur-sanders-deshaun-watson-12325.jpg,2026-09-03T21:30:23Z,"With former Georgia and Ravens offensive architect Todd Monken stepping in as head coach following the departure of Kevin Stefanski, and Deshaun Watson competing alongside rookies Shedeur Sanders and… [+3368 chars]",fox-news,Fox News
,"Reality star's son, 15, indicted on 7 counts stemming from alleged sexual battery","KJ Biermann, 15, now faces 7 counts including child molestation and aggravated sodomy stemming from April incident after a grand jury indictment.",https://www.foxnews.com/entertainment/reality-stars-son-15-indicted-7-counts-stemming-from-alleged-assault,https://static.foxnews.com/foxnews.com/content/uploads/2026/08/kim-zolciak-kj-biermann.jpg,2026-09-03T20:59:54Z,"KJ Biermann, 15, was indicted Wednesday for child molestation and multiple charges of sexual battery against a child under 16, according to documents obtained by Fox News Digital.
A grand jury in Fu… [+2919 chars]",fox-news,Fox News
,Apple AirTags just dropped to $24 on Amazon — one of the best times to stock up,"Amazon rarely discounts Apple AirTags for long, and right now both single trackers and four-packs are marked down.",https://www.foxnews.com/deals/airtag-amazon-deal,https://static.foxnews.com/foxnews.com/content/uploads/2026/09/an-apple-airtag-just-dropped-to-24-on-amazon-grab-one-before-the-price-jumps-again.jpg,2026-09-03T20:53:37Z,"Keys buried in the couch? Luggage nowhere in sight? An AirTag can help you track down easy-to-lose belongings through Apple's Find My network. Right now, both single AirTags and four-packs are discou… [+4091 chars]",fox-news,Fox News
,Dramatic video shows SWAT vehicle ramming tractor during tense Oregon standoff,"Oregon man Erik Gordon Shunn allegedly fired more than 200 rounds, shot at a Clackamas County Sheriff’s Office drone and engaged in a standoff with a SWAT team.",https://www.foxnews.com/us/dramatic-video-shows-swat-vehicle-ramming-tractor-tense-oregon-standoff,https://static.foxnews.com/foxnews.com/content/uploads/2026/09/oregon-shooting-gif.gif,2026-09-03T20:53:09Z,"Video captured the dramatic moment a SWAT team rammed its vehicle into a tractor during a standoff with a suspect who allegedly went on a shooting spree near an Oregon home.
Erik Gordon Shunn, 53, r… [+2598 chars]",fox-news,Fox News
,Smithsonian showdown intensifies as Trump administration issues a stark new warning,The Smithsonian Institution faces threats beyond its $1 billion federal funding as Trump administration claims evidence of antidiscrimination violations.,https://www.foxnews.com/politics/smithsonian-showdown-intensifies-trump-administration-issues-stark-new-warning,https://static.foxnews.com/foxnews.com/content/uploads/2025/08/trump-calls-out-smithsonian-.jpg,2026-09-03T20:34:46Z,The Trump administration says it has uncovered evidence that the Smithsonian Institution violated federal nondiscrimination laws and is threatening to withdraw support from its museums unless it corr… [+4652 chars],fox-news,Fox News
,Frightening scene unfolds on iconic sky ride as child falls down onto boardwalk,"A young child fell from Casino Pier's Sky Ride in Seaside Heights, New Jersey, and her aunt then jumped down after her in a frightening boardwalk incident.",https://www.foxnews.com/travel/frightening-scene-unfolds-iconic-sky-ride-child-falls-onto-boardwalk,https://static.foxnews.com/foxnews.com/content/uploads/2026/09/NJ-SEASIDE-HEIGHTS-INCIDENT-2.jpg,2026-09-03T20:32:38Z,"A frightening scene unfolded on the Jersey Shore this week when a toddler fell from an iconic boardwalk ride and her aunt scrambled to help. 
The incident took place aboard Casino Pier's Sky Ride, a… [+2189 chars]",fox-news,Fox News
,White House rips ‘activist’ Biden judge who upended Trump birthright citizenship order,"A Biden-appointed judge blocked President Donald Trump's birthright citizenship executive order, calling it ""almost certainly unconstitutional.""",https://www.foxnews.com/politics/white-house-rips-activist-biden-judge-upended-trump-birthright-citizenship-order,https://static.foxnews.com/foxnews.com/content/uploads/2026/07/Birthright-citizenship-protesters.jpg,2026-09-03T20:30:43Z,"A Biden-appointed judge temporarily blocked President Donald Trump's latest executive order seeking to limit birthright citizenship, setting up another high-profile legal battle over the scope of the… [+6070 chars]",fox-news,Fox News
,Michigan Democrat who lost Senate primary to Abdul El-Sayed takes aim at Bernie Sanders over Israel stance,"Democratic Rep. Haley Stevens called Bernie Sanders part of an anti-Zionist ""sickness"" and questioned what he has done for Middle East peace in an interview.",https://www.foxnews.com/media/michigan-democrat-lost-senate-primary-abdul-el-sayed-takes-aim-bernie-sanders-israel-stance,https://static.foxnews.com/foxnews.com/content/uploads/2026/09/STEVENS-SANDERS.jpg,2026-09-03T20:30:40Z,"Democratic Rep. Haley Stevens, who lost last month in the Michigan Senate primary to Abdul El-Sayed, called out Sen. Bernie Sanders, I-Vt., in an interview over his Middle East policy, describing the… [+4402 chars]",fox-news,Fox News
,Vance reveals who's behind his recent weight loss in first White House press briefing since July,Vice president says Robert F. Kennedy Jr. diet of high protein and sauerkraut behind his recent weight loss during his first press briefing since the departure of former press secretary Karoline Leavitt last month.,https://www.foxnews.com/politics/vance-reveals-whos-behind-his-recent-weight-loss-first-white-house-press-briefing-since-july,https://static.foxnews.com/foxnews.com/content/uploads/2026/09/jd-vance-9-3-26.png,2026-09-03T20:26:25Z,"While conducting the first White House press briefing since July 23 when he led it, and the first since former press secretary Karoline Leavitt's departure last month, Vice President JD Vance address… [+2354 chars]",fox-news,Fox News
,Cam Skattebo considered retirement after season-ending ankle injury in Giants rookie year,Cam Skattebo revealed retirement crossed his mind after a devastating ankle and leg injury just eight games into his New York Giants rookie season.,https://www.foxnews.com/outkick-sports/cam-skattebo-considered-retirement-season-ending-ankle-injury-giants-rookie-year,https://static.foxnews.com/foxnews.com/content/uploads/2025/10/cam-skattebo-102825.jpg,2026-09-03T20:18:54Z,"Cam Skattebos first season in the NFL with the New York Giants was going swimmingly until it ended in one play.
Skattebo suffered a season-ending ankle injury just as his production, and subsequent … [+2764 chars]",fox-news,Fox News
,John Rich claims Jelly Roll knew he’d lose half his fans over political comments,"John Rich says Jelly Roll knew his ""Jimmy Kimmel Live!"" political comments could cost him half his country music audience but spoke out anyway.",https://www.foxnews.com/entertainment/john-rich-claims-jelly-roll-knew-lose-half-fans-political-comments,https://static.foxnews.com/foxnews.com/content/uploads/2026/09/john-rich-jelly-roll-fox-news_.jpg,2026-09-03T20:16:25Z,"Jelly Roll took a gamble with his fan base and John Rich said the country star knew exactly what was at stake.
Rich warned that the ""Save Me"" singer's candid political comments could cost him a sign… [+3771 chars]",fox-news,Fox News
,"MIKE DAVIS: Cheers to David Warrington, Trump’s outgoing White House counsel",David Warrington departs after steering Trump through over 30 Supreme Court victories against lawfare and helping install constitutionalist judges.,https://www.foxnews.com/opinion/mike-davis-cheers-david-warrington-trumps-outgoing-white-house-counsel,https://static.foxnews.com/foxnews.com/content/uploads/2026/09/david-warrington_white_house.jpg,2026-09-03T20:09:06Z,David Warrington announced his departure as White House counsel after more than a year and a half of exceptional service to President Donald Trump and our nation. Warrington served through the most l… [+4810 chars],fox-news,Fox News
,Vance jokes about rubbing elbows with former president at Ground Zero: ‘Intense intellectual conversations’,"JD Vance says he's ""looking forward"" to seeing Joe Biden at the World Trade Center 9/11 ceremony alongside former presidents and Rudy Giuliani.",https://www.foxnews.com/politics/vance-jokes-about-rubbing-elbows-former-president-ground-zero-intense-intellectual-conversations,https://static.foxnews.com/foxnews.com/content/uploads/2026/09/jd-vance-9-3-26.png,2026-09-03T20:08:51Z,"Vice President JD Vance said Thursday he is ""looking forward"" to meeting with former President Joe Biden while in New York City next week for the 25th anniversary of 9/11.
""I'm really looking forwar… [+2420 chars]",fox-news,Fox News
,White House gives classic arcade games a MAGA makeover in new online launch,"The White House launched a gaming website with MAGA remakes of Snake, Flappy Bird, Duck Hunt and Tetris designed to highlight Trump's second-term wins.",https://www.foxnews.com/politics/white-house-classic-arcade-games-maga-makeover-online-launch,https://static.foxnews.com/foxnews.com/content/uploads/2026/09/white-house-arcade.gif,2026-09-03T20:05:27Z,"FIRST ON FOX: The White House is rolling out a new website Thursday that will feature classic arcade-style games with a MAGA twist.
A promotional video for the site obtained by Fox News Digital show… [+2948 chars]",fox-news,Fox News
,OpenAI's ChatGPT pivots after previously putting Trump alongside Putin as top threats to democracy,"ChatGPT originally rated President Trump as a major threat to democracy, but the results changed after a Media Research Center (MRC) study was brought to its attention.",https://www.foxnews.com/media/openais-chatgpt-pivots-after-previously-putting-trump-alongside-putin-as-top-threats-to-democracy,https://static.foxnews.com/foxnews.com/content/uploads/2025/12/laptop-chatgpt-photo-3.jpg,2026-09-03T20:00:22Z,"OpenAIs ChatGPT originally rated President Donald Trump as a major threat to democracy when prompted, according to a new study, but the results differed following an inquiry from Fox News Digital. 
… [+4009 chars]",fox-news,Fox News
,Excavation set to begin on Trump administration's 250-foot triumphal arch amid legal battle,"Doug Burgum announced the start of excavation on the 250-foot Great Triumphal Arch in Washington, D.C., but a lawsuit challenges the project's authorization.",https://www.foxnews.com/politics/excavation-begin-trump-administration-250-foot-triumphal-arch-amid-legal-battle,https://static.foxnews.com/foxnews.com/content/uploads/2026/09/triumph-memorial-001.jpg,2026-09-03T23:50:10Z,"Excavation work will begin over the next two weeks on a site where the Trump administration plans to build a tall memorial arch in Washington, D.C., a project that currently faces a lawsuit from oppo… [+2783 chars]",fox-news,Fox News
,GOP candidate gets busted trying to plant drugs on his political rival,"Thomas Ross allegedly conspired to plant cocaine and Adderall in his Republican rival's purse, but his campaign manager wore a wire for the FBI.",https://www.foxnews.com/politics/gop-candidate-gets-busted-trying-plant-drugs-his-political-rival,https://static.foxnews.com/foxnews.com/content/uploads/2026/09/cocaine-photo-edited-1.jpg,2026-09-03T23:48:40Z,A Republican candidate for the Missouri state House is facing federal drug charges after newly unsealed court documents revealed an alleged plot to frame his political opponent by planting cocaine an… [+3716 chars],fox-news,Fox News
,"Jennifer Aniston, boyfriend Jim Curtis’ chemistry shines as she reveals ‘deep fear’ during interview","Jennifer Aniston interviewed boyfriend Jim Curtis about ""The Book of Possibility"" at the 92nd Street Y, revealing a deep fear of public speaking.",https://www.foxnews.com/entertainment/jennifer-aniston-boyfriend-jim-curtis-chemistry-shines-reveals-deep-fear-interview,https://static.foxnews.com/foxnews.com/content/uploads/2026/09/jennifer-aniston-jim-curtis-elle-women-hollywood.jpg,2026-09-03T23:28:59Z,"Jennifer Aniston and boyfriend Jim Curtis chemistry was on full display Wednesday evening when the ""Friends"" star interviewed the wellness coach about his new book.
While the 57-year-old kept it pro… [+4011 chars]",fox-news,Fox News
,Cavaliers star Donovan Mitchell reveals how booze helped fuel his legendary 71-point game,"Donovan Mitchell revealed on the ""Cousins"" podcast that a few New Year's drinks preceded his historic 71-point game against the Chicago Bulls.",https://www.foxnews.com/outkick-sports/cavaliers-star-donovan-mitchell-reveals-how-booze-helped-fuel-legendary-71-point-game,https://static.foxnews.com/foxnews.com/content/uploads/2026/09/donovan-mitchell.jpg,2026-09-03T23:13:42Z,"There are certain sports where I think its widely believed, if not accepted as a cold, hard fact, that alcohol can improve performance.
Hasn't everyone's golf game improved with a little swing oil?… [+1775 chars]",fox-news,Fox News
,Indiana farm faces backlash after honoring Charlie Kirk with corn maze display,"Goebel Farms in Evansville, Indiana, faced dozens of negative Google reviews after unveiling a corn maze tribute to slain activist Charlie Kirk.",https://www.foxnews.com/media/indiana-farm-faces-backlash-honoring-charlie-kirk-corn-maze-display,https://static.foxnews.com/foxnews.com/content/uploads/2026/09/charlie-kirk-corn-maze.png,2026-09-03T23:13:11Z,"An Indiana farm's corn maze tribute to the late Charlie Kirk drew intense community backlash, prompting the farm to issue a statement defending its decision.
Goebel Farms in Evansville told KWTX tha… [+2779 chars]",fox-news,Fox News
,"Will Ospreay's era as AEW champion begins, learns he'll have title defense at All Out: 'I am the standard now'","Will Ospreay declared himself ""the Billy goat"" on ""Dynamite"" before his first AEW World Championship defense was set against Jon Moxley.",https://www.foxnews.com/outkick-sports/will-ospreay-era-aew-champion-begins-learns-title-defense-all-out-standard-now,https://static.foxnews.com/foxnews.com/content/uploads/2026/08/AEW-Will-Ospreay-083126-2.jpg,2026-09-03T23:00:50Z,"Will Ospreay found out quickly who his first All Elite Wrestling (AEW) World Championship title defense was going to be against.
The ""Aerial Assassin"" started AEW ""Dynamite"" on Wednesday with an imp… [+2342 chars]",fox-news,Fox News
,"Stephen A Smith warns Hasan Piker will ‘contaminate’ Democrats in the midterms, ‘come back to haunt them’",Stephen A. Smith warns that Hasan Piker's growing political influence could haunt Democrats in general elections and hand Republicans a weapon.,https://www.foxnews.com/media/stephen-smith-warns-hasan-piker-contaminate-democrats-midterms-come-back-haunt-them,https://static.foxnews.com/foxnews.com/content/uploads/2026/04/streamer-hasan-piker-abdul-el-sayed-democrat-senate-michigan-college-fox-news-002.jpg,2026-09-03T23:00:33Z,"ESPN personality Stephen A. Smith warned Thursday that far-left streamer Hasan Piker could become a general-election liability for Democrats, telling POLITICO host Dasha Burns during ""The Conversatio… [+3631 chars]",fox-news,Fox News
,California girls’ sports advocates vow fight after judge tosses trans athlete case: 'Far from over',The Justice Department is weighing an appeal after a federal judge dismissed Trump's lawsuit over transgender athletes in California girls' sports.,https://www.foxnews.com/media/california-girls-sports-advocates-vow-fight-after-judge-tosses-trans-athlete-case-far-over,https://static.foxnews.com/foxnews.com/content/uploads/2026/05/save-girls-sports.jpeg,2026-09-03T22:46:48Z,Advocates for girls' sports vowed to keep fighting after a federal judge dismissed a Department of Justice lawsuit  challenging California policies that allow biological male athletes to compete on g… [+4604 chars],fox-news,Fox News
,Marijuana users may face hidden driving danger that standard tests can miss,"Cannabis edible users registered THC levels nearly 10 times lower than smokers despite similar driving impairment, exposing a potential road safety gap.",https://www.foxnews.com/health/marijuana-users-may-face-hidden-driving-danger-standard-tests-miss,https://static.foxnews.com/foxnews.com/content/uploads/2026/09/cannabis-gummies-driving.jpg,2026-09-03T22:32:48Z,"A new study warns that driving after eating cannabis edibles can significantly impair road performance and reaction times, even if blood tests show THC levels far below the legal limit.
The findings… [+4033 chars]",fox-news,Fox News
,"Iran prefers conflict with US over peace to suppress internal uprising, human rights activist warns","A human rights activist says Iran's regime fears its own population more than U.S. airstrikes, using Strait of Hormuz friction for survival.",https://www.foxnews.com/world/iran-prefers-conflict-us-over-peace-suppress-internal-uprising-human-rights-activist-warns,https://static.foxnews.com/foxnews.com/content/uploads/2026/06/khamenei-hormuz.jpg,2026-09-03T22:30:08Z,Regime leaders in Iran are more content to see continued confrontation with the United States and its Gulf neighbors rather than pursuing peace in an effort to keep their disenchanted population at b… [+3035 chars],fox-news,Fox News
,"EXCLUSIVE: FBI extraditions soar as Patel ramps up foreign outreach, vows 'no sanctuary'","FBI Director Kash Patel says FBI extraditions of international fugitives to the United States are up 65%, with 157 executed amid a sweeping manhunt push.",https://www.foxnews.com/us/exclusive-fbi-extraditions-soar-patel-ramps-up-foreign-outreach-vows-no-sanctuary,https://static.foxnews.com/foxnews.com/content/uploads/2026/03/fbi-kash-patel.png,2026-09-03T22:22:13Z,"FIRST ON FOX: FBI Director Kash Patel has dramatically expanded direct outreach to foreign partners in an effort to bring international fugitives back to the United States, with FBI data exclusively … [+3712 chars]",fox-news,Fox News
,"Sydney Sweeney, Scooter Braun pack on PDA during romantic gondola ride in Venice",Photos capture Sydney Sweeney and Scooter Braun sharing a kiss on a Venice gondola as the couple attends the 2026 Venice Film Festival together.,https://www.foxnews.com/entertainment/sydney-sweeney-scooter-braun-pack-pda-during-romantic-gondola-ride-venice,https://static.foxnews.com/foxnews.com/content/uploads/2026/09/sydney-sweeney-scooter-braun-venice-2.jpg,2026-09-03T22:18:42Z,"Sydney Sweeney and Scooter Braun are not afraid to show a little PDA.
The couple were photographed getting cozy together while taking a ride through the canals of Venice, Italy on a gondola.
Braun … [+2657 chars]",fox-news,Fox News
,"Musician, pregnant wife and 3-year-old daughter shot and killed inside home","Jonathan Meléndez of Camilo Séptimo, his pregnant wife, their 3-year-old daughter and a nanny were reportedly found shot dead outside Mexico City.",https://www.foxnews.com/entertainment/musician-pregnant-wife-3-year-old-daughter-shot-killed-inside-home,https://static.foxnews.com/foxnews.com/content/uploads/2026/09/mexico-city-los-deportes-images-septimo.jpg,2026-09-03T22:05:14Z,"A musician, his pregnant wife, their 3-year-old daughter and the familys nanny were found shot and killed inside a residential building outside Mexico City.
The four victims were discovered alongsid… [+2314 chars]",fox-news,Fox News
,Hurricanes superfan Abella Danger acknowledges Miami frat sweetheart run prior to season,Abella Danger celebrated her Pi Kappa Alpha sweetheart title at the University of Miami as the Hurricanes gear up for another college football season.,https://www.foxnews.com/outkick-sports/hurricanes-superfan-abella-danger-acknowledges-miami-frat-sweetheart-run-prior-season,https://static.foxnews.com/foxnews.com/content/uploads/2026/09/abella-danger-avn-awards-las-vegas.jpg,2026-09-03T22:05:03Z,"The U was stacked last season. They had talent everywhere, from a quarterback drafted in the third round of the NFL Draft to frat sweethearts in the form of an A-list actress and a retired adult film… [+1930 chars]",fox-news,Fox News
,Jeffries threatens 'serious response' after Democrats help GOP advance anti-socialism vote,"Hakeem Jeffries threatened a ""serious response"" after Reps. Jared Golden and Marie Gluesenkamp Perez broke ranks on a key GOP procedural vote.",https://www.foxnews.com/media/jeffries-threatens-serious-response-democrats-help-gop-advance-anti-socialism-vote,https://static.foxnews.com/foxnews.com/content/uploads/2026/05/Jeffries-at-press-conference.jpeg,2026-09-03T22:04:38Z,"House Minority Leader Hakeem Jeffries, D-N.Y., threatened Thursday to pursue a ""serious response"" against two Democratic lawmakers during an appearance on ""The Don Lemon Show"" after they broke ranks … [+3583 chars]",fox-news,Fox News
,Kamala Harris says she 'supports' Dems who don't want her on campaign trail: 'Whatever they need to do to win',"Red state Democrats are reportedly urging former Vice President Kamala Harris to stay far away from their 2026 midterm races, and Harris responded.",https://www.foxnews.com/media/kamala-harris-supports-dems-dont-want-her-campaign-trail-whatever-they-need-win,https://static.foxnews.com/foxnews.com/content/uploads/2025/09/harris-book-view.jpg,2026-09-03T22:03:22Z,"MS NOWs Peter Alexander confronted former Vice President Kamala Harris on Thursday to respond to reporting that red state Democrats are asking her to stay far away from their midterm races.
Alexande… [+4490 chars]",fox-news,Fox News
