author,title,description,url,urlToImage,publishedAt,content,source.id,source.name
,"Fauci texts suggest officials were ‘too slow to pivot' amid pandemic, says Dr Marc Siegel","Dr. Marc Siegel, senior medical analyst, says newly released Anthony Fauci text messages reveal he was ""too dogmatic"" and too slow to pivot on COVID-19 vaccine guidance.",https://www.foxnews.com/health/fauci-texts-suggest-officials-slow-pivot-pandemic-dr-marc-siegel,https://static.foxnews.com/foxnews.com/content/uploads/2026/08/fauci-testifying.jpg,2026-08-11T01:58:54Z,"Newly released text messages from Dr. Anthony Fauci have sparked fresh questions about his handling of evolving COVID-19 evidence, according to Dr. Marc Siegel, Fox News senior medical analyst. 
The… [+5561 chars]",fox-news,Fox News
,"Quinnen Williams agrees to $105.9M contract extension with Cowboys, locking him in through 2030 season","Quinnen Williams agreed to a three-year, $105.9 million extension with the Dallas Cowboys, making him one of the highest-paid defensive tackles in the NFL.",https://www.foxnews.com/sports/quinnen-williams-agrees-105-9m-contract-extension-cowboys-locking-through-2030-season,https://static.foxnews.com/foxnews.com/content/uploads/2026/08/quinnen-williams-cowboys.jpg,2026-08-11T01:53:53Z,The Dallas Cowboys and veteran defensive tackle Quinnen Williams agreed to a three-year extension prior to the start of the 2026 NFL season that will make him one of the highest-paid players at his p… [+2629 chars],fox-news,Fox News
,Dem Gov Maura Healey signs sweeping Massachusetts bill allowing abortions up to birth,"Massachusetts joins nine other states in removing gestational age limits, allowing abortions up to birth, as Healey vows abortion will remain safe, legal and accessible.",https://www.foxnews.com/politics/dem-gov-maura-healey-signs-sweeping-massachusetts-bill-allowing-abortions-up-birth,https://static.foxnews.com/foxnews.com/content/uploads/2026/08/rendered-healey-applause.gif,2026-08-11T01:16:40Z,"Democratic Gov. Maura Healey was met with applause and smiles as she signed away Massachusetts' gestational limits on abortion, making the deep-blue state the 10th to permit the procedure up to birth… [+2496 chars]",fox-news,Fox News
,Mamdani’s luxury-home tax rollout derailed for now as judge delivers win to NYC homeowners over massive list,"A judge ordered the Zohran Mamdani administration to take down a list exposing names and addresses of over 900,000 New York City homeowners.",https://www.foxnews.com/us/mamdanis-luxury-home-tax-rollout-derailed-judge-delivers-win-nyc-homeowners-massive-list,https://static.foxnews.com/foxnews.com/content/uploads/2026/08/zohran-mamdani-nyc-pied-a-terre-tax-luxury-homes.jpg,2026-08-11T01:05:36Z,"A New York judge slammed the brakes Monday on Mayor Zohran Mamdanis controversial rollout of a new tax on luxury second homes, ordering City Hall to take down a controversial list exposing the names,… [+7346 chars]",fox-news,Fox News
,Mick Jagger proves he still has the ‘Moves Like Jagger’ in viral dance video,Mick Jagger's viral club video shows the 83-year-old Rolling Stones frontman energetically dancing under a disco ball to the band's new song.,https://www.foxnews.com/entertainment/mick-jagger-proves-still-has-moves-like-jagger-viral-dance-video,https://static.foxnews.com/foxnews.com/content/uploads/2026/08/mick-jagger-rolling-stones-sof-stadium.jpg,2026-08-11T01:04:55Z,"Mick Jagger wowed his fans with his dance moves at 83 after the singer shared a recent video of himself partying at a club.
On Sunday, The Rolling Stones frontman uploaded a clip in which he was see… [+4399 chars]",fox-news,Fox News
Fox News,Paul Mauro explains why Fauci should get immunity | Fox News Video,Fox News contributor and attorney Paul Mauro discusses newly released text messages showing Dr. Anthony Fauci privately raising concerns about COVID mRNA vaccines for pregnant women on ‘America Reports.’,https://www.foxnews.com/video/6403174608112,https://a57.foxnews.com/cf-images.us-east-1.prod.boltdns.net/v1/static/694940094001/c16c92be-686c-4e83-9a92-a270e1bd1c4b/1beaee5c-3526-49e1-ad71-ebd19920ee79/1280x720/match/1024/512/image.jpg?ve=1&tl=1,2026-08-11T00:49:09Z,"©2026 Fox News Network, LLC. All rights reserved. This material may not be published, broadcast, rewritten, or redistributed. All market data delayed 20 minutes.",fox-news,Fox News
,"Suspect arrested at Kim Kardashian's mansion after stolen vehicle, break-in reported in Hidden Hills","A suspect was arrested after a vehicle was stolen from Kim Kardashian's Hidden Hills mansion, which is currently under renovation and unoccupied.",https://www.foxnews.com/entertainment/suspect-arrested-kim-kardashian-mansion-stolen-vehicle-break-in-hidden-hills,https://static.foxnews.com/foxnews.com/content/uploads/2026/08/kim-kardashian-fur.jpg,2026-08-11T00:36:50Z,"Kim Kardashian's Hidden Hills mansion was the target of a break-in on Sunday after a vehicle was stolen from the property, officials confirmed to Fox News Digital.
Deputies from the Malibu/Lost Hill… [+1955 chars]",fox-news,Fox News
,Joe Burrow spotted hanging out with a Sports Illustrated Swimsuit model after practice,"Joe Burrow was spotted with Olivia Ponton on the Bengals practice field, drawing comparisons to Justin Herbert and Madison Beer at training camp.",https://www.foxnews.com/outkick-sports/joe-burrow-spotted-hanging-sports-illustrated-swimsuit-model-after-practice,https://static.foxnews.com/foxnews.com/content/uploads/2026/08/olivia-ponton-fifa-world-cup-suite.jpg,2026-08-11T00:11:49Z,"Justin Herbert is not alone. There was another high-profile NFL quarterback spotted hanging out with a woman on the practice field at training camp.
Cincinnati Bengals quarterback Joe Burrow was see… [+2123 chars]",fox-news,Fox News
,Long list of embarrassing WNBA incidents is what happens when sports leagues made politics their primary focus,"From Caitlin Clark's treatment to Sophie Cunningham's stance on trans athletes, the WNBA's political battles are overshadowing the sport itself.",https://www.foxnews.com/outkick-sports/long-list-embarrassing-wnba-incidents-what-happens-when-sports-leagues-made-politics-their-primary-focus,https://static.foxnews.com/foxnews.com/content/uploads/2026/08/caitlin-clark-indiana-fever-seattle-storm-001.jpg,2026-08-11T00:04:32Z,"After years of being mostly ignored, the WNBA suddenly finds itself at the center of the sports world. And it's for all the ""wrong"" reasons.
For a league that's never turned a profit, or even really… [+8598 chars]",fox-news,Fox News
,President Trump warns FIFA will pay a massive price if it ousts chief Gianni Infantino,"Trump warned FIFA against replacing Gianni Infantino, calling him ""fantastic"" as soccer's governing body faces internal revolt over private equity deals.",https://www.foxnews.com/outkick-sports/president-trump-warns-fifa-pay-massive-price-ousts-chief-gianni-infantino,https://static.foxnews.com/foxnews.com/content/uploads/2025/11/infantino-trump-2-e1762549474225.jpeg,2026-08-11T03:01:44Z,"President Donald Trump is handing out a big red card to FIFAs bosses, warning soccers top execs theyd be out of their minds to dump embattled president Gianni Infantino.
Taking to Truth Social, Trum… [+2622 chars]",fox-news,Fox News
,"DiJonai Carrington, who declared 'White privilege' after ejection, plays vs Storm as WNBA remains silent","The Chicago Sky had DiJonai Carrington playing against the Seattle Storm on Monday night, as the WNBA has remained silent following her Flagrant 2 foul ejection on Saturday night.",https://www.foxnews.com/outkick-sports/dijonai-carrington-who-declared-white-privilege-after-ejection-suspended-wnba-foul-fever-star,https://static.foxnews.com/foxnews.com/content/uploads/2026/08/dijonai-carrington-suspended.jpg,2026-08-11T02:32:10Z,"The WNBA's silence regarding DiJonai Carrington, who declared ""White privilege"" after her ejection during Saturdays game against the Indiana Fever after smacking Sophie Cunningham in the face, meant … [+4806 chars]",fox-news,Fox News
,"Trump used catering truck, Air Force One decoy to evade Iran threat: report","President Donald Trump secretly exited Air Force One via a catering truck at the NATO summit in Turkey, boarding a smaller jet to evade Iran threats, according to a report.",https://www.foxnews.com/politics/trump-used-catering-truck-air-force-one-decoy-evade-iran-threat-report,https://static.foxnews.com/foxnews.com/content/uploads/2026/01/trump-boards-air-force-one-1.jpg,2026-08-11T02:17:00Z,"President Donald Trump secretly boarded a third, smaller U.S. military aircraft using an airport catering truck as cover to depart the NATO summit in Turkey in July while using an older Air Force One… [+4096 chars]",fox-news,Fox News
Gabrielle Brothers,"#859 – Counting Stars: Card Game Variants, State Names & Digital Branding","In today’s episode of The Quiz, we’re testing your knowledge on everything from noisy aquatic wildlife to digital brand colors. Can you answer these? State Geography: America is made up of fifty unique states, but can you recall how many of their official nam…",https://radio.foxnews.com/2026/08/11/859-counting-stars-card-game-variants-state-names-digital-branding/,https://static-radio.foxnews.com/radio.foxnews.com/content/uploads/2024/03/adc79648-the-quiz-wednesday.png,2026-08-11T07:00:45Z,"In today’s episode of The Quiz, we’re testing your knowledge on everything from noisy aquatic wildlife to digital brand colors. Can you answer these?
<ul><li>State Geography: America is made up of f… [+554 chars]",fox-news,Fox News
,"Florida woman accused of faking cancer to scam hundreds out of $40K, police say","A Florida woman was arrested after she allegedly scammed more than 200 people out of $40,000 with a fake cancer diagnosis. GoFundMe says it refunded the money.",https://www.foxnews.com/us/florida-woman-cancer-fraud,https://static.foxnews.com/foxnews.com/content/uploads/2026/08/florida-woman-cancer-scam.png,2026-08-11T06:02:18Z,"A Florida woman was arrested after authorities said she falsely claimed to have cancer and scammed more than 200 people out of more than $40,000 to pay off personal debts.
Maribeth Ellen Jones, 51, … [+2376 chars]",fox-news,Fox News
,Top Obama ally reveals which far-left candidate needs to lose to help progressives win,"David Axelrod calls Francesca Hong a ""font of zany liberal, faculty lounge exotica"" and says her Wisconsin primary loss would help Abdul El-Sayed.",https://www.foxnews.com/politics/top-obama-ally-reveals-which-far-left-candidate-needs-lose-help-progressives-win,https://static.foxnews.com/foxnews.com/content/uploads/2026/07/francesca-hong-democratic-socialist-fox-news.jpg,2026-08-11T09:30:32Z,"David Axelrod, one of the architects behind President Barack Obamas presidential campaigns, believes other progressives might stand a better chance of getting elected if, in his view, one of their mo… [+3624 chars]",fox-news,Fox News
,LIZ PEEK: A brave Democrat leaves his party as radical socialists take over,"Julian Epstein says Democrats have ""gone off the deep end"" and backs Republican Mike Rogers in Michigan's senate race against Abdul El-Sayed.",https://www.foxnews.com/opinion/liz-peek-brave-democrat-leaves-party-radical-socialists-take-over,https://static.foxnews.com/foxnews.com/content/uploads/2026/08/Piker-Sayed3.jpg,2026-08-11T09:00:39Z,"""This is a party that is jumping off a cliff, and I dont intend to jump with them.""
That was Julian Epstein, long-time Democrat apparatchik, talking recently about his party. He said in a post on X,… [+6365 chars]",fox-news,Fox News
,Socialist winning streak puts prized Democratic battleground at risk as radical leftists advance,Francesca Hong leads Wisconsin's Democratic Party gubernatorial primary as progressive vs. moderate battles reshape the party's Midwest future.,https://www.foxnews.com/politics/socialist-winning-streak-puts-prized-democratic-battleground-risk-radical-leftists-advance,https://static.foxnews.com/foxnews.com/content/uploads/2026/07/francesca-hong-wisconsin-democrats-convention.jpg,2026-08-11T09:00:26Z,"MADISON, Wis. - For a second straight week, the Midwest is the key battlefield in the high-stakes fight between the left-wing and the center-left establishment for the future of the Democratic Party.… [+9277 chars]",fox-news,Fox News
,SEC SEAN DUFFY: Freedom Haulers puts veterans in the drivers' seats of new careers,"Freedom Haulers recruits military veterans into trucking using GI Bill, SkillBridge and military skills waivers to fast-track licensing goals.",https://www.foxnews.com/opinion/sec-sean-duffy-freedom-haulers-puts-veterans-drivers-seats-new-careers,https://static.foxnews.com/foxnews.com/content/uploads/2025/07/1-clever-ev-hack-could-reinvent-diesel-trucking.jpg,2026-08-11T09:00:12Z,"Americas trucking industry keeps our economy moving forward. From medicine and fresh produce to fuel and everyday essentials, truckers carry more than 71% of our nations freight.
If the trucks stop,… [+5591 chars]",fox-news,Fox News
,MORNING GLORY: Michigan’s Democratic Senate primary had two winners — but only one was on the ballot,Hasan Piker's alliance with Abdulrahman Mohamed El-Sayed could reshape Michigan's Senate race as GOP nominee Mike Rogers eyes a narrow path to win.,https://www.foxnews.com/opinion/morning-glory-michigans-democratic-senate-primary-two-winners-only-one-ballot,https://static.foxnews.com/foxnews.com/content/uploads/2026/08/abdul-el-sayed-august-4-2026.jpg,2026-08-11T09:00:01Z,"Abdulrahman Mohamed El-Sayed is Hasan Doan Piker and Hasan Doan Piker is Abdulrahman Mohamed El-Sayed.
Thats the bottom line for Michigan voters considering the race for an open United States Senate… [+7558 chars]",fox-news,Fox News
,Deported child predator who illegally reentered US sentenced to 20 years in federal prison,"A deported illegal migrant from Mexico was sentenced to 20 years in prison for child sex crimes and illegal reentry, and will be removed after he finishes his sentence.",https://www.foxnews.com/us/erik-santana-garcia-child-sex-crimes-sentence,https://static.foxnews.com/foxnews.com/content/uploads/2026/08/illegal-migrant-child-predator-arrest.png,2026-08-11T08:33:13Z,"A Mexican national who had been deported from the US multiple times before illegally reentering the country has been sentenced to 20 years in federal prison for sexually exploiting two minors, accord… [+1948 chars]",fox-news,Fox News
,Pentagon makes dramatic missile shift as repeated conflicts drain US stockpiles and more top headlines,Get all the stories you need-to-know from the most powerful name in news delivered first thing every morning to your inbox.,https://www.foxnews.com/us/pentagon-makes-dramatic-missile-shift-repeated-conflicts-drain-us-stockpiles-more-top-headlines,https://static.foxnews.com/foxnews.com/content/uploads/2026/08/thaad-missile.jpg,2026-08-11T11:28:02Z,"Good morning and welcome to Fox News morning newsletter, Fox News First. And here's what you need to know to start your day ...
TOP 3
1. Pentagon makes shift as repeated conflicts drain US stockpil… [+3554 chars]",fox-news,Fox News
,Repeat offender accused of college student’s murder was known ‘threat’ after prior arrest: victim’s mom,Julissa Salazar's mother says her University of Arizona daughter had broken up with the suspect before being found strangled in her apartment.,https://www.foxnews.com/us/repeat-offender-accused-college-student-murder-known-threat-prior-arrest-victim-mom,https://static.foxnews.com/foxnews.com/content/uploads/2026/08/Julie-Salazar-was-found-dead-in-her-apartment-near-university-of-arizona.jpg,2026-08-11T11:00:50Z,"FIRST ON FOX: ""This happening to her feels so unfair in so many ways,"" said the mother of slain University of Arizona student Julissa ""Julie"" Salazar.
Salazar, 19, was found strangled to death in he… [+3679 chars]",fox-news,Fox News
,Cut off by your adult child? Psychology researcher reveals what parents should do next,"Dr. Richard Blake shares steps that may help repair parent-child estrangement, from stabilizing mental health to avoiding moralized language.",https://www.foxnews.com/health/cut-off-adult-child-psychology-researcher-reveals-what-parents-should-do-next,https://static.foxnews.com/foxnews.com/content/uploads/2026/08/father-talking-to-adult-child.jpg,2026-08-11T11:00:28Z,"Family estrangement has become increasingly common in the U.S. but experts stress that reconciliation may still be possible after relatives have cut ties.
A 2025 YouGov poll found that 38% of U.S. a… [+6932 chars]",fox-news,Fox News
,"Cam Newton backs Aaron Rodgers, claiming NFL 'players, coaches and executives' used fake COVID vaccine cards","Aaron Rodgers claimed on ""The Pat McAfee Show"" that NFL people used fake vaccination cards, and now Cam Newton is echoing the same allegations.",https://www.foxnews.com/outkick-sports/cam-newton-backs-aaron-rodgers-claiming-nfl-players-coaches-executives-used-fake-covid-vaccine-cards,https://static.foxnews.com/foxnews.com/content/uploads/2026/08/cam-newton-panthers-sideline-fox-news_.jpg,2026-08-11T10:52:48Z,"It escaped vast attention last week when Aaron Rodgers suggested during his appearance on ""The Pat McAfee Show"" that NFL people got past league COVID-19 protocols by obtaining ""fake"" vaccination card… [+4140 chars]",fox-news,Fox News
,Inside the Senate's chaotic all-nighter that left Trump's SAVE America Act on the shelf,The SAVE America Act was punted as Sen. Mike Lee's promised objection to block Senate recess never materialized during the all-night session.,https://www.foxnews.com/politics/inside-senates-chaotic-all-nighter-left-trumps-save-america-act-shelf,https://static.foxnews.com/foxnews.com/content/uploads/2026/08/donald-trump-team-usa-olympians-white-house.jpg,2026-08-11T10:30:28Z,"During the long night to send the Senate home, deals were brokered, major legislation was punted and promises were extended.
The SAVE America Act never made it off the shelf, despite promises up and… [+4637 chars]",fox-news,Fox News
,Adam Vinatieri shamed into offering apology and explanation for Hall of Fame speech that was epic,"Adam Vinatieri's Pro Football Hall of Fame speech roasted Bill Belichick, Tom Brady, and Peyton Manning before delivering an emotional tribute to football.",https://www.foxnews.com/outkick-sports/adam-vinatieri-shamed-offering-apology-explanation-hall-fame-speech-epic,https://static.foxnews.com/foxnews.com/content/uploads/2026/08/adam-vinatieri-pro-football-hall-of-fame-fox-news_.jpg,2026-08-11T10:25:19Z,"The speech Adam Vinatieri delivered at the Pro Football Hall of Fame upon his induction was touching, insightful, emotional, and comedy-act funny. It was easily the most memorable speech at that venu… [+4250 chars]",fox-news,Fox News
,DiJonai Carrington dismisses Sophie Cunningham's notion that flagrant foul was 'intentional',"DiJonai Carrington claims her flagrant foul on Sophie Cunningham was never intentional but warns ""it might happen again"" due to her playing style.",https://www.foxnews.com/outkick-sports/dijonai-carrington-dismisses-sophie-cunningham-claim-flagrant-foul-intentional,https://static.foxnews.com/foxnews.com/content/uploads/2026/08/sophie-cunningham-dijonai-carrington-wnba.jpg,2026-08-11T10:14:28Z,"Chicago Sky guard DiJonai Carrington threw herself into the flames of controversy on Saturday when her flagrant foul left the Indiana Fevers Sophie Cunningham bloodied, leading to an ejection and a s… [+2625 chars]",fox-news,Fox News
,Actress Swell Ariel Or takes advocacy for Israeli women further in new film ‘Tankistas’,"Swell Ariel Or stars as an IDF unit captain in ""Tankistas,"" a war drama following the first all-female tank unit's 17-hour defense on Oct. 7, 2023, during the Hamas attacks on Israel.",https://www.foxnews.com/media/actress-swell-ariel-takes-advocacy-israeli-women-further-new-film-tankistas,https://static.foxnews.com/foxnews.com/content/uploads/2026/08/swell-ariel-or-2_480.jpg,2026-08-11T10:00:55Z,"Israeli actress Swell Ariel Or has long cared about championing Israeli women and Jews, but her new role playing an Israel Defense Forces unit captain during the deadly Oct. 7 Hamas attacks has her t… [+6221 chars]",fox-news,Fox News
,"Pentagon races to buy 10X more missiles as Iran war dwindles arsenal, threatens readiness for China aggression",The Pentagon's fiscal 2027 budget quadruples PAC-3 MSE and THAAD interceptor requirements after years of modest procurement left defenses strained.,https://www.foxnews.com/politics/pentagon-races-buy-10x-missiles-iran-war-dwindles-arsenal-threatens-readiness-china-aggression,https://static.foxnews.com/foxnews.com/content/uploads/2026/08/thaad-missile.jpg,2026-08-11T10:00:48Z,The Pentagon is preparing a dramatic course correction after years of purchasing key missile-defense interceptors in relatively modest numbers even as China built up the world's largest arsenal of co… [+6869 chars],fox-news,Fox News
,GOP senators rally behind 9/11 families in push to ban Mamdani from anniversary ceremony: 'He's a disgrace',Republican senators back 9/11 families' petition to block Zohran Mamdani from attending the 25th anniversary remembrance ceremony at Ground Zero.,https://www.foxnews.com/politics/gop-senators-slam-mamdani-disgrace-back-911-families-push-bar-anniversary-ceremony,https://static.foxnews.com/foxnews.com/content/uploads/2026/08/thune-mamdani-split.jpg,2026-08-11T10:00:43Z,Republican senators are rallying behind the petition from families of 9/11 victims to block New York City Mayor Zohran Mamdani from attending the 25th anniversary remembrance ceremony of the attacks … [+3645 chars],fox-news,Fox News
,"Prince William, Kate Middleton could seek 'gentleman's agreement' to protect Prince George at Eton: experts",Royal experts say Prince George's dating life and school years at Eton College could test the limits of the British press agreement in the smartphone era.,https://www.foxnews.com/entertainment/prince-william-kate-middleton-could-seek-gentlemans-agreement-protect-prince-george-eton-experts,https://static.foxnews.com/foxnews.com/content/uploads/2026/07/Prince-George-Smiling.jpg,2026-08-11T10:00:28Z,"Prince William and Kate Middleton could use a ""gentleman's agreement"" when Prince George starts Eton College in the fall and it could face the ultimate test in the smartphone era.
Vanity Fair report… [+8008 chars]",fox-news,Fox News
,California sued over policy that could free serial killers as Laci Peterson's friend sounds alarm,A California parole board policy could open reduced sentencing or clemency paths for serial killers and mass shooters serving life without parole.,https://www.foxnews.com/us/california-sued-policy-free-serial-killers-laci-peterson-friend-sounds-alarm,https://static.foxnews.com/foxnews.com/content/uploads/2026/07/Laci-Peterson-Christmas.jpg,2026-08-11T10:00:23Z,The family and friends of Laci Peterson are among the advocates of California murder victims opposing a new parole board policy that would open a path to recommend resentencing or clemency for serial… [+9203 chars],fox-news,Fox News
,Can you bring a birthday cake to a restaurant? Viral pizzeria dispute reveals the rules,"Etiquette experts weigh in on the New Jersey pizzeria birthday cake controversy, explaining when outside food is acceptable and how to handle it.",https://www.foxnews.com/food-drink/can-you-bring-birthday-cake-restaurant-viral-pizzeria-dispute-reveals-rules,https://static.foxnews.com/foxnews.com/content/uploads/2026/08/man-bringing-cake-restaurant.jpg,2026-08-11T10:00:21Z,A viral confrontation at a New Jersey pizzeria over a child's birthday cake has put a spotlight on the unwritten rules surrounding outside food at restaurants and what both diners and restaurant oper… [+3555 chars],fox-news,Fox News
,"The Medicare for all trade-offs socialists aren't talking about, according to experts",Policy experts argue Medicare for All would double or triple federal taxes and lead to health care rationing with longer wait times for Americans.,https://www.foxnews.com/politics/medicare-all-trade-offs-socialists-arent-talking-about-according-experts,https://static.foxnews.com/foxnews.com/content/uploads/2026/08/El-Sayed-Sanders-AOC.jpg,2026-08-11T10:00:20Z,"Michigan Democratic Senate candidate Abdul El-Sayed is one of several socialist candidates making Medicare-for-all a centerpiece of their midterm campaigns, defending the policy even as El-Sayed ackn… [+6945 chars]",fox-news,Fox News
,"Israel vindicated by Gaza nutrition data after ‘blood libel’ starvation claims, UN envoy says","A United Nations-backed survey found no widespread acute malnutrition in Gaza, prompting Israel's ambassador to call prior famine claims a blood libel.",https://www.foxnews.com/world/israel-vindicated-gaza-nutrition-data-after-blood-libel-starvation-claims-un-envoy-says,https://static.foxnews.com/foxnews.com/content/uploads/2025/09/israel-ambassador-danny-danon-un-new-york-08-27-2025.jpg,2026-08-11T10:00:15Z,"Israels ambassador to the United Nations said new data showing sharply lower child malnutrition in Gaza undermines wartime accusations that Israel deliberately starved Gazans, calling those claims a … [+5054 chars]",fox-news,Fox News
,Fauci said ‘no red flags’ for pregnant women days after raising theoretical vaccine miscarriage risk: text,Newly released messages highlight differences between Fauci’s private discussions and his later public comments on COVID vaccination during pregnancy.,https://www.foxnews.com/health/fauci-said-no-red-flags-pregnant-women-days-after-raising-theoretical-vaccine-miscarriage-risk-text,https://static.foxnews.com/foxnews.com/content/uploads/2026/08/anthony-fauci-testifies-001.jpg,2026-08-11T10:00:13Z,Former National Institute of Allergy and Infectious Diseases Director Dr. Anthony Fauci privately raised a theoretical risk of first-trimester miscarriage tied to reactions from COVID-19 mRNA vaccine… [+3341 chars],fox-news,Fox News
,The best places to buy a lab-grown diamond engagement ring online,"Shop lab-grown diamond rings from Brilliant Earth, With Clarity, Quince, VRAI and more, with options starting under $1,000.",https://www.foxnews.com/deals/lab-grown-diamond-engagement-rings,https://static.foxnews.com/foxnews.com/content/uploads/2026/08/the-best-places-to-buy-a-lab-grown-diamond-engagement-ring-online.jpg,2026-08-11T13:52:36Z,"Lab-grown diamonds offer an alternative to mined stones and often cost less, giving you more options when shopping for an engagement ring. Whether you're looking for a classic round diamond or someth… [+3488 chars]",fox-news,Fox News
,Socialism moves into the mainstream — the warning signs are all here,New York City Mayor Zohran Mamdani's pied-à-terre tax and property database fuel concerns about Democratic Socialists of America's national agenda.,https://www.foxnews.com/opinion/socialism-moves-mainstream-warning-signs-here,https://static.foxnews.com/foxnews.com/content/uploads/2026/08/zohran-mamdani.png,2026-08-11T13:00:37Z,"For the 333 million Americans who dont live in New York City, there are plenty of reasons not to care what goes on there. It doesnt affect our day-to-day lives. New Yorkers democratically elected the… [+4087 chars]",fox-news,Fox News
,"Mom, 2 co-parents arrested in boy’s murder after grandparents hire PI to probe ‘house of horrors’","William Evans' grandparents hired a private investigator after fearing abuse, but police found the 7-year-old bound in a closet and unresponsive.",https://www.foxnews.com/us/mom-2-co-parents-arrested-boys-murder-grandparents-hire-pi-probe-house-horrors,https://static.foxnews.com/foxnews.com/content/uploads/2026/08/cincinnati-boy-in-closet.jpg,2026-08-11T13:00:31Z,"If you or someone you know is having thoughts of suicide, please contact the National Suicide Prevention Lifeline at 1-800-273-TALK (8255).
A 7-year-old boys mother and two co-parents were charged w… [+4043 chars]",fox-news,Fox News
,Former Syrian President Assad sentenced to death in absentia,Syrian President Bashar Assad and his brother Maher were sentenced to death in absentia by a Damascus court for war crimes and crimes against humanity.,https://www.foxnews.com/world/former-syrian-president-assad-sentenced-death-absentia,https://static.foxnews.com/foxnews.com/content/uploads/2026/08/bashar-al-assad-elysee-palace-paris.jpg,2026-08-11T12:58:32Z,A Syrian court sentenced ousted Syrian President Bashar Assad along with his younger brother to death in absentia on Tuesday for crimes against humanity and war crimes during Syrias 14-year conflict … [+2176 chars],fox-news,Fox News
,High school football player practices with venomous snake hiding inside helmet before coach's discovery,"Thousands of high school football players are hitting practice fields, but a Maumelle player found a venomous cottonmouth inside his helmet padding.",https://www.foxnews.com/outkick-sports/high-school-football-player-practices-venomous-snake-hiding-inside-helmet-before-coachs-discovery,https://static.foxnews.com/foxnews.com/content/uploads/2026/08/venomous-snake-helmet-featured.jpg,2026-08-11T12:47:58Z,"Thousands of high school football players across the country are taking the practice field, preparing to kick off the 2026 season in the coming weeks, but one young man in Arkansas recently had a pra… [+2182 chars]",fox-news,Fox News
,Cleveland Clinic launches prescription drone delivery,"Cleveland Clinic launched prescription drone delivery with Zipline near Beachwood, Ohio, covering eligible patients within five miles of its campus.",https://www.foxnews.com/tech/cleveland-clinic-launches-prescription-drone-delivery,https://static.foxnews.com/foxnews.com/content/uploads/2026/08/zipline-prescription-drone-delivery-3.jpg,2026-08-11T12:41:13Z,"A trip to the pharmacy can feel like a routine errand on a normal day. When you feel sick or care for someone else, that same trip can become a serious burden. Now, some Cleveland Clinic patients can… [+10324 chars]",fox-news,Fox News
,Wisconsin progressive Hong's supporters are confident she's the answer to affordability ahead of primary,"Francesca Hong enters the Wisconsin governor primary as a polling frontrunner, but major national progressives like Bernie Sanders sat out endorsements.",https://www.foxnews.com/media/wisconsin-progressive-hong-supporters-confident-ahead-primary-tackle-affordability,https://static.foxnews.com/foxnews.com/content/uploads/2026/08/fran-hong-progressive-democratic-socialist-affordability.jpg,2026-08-11T12:25:11Z,"MADISON, Wis. Supporters of Democratic candidate for Wisconsin governor Francesca Hong expressed confidence ahead of Tuesday that the far-left progressive and member of the Democratic Socialists of A… [+4245 chars]",fox-news,Fox News
,WNBA silence on DiJonai Carrington's 'White privilege' post exposes Sandy Brondello double standard,"DiJonai Carrington posted ""WHITE PRIVILEGE"" after her ejection, yet the WNBA remained silent while Sandy Brondello was suspended within 24 hours.",https://www.foxnews.com/outkick-sports/wnba-silence-dijonai-carrington-white-privilege-post-exposes-sandy-brondello-double-standard,https://static.foxnews.com/foxnews.com/content/uploads/2026/08/sandy-brondello-dijonai-carrington-wnba.jpg,2026-08-11T12:10:06Z,"Three weeks ago, the WNBA needed less than 24 hours to suspend Toronto Tempo head coach Sandy Brondello for making a comment that wasn't explicitly racial.
More than two days after Chicago Sky guard… [+7156 chars]",fox-news,Fox News
,Cruise fee doubles at vacation hot spot as passengers brace for even steeper hikes,"Mexico's cruise passenger fee doubled to $10 on Aug. 1 at ports like Cabo San Lucas and Cancún, with plans to reach $21 by 2028 under a phased tax. A cruise expert shared insight.",https://www.foxnews.com/travel/cruise-fee-doubles-vacation-hot-spot-passengers-brace-even-steeper-hikes,https://static.foxnews.com/foxnews.com/content/uploads/2026/08/cruise-passengers-mexico.jpg,2026-08-11T12:00:43Z,"Cruise passengers heading to Mexico are now paying a higher fee to visit some of the country's most popular destinations as the latest increase in a phased tax plan takes effect.
As of Aug. 1, the f… [+4632 chars]",fox-news,Fox News
,Oklahoma victim fights back after teen charged in rapes walks free — as feds could storm in: attorney,Rachel Bussett says one victim's family is pursuing civil litigation after Jesse Mack Butler walked free on 11 counts including rape charges.,https://www.foxnews.com/us/oklahoma-victim-fights-back-after-teen-charged-rapes-walks-free-feds-could-storm-in-attorney,https://static.foxnews.com/foxnews.com/content/uploads/2026/08/jesse-butler-oklahoma.jpg,2026-08-11T12:00:35Z,"An Oklahoma teenager accused of sexually assaulting and strangling two high school girls walked free without serving a day in prison, spurring public outrage as a victims family prepares to fight bac… [+4213 chars]",fox-news,Fox News
,Dem governor booed at Virginia Old Fiddlers' Convention,Video shows Virginia Democratic Gov. Abigail Spanberger greeted by loud boos at the Old Fiddlers' Convention in Galax amid sagging poll numbers.,https://www.foxnews.com/politics/dem-governor-booed-virginia-old-fiddlers-convention,https://static.foxnews.com/foxnews.com/content/uploads/2026/08/abigail-spanberger-cannabis-sales-budget.jpg,2026-08-11T15:58:51Z,"Virginia Democratic Gov. Abigail Spanberger was greeted by a chorus of boos at the Virginia Old Fiddlers' Convention over the weekend, as the governor faces sagging poll numbers and lingering politic… [+4386 chars]",fox-news,Fox News
,Sen Marshall calls for special counsel investigation into Anthony Fauci after COVID-19 vaccine texts,"Anthony Fauci's private texts reveal concerns about mRNA vaccines and miscarriage risk in pregnancy, contradicting his public claims shortly after.",https://www.foxnews.com/media/sen-marshall-calls-special-counsel-investigation-anthony-fauci-covid-19-vaccine-texts,https://static.foxnews.com/foxnews.com/content/uploads/2026/08/roger-marshall-anthony-fauci.jpg,2026-08-11T15:46:58Z,Newly released text messages from Dr. Anthony Fauci are intensifying scrutiny of what the former White House advisor knew and said during the COVID-19 pandemic and prompting calls for an investigatio… [+2494 chars],fox-news,Fox News
,Former NFL MVP Boomer Esiason goes scorched Earth on DiJonai Carrington following her 'white privilege' post,"Former NFL MVP Boomer Esiason called DiJonai Carrington's flagrant 2 foul on Sophie Cunningham a ""targeted attack"" tied to her trans sports stance.",https://www.foxnews.com/outkick-sports/former-nfl-mvp-boomer-esiason-goes-scorched-earth-dijonai-carrington-following-white-privilege-post,https://static.foxnews.com/foxnews.com/content/uploads/2026/08/dijonai-carrington-featured-boomer.jpg,2026-08-11T15:46:15Z,"Former NFL MVP Boomer Esiason isn't one to hold back his opinion on anything going on in the sports world. Therefore, his assessment of the situation in the WNBA involving DiJonai Carrington, her rac… [+3252 chars]",fox-news,Fox News
,Pittsburgh Steelers set at 8.5 wins as Mike McCarthy takes over and Aaron Rodgers nears 43,"The Pittsburgh Steelers enter 2026 with Mike McCarthy replacing Mike Tomlin and Aaron Rodgers returning, but can they hit 8.5 wins this season?",https://www.foxnews.com/sports/pittsburgh-steelers-set-8-5-wins-mike-mccarthy-takes-over-aaron-rodgers-nears-43,https://static.foxnews.com/foxnews.com/content/uploads/2026/08/aaron-rodgers-steelers-national-anthem-fox-news_.jpg,2026-08-11T15:34:57Z,"There is typically just one thing that I truly root for in almost every sport: a winning bet. However, there are times that I see a team or player I love or dislike and feel like I am at least somewh… [+3661 chars]",fox-news,Fox News
,10 refurbished tech deals on StackSocial you don't want to miss — save up to 86%,"StackSocial has deals on refurbished Apple MacBooks, iPads, Lenovo laptops, Sony headphones and more.",https://www.foxnews.com/deals/stacksocial-refurbished-tech,https://static.foxnews.com/foxnews.com/content/uploads/2026/08/10-refurbished-tech-deals-on-stacksocial-you-dont-want-to-miss.jpg,2026-08-11T15:31:50Z,"Upgrade your tech without spending thousands with refurbished finds from StackSocial, an online deals platform. Save up to 86% on older Apple MacBooks, grab a 2021 iPad for just $155 and find laptops… [+3886 chars]",fox-news,Fox News
,Medicaid ends funding for child sex-change procedures as Trump admin slams 'experimental' treatments,"CMS under Mehmet Oz announces Medicaid and CHIP will no longer fund puberty blockers, cross-sex hormones, or sex change surgeries for children.",https://www.foxnews.com/politics/medicaid-ends-funding-child-sex-change-procedures-trump-admin-slams-experimental-treatments,https://static.foxnews.com/foxnews.com/content/uploads/2026/08/2ecc48a9-trans-medical-procedure.gif,2026-08-11T15:15:06Z,"FIRST ON FOX: American taxpayers will no longer be on the hook for child sex-change hormones or surgeries, as a key Trump administration agency announced Tuesday that Medicaid will stop funding such … [+4372 chars]",fox-news,Fox News
,I lost my wife on 9/11. Please let this 25th anniversary belong to the families,A husband who lost his wife on the 105th floor of the North Tower started a Change.org petition asking the New York City Mayor Mamdani to skip the 25th anniversary.,https://www.foxnews.com/opinion/lost-wife-911-please-let-25th-anniversary-belong-families,https://static.foxnews.com/foxnews.com/content/uploads/2026/08/grace-and-giovanni-galante.jpg,2026-08-11T15:11:19Z,"Twenty-five years ago, on September 11, 2001, my wife Grace was at her desk on the 105th floor of the North Tower. She was 29 years old. She will always be 29 years old.
Twenty-five years is long en… [+4451 chars]",fox-news,Fox News
,"College football coaches on hot seat: Bill Belichick, Mike Norvell and others facing make-or-break 2026","From Florida State's $46 million buyout to Wisconsin's new AD, these college football coaches face mounting pressure with the season weeks away.",https://www.foxnews.com/outkick-sports/college-football-coaches-hot-seat-bill-belichick-mike-norvell-others-facing-make-or-break-2026,https://static.foxnews.com/foxnews.com/content/uploads/2026/07/Bill-Belichick-Michael-Lombardi-sideline-UNC.jpg,2026-08-11T15:11:08Z,"We are just three weeks away from the college football season getting underway, which means that it's time to start discussing which coaches are fighting for their jobs in 2026.
In case you werent p… [+5561 chars]",fox-news,Fox News
,Michigan rescuers find family stranded for 3 days after tubing trip in dramatic video,Video captures the moment Michigan State Police and DNR conservation officers locate a family stranded for days after tubing on the Muskegon River.,https://www.foxnews.com/us/michigan-rescuers-find-family-stranded-3-days-after-tubing-trip-dramatic-video,https://static.foxnews.com/foxnews.com/content/uploads/2026/08/Michigan-Rescue-Split.jpg,2026-08-11T15:09:52Z,"Heart-pounding new video shows the moment a family of three stranded in the wilderness for three days were rescued after getting lost while tubing on a Michigan river.
Video shows members of the Mic… [+2900 chars]",fox-news,Fox News
,"Blue Jays-Red Sox game thrown into chaos by 17-minute 'rules check,' massive scoreboard mistake",A Rogers Centre scoreboard error led to a 17-minute delay and a wild MLB rule that gave the Boston Red Sox a run despite a double play in Toronto.,https://www.foxnews.com/sports/blue-jays-red-sox-game-thrown-chaos-17-minute-rules-check-massive-scoreboard-mistake,https://static.foxnews.com/foxnews.com/content/uploads/2026/08/john-schneider-rule-review-blue-jays.jpg,2026-08-11T14:59:32Z,"Everything seems to be going right for the Boston Red Sox.
OK, not everything, as they have now lost three games in a row, but not before going on an insane stretch that saw them win 32 of their pre… [+2445 chars]",fox-news,Fox News
,Barred Little League team from Tulsa gets reinstated for chance to play in World Series,"Little League Baseball booted Tulsa National for an ineligible player, but a Texas judge's restraining order reinstated the team just hours later.",https://www.foxnews.com/sports/barred-little-league-team-tulsa-reinstated-chance-play-world-series,https://static.foxnews.com/foxnews.com/content/uploads/2025/08/little-league-world-series-south-williamsport-general-view.jpg,2026-08-11T14:43:17Z,"Little League Baseball is on fire even before the big days in Williamsport.
Little League on Monday ruled that Tulsa National Little League's 12U team had an ineligible player on the roster and boot… [+2595 chars]",fox-news,Fox News
,Alex Murdaugh lawyers allege ‘fabricated’ evidence was used to secure murder indictments,Alex Murdaugh's attorneys allege lead agent David Owen delivered perjurious testimony and fabricated evidence before the Colleton County grand jury.,https://www.foxnews.com/us/alex-murdaugh-lawyers-allege-fabricated-evidence-secure-murder-indictments,https://static.foxnews.com/foxnews.com/content/uploads/2024/01/AP24016667160820-1.jpg,2026-08-11T14:42:50Z,"Attorneys for Alex Murdaugh allege that the lead agent in his murder case lied to the grand jury and presented ""fabricated"" evidence, and they are asking a judge to dismiss the indictments.
In a mot… [+2112 chars]",fox-news,Fox News
,Flames shoot from American Airlines flight before emergency landing,Passenger video purportedly showed flames shooting from an American Airlines plane after a bird strike forced an emergency landing.,https://www.foxnews.com/us/flames-shoot-american-airlines-flight-emergency-landing,https://static.foxnews.com/foxnews.com/content/uploads/2026/08/American-Airlines-Flight-1760.jpg,2026-08-11T14:36:36Z,"A video purportedly captured flames shooting out of an American Airlines flight following a bird strike before the aircraft made an emergency landing at Myrtle Beach International Airport.
The pilot… [+2455 chars]",fox-news,Fox News
,Former Disney star Jennifer Stone found a lifeline in the ER as fellow child actors spiraled,"Jennifer Stone reveals how working as an ER nurse has kept her grounded while balancing her return to the ""Wizards of Waverly Place"" franchise.",https://www.foxnews.com/entertainment/former-disney-star-jennifer-stone-found-lifeline-er-fellow-child-actors-spiraled,https://static.foxnews.com/foxnews.com/content/uploads/2026/08/wizards-waverly-place-ghost-roommate.jpg,2026-08-11T14:34:26Z,"Jennifer Stone credited her work as an ER nurse with keeping her grounded after growing up in the heightened world of Disney Channel fame.
Stones two worlds collided when she found herself balancing… [+3621 chars]",fox-news,Fox News
,Progressive praise for Trump as Warren backs push to curb defense contractor CEO payouts,Democratic Sen. Elizabeth Warren credits Trump's crackdown after top defense contractors cut buybacks by $2 billion in the first quarter of 2026.,https://www.foxnews.com/politics/progressive-praise-trump-warren-backs-push-curb-defense-contractor-ceo-payouts,https://static.foxnews.com/foxnews.com/content/uploads/2026/01/elizabeth-warren-january-12-2026.jpg,2026-08-11T14:32:40Z,"FIRST ON FOX: Progressive Sen. Elizabeth Warren, D-Mass., issued extremely rare credit to President Donald Trump for pressuring defense companies to put more money back into building weapons and expa… [+3707 chars]",fox-news,Fox News
,Cat stands its ground against a black bear and comes out on top in viral TikTok video,"A viral TikTok video captures a fearless cat standing its ground against a black bear, and the unexpected outcome has viewers flooding the comments.",https://www.foxnews.com/outkick-culture/cat-stands-ground-against-black-bear-comes-out-top-viral-tiktok-video,https://static.foxnews.com/foxnews.com/content/uploads/2026/04/black-bear-wild-fox-news-001-scaled.jpeg,2026-08-11T14:20:08Z,"An incredible video showing a cat holding its ground against a bear is going viral.
As our loyal readers know, nature content is easily some of the best content on the internet. It's one of the few … [+1474 chars]",fox-news,Fox News
,New midterm battleground takes shape as parties build election armies,"President Donald Trump's election integrity push has the RNC 42% ahead of its 2024 poll worker recruitment pace with 16,971 volunteer signups.",https://www.foxnews.com/politics/new-midterm-battleground-takes-shape-parties-build-election-armies,https://static.foxnews.com/foxnews.com/content/uploads/2026/08/virginia-voting-booths-primary-election.jpg,2026-08-11T14:19:29Z,President Donald Trump has long argued that who is counting the votes can matter nearly as much as who is on the ballot a view that has helped turn the mechanics of elections into their own political… [+10572 chars],fox-news,Fox News
,"Andy Cohen defends 'Real Housewives' for having 'MAGA women,' says show is 'not about politics'","Bravo host Andy Cohen defended ""Real Housewives"" for featuring what a critic called ""MAGA women,"" saying the franchise showcases different perspectives.",https://www.foxnews.com/media/andy-cohen-defends-real-housewives-having-maga-women-says-show-not-about-politics,https://static.foxnews.com/foxnews.com/content/uploads/2026/08/andy-cohen-image.jpg,2026-08-11T14:06:44Z,"Bravo host Andy Cohen defended ""The Real Housewives"" show and brand on Sunday for having what a critic referred to as ""MAGA women.""
On his Threads account, the ""Watch What Happens Live"" host took pa… [+3206 chars]",fox-news,Fox News
,"Danica Patrick & her girlfriends respect summer by partying in Aspen, Wade Boggs is shredded, plus Big J Hong","Tuesday Screencaps explores the Perrysburg Ohio jail for sale at $400,000, sparking YouTube content ideas, haunted house plays, and Airbnb schemes.",https://www.foxnews.com/outkick-sports/danica-patrick-girlfriends-respect-summer-partying-aspen-wade-boggs-shredded-big-j-hong,https://static.foxnews.com/foxnews.com/content/uploads/2026/05/danica-patrick-indy-2026.jpeg,2026-08-11T14:05:30Z,"The sun is trying to come up this morning for Tuesday Screencaps after we got absolutely ROCKED last night by hundreds of lightning strikes for the second night in a row. But, thanks to my Purple® pi… [+9043 chars]",fox-news,Fox News
,Prosecutors warn Luigi Mangione supporters may intimidate witnesses and jurors at murder trial,"Prosecutors warn Luigi Mangione's supporters may intimidate witnesses and jurors, urging the judge to limit courtroom access ahead of next month's trial.",https://www.foxnews.com/us/prosecutors-warn-luigi-mangione-supporters-may-intimidate-witnesses-jurors-murder-trial,https://static.foxnews.com/foxnews.com/content/uploads/2025/12/luigi-mangione-court-shooter-hearing-brian-thompson-unitedhealthcare-ceo-1211-003.jpg,2026-08-11T14:01:47Z,"New York City prosecutors are warning that the defendant's supporters may intimidate witnesses and jurors in the trial of accused assassin Luigi Mangione, who is charged with gunning down UnitedHealt… [+3365 chars]",fox-news,Fox News
,Palantir's Shyam Sankar says ‘every day we’re making progress’ as AI supercharges American workers,"Shyam Sankar says AI helped a submarine parts manufacturer cut production planning from two weeks to under an hour, adding a third shift.",https://www.foxnews.com/media/palantirs-shyam-sankar-says-every-day-were-making-progress-ai-supercharges-american-workers,https://static.foxnews.com/foxnews.com/content/uploads/2026/03/shyam-sankar-palantir-talks-mobilize-book-china-reindustrialization-fox-news-002.jpg,2026-08-11T14:00:36Z,"WASHINGTON, D.C. Palantir CTO Shyam Sankar said hes seen significant progress since his Fox News op-ed imploring America to take advantage of both AI and the American worker, while sharing some obser… [+3386 chars]",fox-news,Fox News
,Country star Tyler Hubbard says ‘The Chosen’ brought the Bible to life for his family,"Tyler Hubbard reveals how ""The Chosen"" sparked faith conversations with his kids and inspired his new single ""All I Need Is You"" for Season 6.",https://www.foxnews.com/entertainment/country-star-tyler-hubbard-says-the-chosen-brought-bible-life-his-family,https://static.foxnews.com/foxnews.com/content/uploads/2026/08/tyler-hubbard-stage.jpg,2026-08-11T14:00:34Z,"Country singer, Tyler Hubbard, is sharing why his most recent musical project is special for him.
During a recent interview with Fox News Digital, the 39-year-old musician spoke about the upcoming s… [+4858 chars]",fox-news,Fox News
,I watched Chicago promise food equity. Now my neighborhood has empty shelves,"Chicago's South Side grocery stores collapsed after a 26% drop in SNAP/EBT transactions, raising alarms about government-run food access models.",https://www.foxnews.com/opinion/watched-chicago-promise-food-equity-neighborhood-empty-shelves,https://static.foxnews.com/foxnews.com/content/uploads/2020/04/lori-lightfoot-AP.jpg,2026-08-11T14:00:32Z,"On the South Side of Chicago, we all know the script. The government announces with great fanfare some new program that is going to come save us and make our lives better. Ribbons are cut, and the al… [+7864 chars]",fox-news,Fox News
,Sherrill drops head-turning voter ID declaration in wake of registration fiasco: ‘Significant shift’,"Gov. Mikie Sherrill says she would support voter ID in New Jersey, even as she blasts the federal SAVE Act that Donald Trump champions as suppression.",https://www.foxnews.com/politics/sherrill-drops-head-turning-voter-id-declaration-wake-registration-fiasco-significant-shift,https://static.foxnews.com/foxnews.com/content/uploads/2025/12/mikie-sherrill.png,2026-08-11T17:58:15Z,"New Jersey Democratic Gov. Mikie Sherrill says she would support a voter ID law in the Garden State even as she slams President Donald Trumps federal SAVE Act push as ""voter suppression.""
""Governor … [+4675 chars]",fox-news,Fox News
Fox News,California sued over policy that could free serial killers as Laci Peterson’s friend sounds alarm,The family and friends of Laci Peterson are among the advocates of California murder victims opposing a new parole board policy that would open a path to recommend resentencing or clemency for killers.,https://www.foxnews.com/us/california-sued-policy-free-serial-killers-laci-peterson-friend-sounds-alarm.amp,https://nypost.com/wp-content/uploads/sites/2/2026/08/137092555.jpg?quality=75&strip=all&w=1200,2026-08-11T17:58:11Z,The family and friends of Laci Peterson are among the advocates of California murder victims opposing a new parole board policy that would open a path to recommend resentencing or clemency for serial… [+10096 chars],fox-news,Fox News
,"Stephen A. Smith blames ‘the right’ for WNBA firestorm, says league ‘left the door open’","Stephen A. Smith blames the WNBA league office for failing to set clear transgender eligibility rules, arguing it opened the door for political opponents.",https://www.foxnews.com/outkick-sports/stephen-a-smith-blames-right-wnba-firestorm-says-league-left-door-open,https://static.foxnews.com/foxnews.com/content/uploads/2026/06/stephen-a-smith-basketball-game-fox-news-001.jpeg,2026-08-11T17:55:12Z,"ESPN host Stephen A. Smith tried to pin some of the political turmoil surrounding the WNBA on ""the right,"" but his argument ultimately circled back to the league's own failures.
Even as Smith accuse… [+3886 chars]",fox-news,Fox News
,"Michigan Democrat Haley Stevens backs El-Sayed after narrow primary defeat, calls socialism ‘dangerous’","Michigan Democratic Rep. Haley Stevens defends endorsing Abdul El-Sayed after their Senate primary, reaffirming her identity as a ""Zionist Democrat.""",https://www.foxnews.com/media/michigan-democrat-haley-stevens-backs-el-sayed-after-narrow-primary-defeat-calls-socialism-dangerous,https://static.foxnews.com/foxnews.com/content/uploads/2026/07/haley-stevens-abdul-el-sayed-split.jpg,2026-08-11T17:43:59Z,"Michigan Democratic Rep. Haley Stevens rallied behind former opponent Abdul El-Sayed following her narrow Senate primary defeat last week, casting the decision as a matter of accepting the will of De… [+2449 chars]",fox-news,Fox News
,Trump cheers Alito staying for another Supreme Court term: 'One of the greatest of all time',President Donald Trump praised Associate Justice Samuel Alito's decision to stay on the U.S. Supreme Court in a social media post on Truth Social.,https://www.foxnews.com/politics/trump-cheers-alito-staying-another-supreme-court-term-one-greatest-all-time,https://static.foxnews.com/foxnews.com/content/uploads/2026/08/Samuel-Alito-Donald-Trump-Split.jpg,2026-08-11T17:43:47Z,"In a late-night social media post, President Donald Trump celebrated Supreme Court Justice Samuel Alito's decision to remain on the bench for another term.
Trumps celebration of the 76-year-old cons… [+6082 chars]",fox-news,Fox News
,Francesca Hong asked about lack of AOC endorsement and the House Dem's remark about the 'Woke 1' era,"Wisconsin state Rep. Francesca Hong, who is running in the Democratic gubernatorial primary, was asked about U.S. Rep. Alexandria Ocasio-Cortez's ""Woke 1"" comment.",https://www.foxnews.com/politics/francesca-hong-asked-about-lack-aoc-endorsement-house-dems-remark-woke-1-era,https://static.foxnews.com/foxnews.com/content/uploads/2026/08/0e7f9663-francesca-hong-august-2-2026.jpg,2026-08-11T17:34:36Z,"Wisconsin Democratic socialist gubernatorial primary candidate Francesca Hong fielded questions on Monday pertaining to progressive U.S. Rep. Alexandria Ocasio-Cortez, D-N.Y., who did not endorse Hon… [+2497 chars]",fox-news,Fox News
,Buffalo Bills in damage control mode over their $2.2 billion stadium that is getting crushed online by fans,The Buffalo Bills are in full crisis management mode after fans posted photos of obstructed views and poor rain coverage at their $2.2 billion stadium.,https://www.foxnews.com/sports/buffalo-bills-damage-control-2-2-billion-stadium-crushed-online-fans,https://static.foxnews.com/foxnews.com/content/uploads/2026/08/bison-sculptures-family-circle-highmark-stadium-fox-news_.jpg,2026-08-11T17:33:51Z,"First, the Buffalo Bills put out a statement on Monday, defending the honor of their new $2.2 billion stadium that was getting absolutely crushed on social media with photo evidence, no less for how … [+3851 chars]",fox-news,Fox News
,"Shake Shack customer hits 'no tip' at kiosk, then watches prices jump in viral video","A Shake Shack kiosk appeared to inflate the price of milkshakes after a customer selected the ""no tip"" option. The viral video reignited tipping debate.",https://www.foxnews.com/food-drink/shake-shack-customer-hits-no-tip-kiosk-watches-prices-jump-viral-video,https://static.foxnews.com/foxnews.com/content/uploads/2026/08/brian-powell-shake-shack-order-split.jpg,2026-08-11T17:32:42Z,The Utah man behind a viral video appearing to show prices increase at a Shake Shack kiosk after his wife declined to leave a tip says he initially didn't believe her when she told him what had happe… [+3428 chars],fox-news,Fox News
,Why you should back the Indiana Fever to cover the spread against the New York Liberty Tuesday,Caitlin Clark is listed as probable on the injury report as the Indiana Fever host the New York Liberty Tuesday as -2.5 point favorites at home.,https://www.foxnews.com/outkick-sports/why-back-indiana-fever-cover-spread-against-new-york-liberty-tuesday,https://static.foxnews.com/foxnews.com/content/uploads/2026/08/liberty-fever-clark-fox-news-001.jpg,2026-08-11T17:24:19Z,"As long as there is no football, Caitlin Clark is must-see TV. Clark and the Indiana Fever(20-12) host the New York Liberty(20-13) Tuesday at Gainbridge Fieldhouse for a 7:30 p.m. ET tip-off. At FanD… [+2741 chars]",fox-news,Fox News
,"An ultra-rare Cooper Flagg trading card has been found, and the Mavericks are prepared to give a lot for it",The 1-of-1 Cooper Flagg rookie card from Topps featuring his NBA debut patch was discovered by RhodyBreakers during a live stream card break.,https://www.foxnews.com/outkick-sports/ultra-rare-cooper-flagg-trading-card-found-mavericks-prepared-give-lot,https://static.foxnews.com/foxnews.com/content/uploads/2026/08/cooper-flagg.jpg,2026-08-11T17:13:49Z,"Trading cards have been having a moment ever since COVID hey, there are worse things to get into when you're locked inside for months and one of the most sought-after in years has been found.
A 1-of… [+1982 chars]",fox-news,Fox News
,"Bron Breakker confronts the future on WWE Raw, Paul Heyman lays down a challenge","Bron Breakker sought Paul Heyman's approval on ""Monday Night Raw,"" but Heyman's response about Oba Femi being WWE's future deepened the tension.",https://www.foxnews.com/sports/bron-breakker-confronts-future-wwe-raw-paul-heyman-lays-down-challenge,https://static.foxnews.com/foxnews.com/content/uploads/2026/08/bron-breakker-enters-ring-norfolk.jpg,2026-08-11T17:13:44Z,"The vision for Bron Breakker was clear about a year ago.
He was set to become the new face of WWE to lead the company into the future and eventually hold the World Heavyweight Championship. But inju… [+1983 chars]",fox-news,Fox News
,"More than 3,000 missing after Colombia earthquake as Trump administration provides $15.5 million in relief","Videos show rescue workers combing through rubble as more than 3,000 people remain missing on Tuesday after a 7.4-magnitude earthquake in Colombia.",https://www.foxnews.com/world/more-than-3000-missing-colombia-earthquake-trump-administration-provides-15-5-million-relief,https://static.foxnews.com/foxnews.com/content/uploads/2026/08/colombia-earthquake-manizales-collapsed-building.jpg,2026-08-11T17:07:34Z,"More than 3,000 are reported missing in Colombia on Tuesday following a massive 7.4-magnitude earthquake, prompting a desperate search for survivors and a pledge from the Trump administration of $15.… [+2161 chars]",fox-news,Fox News
,Crane arm collapses into Miami condo rooftop pool area as workers cling to dangling structure,Video captures construction workers clinging to a malfunctioning Miami crane as its arm collapses onto a luxury high-rise pool deck during assembly.,https://www.foxnews.com/us/crane-arm-collapses-miami-condo-rooftop-pool-area-workers-cling-dangling-structure,https://static.foxnews.com/foxnews.com/content/uploads/2026/08/crane-in-pool2.1.png,2026-08-11T16:52:33Z,"Construction workers clung to a malfunctioning crane Friday as its arm collapsed onto the pool deck of a neighboring luxury high-rise in Miami, video shot by a bystander showed.
The video, recorded … [+1800 chars]",fox-news,Fox News
,Pro-Israel organizations condemn DSA co-chair for saying October 7 attacks were 'inevitable',"Megan Romer told ""The New Yorker"" she would have attended the pro-Hamas rally and called the October 7 attacks likely ""inevitable"" in a viral interview.",https://www.foxnews.com/media/pro-israel-organizations-condemn-dsa-co-chair-saying-october-7-attacks-inevitable,https://static.foxnews.com/foxnews.com/content/uploads/2026/03/hamas-attack-israel-oct.-7-sign.jpg,2026-08-11T16:41:21Z,"The co-chair of the Democratic Socialists of America (DSA) group is receiving sharp backlash for saying on Friday that the Hamas-led Oct. 7 massacre in Israel was mostly ""inevitable.""
During an inte… [+4948 chars]",fox-news,Fox News
,The Castellows tease new song 'Way Things Work' featuring Keller Cox on their Instagram,"The Castellows teased their upcoming song ""Way Things Work"" featuring Keller Cox on Instagram, calling it a ""feel-good-sad-song"" fans already love.",https://www.foxnews.com/outkick-culture/castellows-tease-new-song-way-things-work-featuring-keller-cox-instagram,https://static.foxnews.com/foxnews.com/content/uploads/2026/08/The_Castellows.jpg,2026-08-11T16:36:40Z,"The Castellows are cooking up some new music.
The Castellows are a popular country music trio consisting of the three Balkcom sisters: Eleanor, Lily, and Powell.
They blend extremely old school cou… [+1247 chars]",fox-news,Fox News
,Largemouth bass explodes from water to eat Charl Schwartzel's golf ball at LIV Golf New York,A largemouth bass exploded from the water and swallowed Charl Schwartzel's golf ball at LIV Golf New York at Trump National Golf Club Bedminster.,https://www.foxnews.com/outkick-sports/largemouth-bass-explodes-water-eat-charl-schwartzel-golf-ball-liv-golf-new-york,https://static.foxnews.com/foxnews.com/content/uploads/2026/08/golfer-fish.jpg,2026-08-11T16:32:24Z,"They say a bass will eat just about anything that fits in its mouth. Turns out, that includes golf balls.
LIV golfer Charl Schwartzel learned that the hard way during LIV Golf New York at Trump Nati… [+1829 chars]",fox-news,Fox News
,Commanders offense takes major hit as star offensive tackle suffers major training camp injury,"Washington Commanders left tackle Laremy Tunsil needs surgery on a torn triceps injury he suffered during a drill against Odafe Oweh, sidelining him indefinitely.",https://www.foxnews.com/sports/commanders-offense-takes-major-hit-star-offensive-tackle-suffers-major-training-camp-injury,https://static.foxnews.com/foxnews.com/content/uploads/2026/08/laremy-tunsil-washington-commanders.jpg,2026-08-11T16:26:34Z,"The Washington Commanders offense will be without one of its most integral players for the foreseeable future.
Commanders head coach Dan Quinn confirmed Monday that franchise left tackle Laremy Tuns… [+2341 chars]",fox-news,Fox News
,Replacement GOP nominee named after Rep Chuck Edwards drops re-election bid,North Carolina state Rep. Jennifer Balkcom has been tapped as the GOP nominee to run for U.S. House in the state's 11th Congressional District.,https://www.foxnews.com/politics/replacement-gop-nominee-named-after-rep-chuck-edwards-drops-re-election-bid,https://static.foxnews.com/foxnews.com/content/uploads/2026/08/11b2309e-chuck-edwards-march-2025.jpg,2026-08-11T16:17:41Z,North Carolina state Rep. Jennifer Balkcom has been named as the new GOP nominee for the state's 11th Congressional District in the wake of incumbent Rep. Chuck Edwards' announcement last week that h… [+3112 chars],fox-news,Fox News
,‘This Is Us’ star Chrissy Metz says she turned to GLP-1 drug after years of skepticism,"Chrissy Metz says she was ""nervous and scared"" to try a GLP-1 but her doctor recommended it, and she's now focused on longevity and overall health.",https://www.foxnews.com/entertainment/this-us-star-chrissy-metz-says-she-turned-glp-1-drug-after-years-skepticism,https://static.foxnews.com/foxnews.com/content/uploads/2026/08/chrissy-metz-lifetime-summer-soiree.jpg,2026-08-11T16:15:18Z,"Chrissy Metz is opening up about her decision to use a GLP-1 after years of skepticism about the popular weight-loss medications.
During an appearance on ""The Today Show"" on Monday, the ""This Is Us""… [+3155 chars]",fox-news,Fox News
,These once-annual college rivalries used to define college football and need to make a comeback ASAP,"With the Save College Sports Act stalled, rivalries like Oklahoma Nebraska and the Backyard Brawl face uncertain futures due to conference realignment.",https://www.foxnews.com/outkick-sports/once-annual-college-rivalries-used-define-college-football-need-make-comeback-asap,https://static.foxnews.com/foxnews.com/content/uploads/2026/07/notre-dame-spring-game.jpg,2026-08-11T16:11:42Z,"College football is a rapidly changing sport, and with the recent news that the Save College Sports Act has once again been kicked down the road, it doesn't look like the game will be given some much… [+6447 chars]",fox-news,Fox News
,"US Marine veteran released from Russian prison after 1,666 days of detention","United States Marine veteran Robert Gilman spent 1,666 days in Russian custody and was in a catatonic state before his release in a prisoner exchange.",https://www.foxnews.com/politics/us-marine-veteran-released-russian-prison-1666-days-detention,https://static.foxnews.com/foxnews.com/content/uploads/2026/08/Robert_Gilman.jpg,2026-08-11T16:04:44Z,"United States Marine veteran Robert Gilman was released from Russian custody Tuesday on humanitarian grounds after 1,666 days in prison, Fox News has learned.
Gilman, a U.S. citizen, was arrested on… [+4392 chars]",fox-news,Fox News
,Jets player taken off field in ambulance during training camp joint practice with Buccaneers,"New York Jets cornerback Qwan'tez Stiggers ""passed out"" during joint practice with the Tampa Bay Buccaneers and was taken away by ambulance.",https://www.foxnews.com/sports/jets-player-taken-off-field-ambulance-training-camp-joint-practice-buccaneers,https://static.foxnews.com/foxnews.com/content/uploads/2026/08/quantez-stiggers-jets-celebration-fox-news_.jpg,2026-08-11T19:55:25Z,"A scary moment occurred in New Jersey on Tuesday when a joint training camp practice between the New York Jets and Tampa Bay Buccaneers was halted due to an apparent medical emergency.
A Jets player… [+1403 chars]",fox-news,Fox News
,"Parents speak out after son with autism, 6, was suspended for biting sandwich into shape of gun","Kristin and Juan ""Ricky"" Medina told Fox News Digital their son’s autism can make social norms difficult to understand as they push for less severe discipline.",https://www.foxnews.com/us/parents-speak-out-after-son-autism-6-suspended-biting-sandwich-shape-gun,https://static.foxnews.com/foxnews.com/content/uploads/2026/08/john-medina-family-2.jpg,2026-08-11T19:45:10Z,"The parents of a Georgia first-grader with autism are speaking out after their son was suspended for biting his sandwich into the shape of a gun and pointing it at a classmate during lunch, arguing t… [+5253 chars]",fox-news,Fox News
,"Secure your home with Blink's outdoor security camera, now 45% off at Best Buy",Get a weather-resistant security camera for just $55 at Best Buy and get detailed looks at anyone who visits your yard.,https://www.foxnews.com/deals/blink-security-camera-deal,https://static.foxnews.com/foxnews.com/content/uploads/2026/08/secure-your-home-with-blinks-outdoor-security-camera-now-45-off-at-best-buy.jpg,2026-08-11T19:44:08Z,"Keep an eye on activity around your home with Blink's outdoor 2K+ security camera. The camera records in 2K and includes two-way audio, making it easy to check in when you're away. Best Buy has it fo… [+1495 chars]",fox-news,Fox News
,Parents of Idaho massacre victim face daily nightmare while demanding death penalty after shock plea twist,Kristi and Steve Goncalves reveal their daily grief as Bryan Kohberger attempts to withdraw his guilty plea in the University of Idaho murders.,https://www.foxnews.com/media/parents-idaho-massacre-victim-face-daily-nightmare-demanding-death-penalty-shock-plea-twist,https://static.foxnews.com/foxnews.com/content/uploads/2026/08/goncalves-family-kohberger-fox-news.jpg,2026-08-11T19:38:15Z,"The parents of University of Idaho student Kaylee Goncalves opened up about the daily reality of losing their daughter, revealing their morning thoughts and nightly prayers since her murder.
Speakin… [+3066 chars]",fox-news,Fox News
,"Wisconsin Democratic chair dodges on Francesca Hong's Thanksgiving remarks, Tiffany campaign sounds alarm","Wisconsin Democratic Party chair Devin Remiker dodged questions about Francesca Hong's cancel Thanksgiving controversy, pivoting to attack Republican Tom Tiffany instead.",https://www.foxnews.com/media/wisconsin-democratic-chair-dodges-francesca-hongs-thanksgiving-remarks-tiffany-campaign-sounds-alarm,https://static.foxnews.com/foxnews.com/content/uploads/2026/08/REMIKER-HONG-THANKSGIVING.jpg,2026-08-11T19:36:05Z,"Wisconsin Democratic Party chair Devin Remiker repeatedly dodged questions about Thanksgiving on Tuesday after state gubernatorial candidate Francesca Hong, a democratic socialist, reversed her state… [+3306 chars]",fox-news,Fox News
,"Socialist Wisconsin governor candidate referred to America as 'abundance of suffering,' resurfaced post shows","Fox News Digital found Francesca Hong's X posts calling America ""an abundance of suffering"" and urging police abolition in her governor campaign.",https://www.foxnews.com/politics/socialist-wisconsin-governor-candidate-referred-america-abundance-suffering-resurfaced-post,https://static.foxnews.com/foxnews.com/content/uploads/2026/07/francesca-hong-wisconsin-democrats-convention.jpg,2026-08-11T19:15:01Z,"A socialist candidate for governor in Wisconsin with an extensive history of inflammatory online posts once described America as ""an abundance of suffering,"" Fox News Digital has found.
""I want this… [+3600 chars]",fox-news,Fox News
,Former Wisconsin Gov Scott Walker warns Hong ‘undermining one of her strengths’ with campaign backtracking,Former Wisconsin Gov. Scott Walker warns about democratic socialist Francesca Hong's rise as both parties scramble to stop her primary momentum.,https://www.foxnews.com/media/former-wisconsin-gov-scott-walker-warns-hong-undermining-one-her-strengths-campaign-backtracking,https://static.foxnews.com/foxnews.com/content/uploads/2019/08/scott-walker-Reuters.jpg,2026-08-11T19:07:20Z,"EXCLUSIVE Former Wisconsin Gov. Scott Walker shared his concerns about politics in the state amid the rise of democratic socialist Francesca Hong, while also arguing she's ""undermining"" her own campa… [+5640 chars]",fox-news,Fox News
,Costco employee fatally rammed car into co-worker on motorcycle after seeing hug: DA,Tyler Sorensen allegedly rammed his car into co-worker Jonathon Langdon's motorcycle in an Issaquah Costco parking lot out of jealousy over a hug.,https://www.foxnews.com/us/costco-employee-fatally-rammed-car-co-worker-motorcycle-seeing-hug-da,https://static.foxnews.com/foxnews.com/content/uploads/2026/08/costco-washington-001.jpg,2026-08-11T19:04:17Z,"A Costco employee in a Seattle suburb allegedly rammed his car into a co-worker riding a motorcycle, killing him out of anger and jealousy, according to reports citing statements made to investigator… [+1684 chars]",fox-news,Fox News
,"NYPD’s legendary ‘Hip-Hop Cop' Derrick Parker, who investigated rap’s biggest stars and murders, dead at 65","Derrick Parker, the NYPD's ""Hip-Hop Cop"" who investigated cases tied to Tupac Shakur, Notorious B.I.G. and Jam Master Jay, has died at age 65.",https://www.foxnews.com/us/nypd-legendary-hip-hop-cop-derrick-parker-investigated-rap-biggest-stars-murders-dead-65,https://static.foxnews.com/foxnews.com/content/uploads/2026/08/derrick-parker.png,2026-08-11T18:57:25Z,"Derrick Parker, the former NYPD detective known as the ""Hip-Hop Cop"" for his work in the city's rap-related intelligence unit in the 1990s, has died. He was 65.
His brother, Ralph, told Fox News Dig… [+3770 chars]",fox-news,Fox News
,"Veteran lifeguard, 71, dragged underwater off the coast of Maine by great white shark","Greg Wilfert, a 71-year-old lifeguard at Scarborough Beach for 55 years, was dragged underwater by a great white shark while swimming near buoys.",https://www.foxnews.com/outkick-culture/veteran-lifeguard-71-dragged-underwater-coast-maine-great-white-shark,https://static.foxnews.com/foxnews.com/content/uploads/2026/08/great-white-shark-isla-guadalupe.jpg,2026-08-11T18:51:13Z,A 71-year-old lifeguard and park manager in Maine had an encounter with a great white shark off the coast over the weekend. He initially thought his rescue can got caught on a boat after he was dragg… [+1844 chars],fox-news,Fox News
,Elite rock climber's cause of death revealed after horrific accident at national park,"Rock climber Jake Whisenant died from blunt force trauma in a fall at Sequoia National Park, authorities confirmed. The elite climber set records on El Capitan.",https://www.foxnews.com/travel/elite-rock-climbers-cause-death-revealed-after-horrific-accident-national-park,https://static.foxnews.com/foxnews.com/content/uploads/2026/08/ca-sequoia-climber-death-2.jpg,2026-08-11T18:40:35Z,"Authorities have revealed the cause of death of Jake Whisenant, an elite rock climber who recently died in an accident in California's Sierra Nevada, shocking many. 
Whisenant died of ""blunt force t… [+3309 chars]",fox-news,Fox News
,HHS bureaucrats accused of 'sabotaging' RFK Jr.'s efforts to expose Fauci records,Sen. Ron Johnson alleges career bureaucrats within HHS are sabotaging efforts to uncover pandemic-era information from Anthony Fauci's government iPhone.,https://www.foxnews.com/politics/hhs-bureaucrats-accused-sabotaging-rfk-jr-s-efforts-expose-fauci-records,https://static.foxnews.com/foxnews.com/content/uploads/2026/07/6a6b2ff1-rfk-jr-fauci.png,2026-08-11T18:35:58Z,"FIRST ON FOX: A Senate Republican leading a dive into Dr. Anthony Faucis old government iPhone alleged that ""career bureaucrats"" within Faucis old agency are sabotaging the senators and others quest … [+3356 chars]",fox-news,Fox News
,"Dangerous drug-resistant fungus spreads across US, reaching 27 states","Thousands of Candida auris cases have been reported across 27 states in 2026, with the drug-resistant fungus posing deadly risks in healthcare settings.",https://www.foxnews.com/health/dangerous-drug-resistant-fungus-spreads-across-us-reaching-27-states,https://static.foxnews.com/foxnews.com/content/uploads/2026/08/woman-in-hospital-iv.jpg,2026-08-11T18:23:29Z,"Thousands of cases of a potentially deadly, drug-resistant fungus have been reported across 27 states so far this year, according to provisional CDC data.
As of the week ending July 25, a total of 3… [+3898 chars]",fox-news,Fox News
,2 custodians dead in possible murder-suicide at Chicago elementary school,Two custodians were found dead from gunshot wounds inside Mark Twain Elementary School in Chicago when no students were present in the building.,https://www.foxnews.com/us/2-custodians-dead-possible-murder-suicide-chicago-elementary-school,https://static.foxnews.com/foxnews.com/content/uploads/2026/08/mark-twain-elementary-001.jpg,2026-08-11T18:19:31Z,"Two custodians were found shot to death Monday inside a Chicago elementary school after one of them allegedly killed his co-worker before turning the weapon on himself, according to reports.
A 48-ye… [+1776 chars]",fox-news,Fox News
,Vikings quarterback battle meets expected end as Kyler Murray beats out JJ McCarthy for starting job,"Kyler Murray wins the Minnesota Vikings quarterback battle over J.J. McCarthy, but multiple accounts say the veteran has struggled at times in camp.",https://www.foxnews.com/sports/vikings-quarterback-battle-meets-expected-end-kyler-murray-beats-jj-mccarthy-starting-job,https://static.foxnews.com/foxnews.com/content/uploads/2026/05/kyler-murray-minnesota-vikings-fox-news-001.jpeg,2026-08-11T18:15:31Z,"If two quarterbacks who have been inconsistent in their careers and inconsistent in practice despite moments of clarity need to settle the battle for the starting job, what does an NFL franchise do i… [+2647 chars]",fox-news,Fox News
,Shared VPN vs dedicated IP: Which one is right for you?,"Shared VPN IPs blend your activity with thousands of users for maximum privacy, while dedicated IPs reduce captcha requests and login issues.",https://www.foxnews.com/tech/shared-vpn-vs-dedicated-ip-which-one-right,https://static.foxnews.com/foxnews.com/content/uploads/2026/07/ibm-computer-man-using-laptop.jpg,2026-08-11T18:15:06Z,"If you've started shopping for a VPN, you've probably come across the terms shared IP and dedicated IP. While they may sound technical, the difference is actually pretty straightforward, and choosing… [+7553 chars]",fox-news,Fox News
,NBA appears to prioritize European audience with announcement of unique 2026-27 season opener,"The 2026-27 NBA regular season tips off with the Detroit Pistons hosting Boston Celtics at 3 PM ET, a move likely aimed at European viewership growth.",https://www.foxnews.com/sports/nba-prioritize-european-audience-announcement-unique-2026-27-season-opener,https://static.foxnews.com/foxnews.com/content/uploads/2026/08/nba-adam-silver-europe.jpg,2026-08-11T18:13:01Z,"The NBA is a global league.
That is a statement that basketball fans have heard countless times, especially since Adam Silver took over as the league's commissioner in 2014, but we have perhaps neve… [+2461 chars]",fox-news,Fox News
,"At every opportunity, Anthony Fauci hid the truth about COVID, masks, from the American public",A newly released email shows Anthony Fauci knew about asymptomatic transmission months before he cited it as his reason to reverse mask guidance.,https://www.foxnews.com/outkick-analysis/anthony-fauci-hid-truth-covid-masks-american-public,https://static.foxnews.com/foxnews.com/content/uploads/2026/07/anthony-fauci-senate-testimony-covid-fox-news_.jpg,2026-08-11T21:50:59Z,"Six and a half years after the start of the COVID-19 pandemic, and after years of most in the media and the political class pretending it never happened, our response to the spread of the coronavirus… [+7520 chars]",fox-news,Fox News
,Bella Thorne says Hollywood treated her like a kid on screen and an adult off camera,Bella Thorne opens up about the moment she turned 18 and finally felt free after years of navigating Hollywood's impossible child star expectations.,https://www.foxnews.com/entertainment/bella-thorne-hollywood-treated-like-kid-screen-adult-off-camera,https://static.foxnews.com/foxnews.com/content/uploads/2026/08/Bella-Thorne-now-then.jpg,2026-08-11T21:46:39Z,"Bella Thorne's life as a child star came with a harsh reality: Hollywood expected her to be a kid on screen and an adult everywhere else.
Thorne began working in entertainment as a child, appearing … [+3785 chars]",fox-news,Fox News
,"Trump's Justice Department sues New York, other blue states over tuition for illegal immigrants","Trump's DOJ filed lawsuits against New York, Connecticut, and Vermont over laws it claims provide in-state tuition and financial assistance to illegal immigrants.",https://www.foxnews.com/media/trumps-justice-department-sues-new-york-blue-states-tuition-illegal-immigrants,https://static.foxnews.com/foxnews.com/content/uploads/2025/12/students-walking-university-illinois.jpg,2026-08-11T21:45:51Z,"The Department of Justice under the Trump administration announced Monday that it plans to file lawsuits against New York, Connecticut and Vermont over laws that it claims provide in-state tuition an… [+3561 chars]",fox-news,Fox News
,Trump directs CMS Administrator Mehmet Oz to end Medicaid gender transition funding for minors,"Trump instructed CMS to end Medicaid funding for gender transition procedures, calling the surgeries ""barbaric"" in a Truth Social post.",https://www.foxnews.com/politics/trump-directs-cms-administrator-mehmet-oz-end-medicaid-gender-transition-funding,https://static.foxnews.com/foxnews.com/content/uploads/2026/08/mehmet-oz-8-11-fox-news-001.jpg,2026-08-11T21:39:18Z,"The Trump administration will no longer fund gender transition surgeries using Medicaid, President Don ald Trump said Tuesday. 
In a Truth Social post, Trump said he ordered Dr. Mehmet Oz, administr… [+405 chars]",fox-news,Fox News
,A combination of bad coaching hires and subpar quarterback play is the culprit for SEC's recent swoon,"SEC football hasn't won a national championship in three years despite adding Oklahoma and Texas, and coaching hires may be the biggest reason why.",https://www.foxnews.com/outkick-sports/combination-bad-coaching-hires-subpar-quarterback-play-culprit-secs-recent-swoon,https://static.foxnews.com/foxnews.com/content/uploads/2025/10/florida-billy-napier-101925-1.jpg,2026-08-11T21:32:38Z,"It has been a hotly debated topic in college football circles as to whether the SEC's reign of dominance has ended after a nearly 20-year run, and while I'm not here to bury the league just yet, it's… [+7383 chars]",fox-news,Fox News
,"Knicks star Jalen Brunson is a man of the people, reveals the one thing he can't live without","New York Knicks star Jalen Brunson revealed video games are the one thing he can't live without, admitting he's currently hooked on FC 26 during the NBA offseason.",https://www.foxnews.com/sports/knicks-star-jalen-brunson-man-people-reveals-one-thing-he-cant-live-without,https://static.foxnews.com/foxnews.com/content/uploads/2026/08/jalen-brunson-knicks-championship-ceremony.jpg,2026-08-11T21:21:49Z,"New York Knicks superstar Jalen Brunson is just like so many of us: He cant live without video games.
Brunson, 29, was asked about the one thing he couldnt live without in an interview with his moth… [+1750 chars]",fox-news,Fox News
,Suspect in off-duty Philadelphia officer’s car theft linked to killing of Penn State student: Police,Khadfi Fleming is wanted in a Philadelphia car theft and is also allegedly a suspect in the murder of Penn State University student Billy Schmidt.,https://www.foxnews.com/us/suspect-off-duty-philadelphia-officer-car-theft-linked-killing-penn-state-student-police,https://static.foxnews.com/foxnews.com/content/uploads/2026/08/Schmidt-5.jpg,2026-08-11T21:04:40Z,"A man who's wanted in a recent theft of an off-duty police officer's car in Philadelphia is also a person of interest in the murder of a Penn State University student killed in June.
Billy Schmidt, … [+1799 chars]",fox-news,Fox News
,Kaia Gerber owns 'nepo baby' status while questioning other celebrity kids: 'Show me why you deserve this job',"Kaia Gerber and Homer Gere tackle the nepo baby debate in Vogue's September cover story as they star together in Ryan Murphy's FX series ""The Shards.""",https://www.foxnews.com/entertainment/kaia-gerber-owns-nepo-baby-status-while-questioning-other-celebrity-kids-show-me-why-you-deserve-job,https://static.foxnews.com/foxnews.com/content/uploads/2026/08/kaia-gerber-lacma-art-film-gala.jpg,2026-08-11T21:03:44Z,"Kaia Gerber and Homer Gere are confronting Hollywoods ""nepo baby"" debate head-on.
In Vogues September 2026 cover story, Gerber, daughter of supermodel Cindy Crawford, and Gere, son of Hollywood star… [+3161 chars]",fox-news,Fox News
,Rosie O'Donnell credits Trump for making her 're-famous' as White House calls her 'obsessed',"Rosie O'Donnell told Amy Poehler that President Trump unknowingly boosted her career, calling him ""Mango Mussolini"" as the White House calls her ""obsessed.""",https://www.foxnews.com/media/rosie-odonnell-credits-trump-making-her-re-famous-white-house-calls-her-obsessed,https://static.foxnews.com/foxnews.com/content/uploads/2026/08/O_DONNELL-TRUMP-CREDIT.jpg,2026-08-11T20:59:27Z,"Rosie O'Donnell credited President Donald Trump for her re-discovered fame on Tuesday as the White House continued to call the actress and former co-host of ""The View"" ""obsessed.""
""I feel like recen… [+2891 chars]",fox-news,Fox News
,Vulnerable Dem's campaign pitch clashes with 'radical' voting record on top culture war issue,Sarah Trone Garriott's Iowa legislature votes on bathroom policy and girls' sports clash with her new campaign video opposing men in women's locker rooms.,https://www.foxnews.com/politics/vulnerable-dems-campaign-pitch-clashes-radical-voting-record-culture-war-issue,https://static.foxnews.com/foxnews.com/content/uploads/2026/04/sarah-trone-garriott-iowa-polk-county-fox-news-001.jpeg,2026-08-11T20:56:05Z,"Sarah Trone Garriott, a Democratic candidate for Congress in Iowa's 3rd Congressional District, is trying to reassure voters that she doesnt support men having access to womens locker rooms a stance … [+4623 chars]",fox-news,Fox News
,Trump administration targets Head Start bureaucracy in move advocates say puts parents in the driver's seat,"President Donald Trump's proposed Head Start overhaul aims to save $2.2B and empower parents, drawing praise from Moms for Liberty while facing fierce pushback from Democrats.",https://www.foxnews.com/media/trump-administration-targets-head-start-bureaucracy-move-advocates-say-puts-parents-drivers-seat,https://static.foxnews.com/foxnews.com/content/uploads/2026/08/rfk-education-head-start-program-fox-news.jpg,2026-08-11T20:53:41Z,The Trump administration on Thursday announced a proposed overhaul of the federal Head Start program that would give states more control over preschool standards and could reduce administrative costs… [+4467 chars],fox-news,Fox News
,"MMA fighter enters with dazzling dance routine, almost immediately gets obliterated once his match begins","Ryoma Shishimoto's full K-pop dance routine to ILLIT's ""It's Me"" at RIZIN 54 preceded a brutal first-round TKO loss to Joe Hiramoto in Tokyo.",https://www.foxnews.com/outkick-sports/mma-fighter-enters-dazzling-dance-routine-almost-immediately-gets-obliterated-match-begins,https://static.foxnews.com/foxnews.com/content/uploads/2026/08/mma-glove.jpg,2026-08-11T20:52:21Z,"The chances of me getting in the ring, octagon, or cage are slim to none, but if I did, my entrance would be solemn and dignified.
It'd be to the point that people would be wondering if they were ab… [+1799 chars]",fox-news,Fox News
,Trump’s sly plane switch raises eyebrows over safety of passengers left behind on board,"Trump secretly switched to a military jet in Turkey over an Iranian missile threat, leaving journalists and White House staff aboard the decoy aircraft.",https://www.foxnews.com/politics/trumps-sly-plane-switch-raises-eyebrows-safety-passengers-left-behind-board,https://static.foxnews.com/foxnews.com/content/uploads/2026/08/military-plane.jpg,2026-08-11T20:50:47Z,Reports of President Donald Trumps secret move to a military jet during last months NATO summit in Turkey has put a rare security trade-off in focus: As officials apparently sought to shield Trump fr… [+5589 chars],fox-news,Fox News
,"Brazilian soccer player, who fell through hole in shocking viral goal celebration, gives injury update","Brazilian Jacy Maranhao revealed he was searching for his pregnant wife, and also wanted to celebrate with fans, when he fell through a stadium trap door during his celebration.",https://www.foxnews.com/sports/brazilian-soccer-player-fell-through-hole-shocking-viral-goal-celebration-gives-injury-update,https://static.foxnews.com/foxnews.com/content/uploads/2026/08/jacy-maranhao-coritiba-sao-paulo.jpg,2026-08-11T20:50:29Z,"Jacy Maranhao, the Brazilian soccer player whose goal celebration led to a horrific scene as he fell through a hole at the stadium, gave a health update on Tuesday.
Maranhao admitted he got ""carried… [+2165 chars]",fox-news,Fox News
,Man wanted in robbery tied to Penn State student's murder now sought after off-duty cop shootout,"U.S. Marshals offer a cash reward for Khadfi Fleming, 19, linked to a Penn State student's robbery case and an aggravated assault on a Philly officer.",https://www.foxnews.com/us/man-wanted-robbery-tied-penn-state-students-murder-sought-off-duty-cop-shootout,https://static.foxnews.com/foxnews.com/content/uploads/2026/08/khadfi-fleming-philadelphia-off-duty-police-officer-car-theft.jpg,2026-08-11T20:26:27Z,A 19-year-old wanted in the robbery tied to the killing of a Penn State student is now being sought in connection with another violent Philadelphia crime after an off-duty police officer exchanged gu… [+3827 chars],fox-news,Fox News
,"Golfer Hailey Ostrom is Team Sophie, Hilary Duff compares herself to LeBron & pig squealing contests!","Hilary Duff's viral LeBron James moment on her Lucky Me Tour, Sophie Cunningham's new golf ally, and France's pig-squealing contest are here.",https://www.foxnews.com/outkick-sports/golfer-hailey-ostrom-team-sophie-hilary-duff-compares-herself-lebron-pig-squealing-contests,https://static.foxnews.com/foxnews.com/content/uploads/2026/08/hailey-ostrom-liv-golf-invitational-bedminster.jpg,2026-08-11T20:20:51Z,"'Nightcaps' is a daily column that catches you up on the biggest sports, news and culture stories you may have missed while pretending to do work at your desk. It runs Monday-Friday on OutKick.com.
… [+8107 chars]",fox-news,Fox News
,Inside the New York Jets' revamped performance facility and player development strategy,"The Jets' new Player Performance Center features AI-powered apps, force plates and velocity-based training to personalize player preparation.",https://www.foxnews.com/sports/inside-new-york-jets-revamped-performance-facility-player-development-strategy,https://static.foxnews.com/foxnews.com/content/uploads/2026/08/jets-facility.jpg,2026-08-11T20:15:26Z,"EXCLUSIVE: The most important feature of the New York Jets next-generation Player Performance Center may be that no single feature defines it.
Jets owner Woody Johnson has invested in growing the fa… [+11910 chars]",fox-news,Fox News
,'Blue Bloods' star Jennifer Esposito says she was locked in psych ward as health battle spiraled,"Jennifer Esposito reveals how celiac disease caused liver failure, a psychiatric ward stay and thoughts of suicide before doctors finally diagnosed her.",https://www.foxnews.com/entertainment/blue-bloods-star-jennifer-esposito-says-she-locked-psych-ward-health-battle-spiraled,https://static.foxnews.com/foxnews.com/content/uploads/2026/08/jennifer-esposito-aol-build-series.jpg,2026-08-11T20:12:53Z,"This story discusses suicide. If you or someone you know is having thoughts of suicide, please contact the National Suicide Prevention Lifeline at 988 or 1-800-273-TALK (8255).
Jennifer Esposito is … [+7854 chars]",fox-news,Fox News
,Babylon Bee sues New Mexico officials over law requiring AI disclaimers on political satire,"The Babylon Bee sued over New Mexico's AI disclaimer law, arguing HB 182 forces warning labels on political satire and violates free speech.",https://www.foxnews.com/media/babylon-bee-sues-new-mexico-officials-law-requiring-ai-disclaimers-political-satire,https://static.foxnews.com/foxnews.com/content/uploads/2026/08/new-mexico-sign.png,2026-08-11T20:02:56Z,"FIRST ON FOX Should political satire come with a warning label?
A New Mexico law requiring disclaimers on certain AI-generated political content, including parody and satire, is being challenged in … [+5952 chars]",fox-news,Fox News
,‘The Office’ star Lucy Davis ‘at peace’ with 'incurable' cancer diagnosis after nearly ignoring warning sign,"Lucy Davis revealed her breast cancer has metastasized to her spine, hip and ribs, with chemotherapy no longer an option for ""The Office"" actress.",https://www.foxnews.com/entertainment/the-office-star-lucy-davis-at-peace-incurable-cancer-diagnosis-after-nearly-ignoring-warning-sign,https://static.foxnews.com/foxnews.com/content/uploads/2026/08/lucy-davis-television-critics-association-award.jpg,2026-08-11T23:51:42Z,"Lucy Davis revealed a devastating Stage 4 breast cancer diagnosis after quietly battling the disease for the past year and a half.
""The Office"" actress said the cancer had metastasized to her spine,… [+2511 chars]",fox-news,Fox News
,Paramount escalates threat to leave California as Dem AG's antitrust lawsuit stalls Warner Bros merger,David Ellison threatens to move Paramount out of California if AG Rob Bonta doesn't negotiate to settle his antitrust lawsuit against the Warner Bros. merger.,https://www.foxnews.com/media/paramount-escalates-threat-leave-california-dem-ag-antitrust-lawsuit-stalls-warner-bros-merger,https://static.foxnews.com/foxnews.com/content/uploads/2025/09/paramount-israeli-boycott.jpg,2026-08-11T23:48:42Z,"Paramount's new chief is threatening to move his studio out of California if the Golden State's attorney general doesn't come to the table to resolve the high-stakes antitrust lawsuit.
Puck News rep… [+6041 chars]",fox-news,Fox News
,Fever coach Stephanie White launches fiery defense of herself after Sophie Cunningham hit,"Stephanie White called DiJonai Carrington's hit on Sophie Cunningham ""egregious"" but spent most of her podium time defending herself from criticism.",https://www.foxnews.com/outkick-sports/fever-coach-stephanie-white-launches-fiery-defense-herself-after-sophie-cunningham-hit,https://static.foxnews.com/foxnews.com/content/uploads/2026/08/sophie-cunningham-stephanie-white-indiana-fever.jpg,2026-08-11T23:47:12Z,"When Chicago Sky guard DiJonai Carrington hit Sophie Cunningham on Saturday, pundits predictably turned on Cunningham. Meanwhile, Fever coach Stephanie White stayed quiet.
White has stayed similarly… [+3663 chars]",fox-news,Fox News
,CBS Sports president says 'no timetable or final decision' on Tony Romo's future after OWI arrest,CBS Sports president David Berson said Tony Romo's status remains an evolving situation with no timetable as the network weighs its brand image.,https://www.foxnews.com/sports/cbs-sports-president-says-no-timetable-final-decision-tony-romo-future-after-owi-arrest,https://static.foxnews.com/foxnews.com/content/uploads/2026/07/tony-romo-arrest-footage.png,2026-08-11T23:46:56Z,"Tony Romos status with CBS remains a fluid situation, but the president of CBS Sports said ""there is no timetable or final decision"" following his OWI arrest last month.
CBS Sports president David B… [+2528 chars]",fox-news,Fox News
,Federal judge blocks Trump administration from restricting mail-in ballots ahead of midterms,A federal judge in Boston blocked the USPS from enforcing Trump's executive order on mail-in voting rules ahead of the 2026 midterm elections.,https://www.foxnews.com/politics/federal-judge-blocks-trump-administration-restricting-mail-in-ballots-ahead-midterms,https://static.foxnews.com/foxnews.com/content/uploads/2026/08/Donald-Trump-Mail-in-Ballot-judge-ruling.jpg,2026-08-11T23:36:14Z,A federal judge in Massachusetts on Tuesday blocked the U.S. Postal Service (USPS) from implementing part of President Donald Trump's executive order tightening mail-in voting rules ahead of the 2026… [+3579 chars],fox-news,Fox News
,"Taliban wipes out decades of progress as 2.4M Afghan girls remain locked out of school, UN says",UNESCO says 2.4 million Afghan girls are locked out of secondary school five years after the Taliban banned female education beyond the primary level.,https://www.foxnews.com/world/taliban-wipes-out-decades-progress-2-4m-afghan-girls-locked-out-school-un-says,https://static.foxnews.com/foxnews.com/content/uploads/2026/08/Afghan-women.png,2026-08-11T23:01:48Z,"Five years after the Taliban reclaimed reclaimed Afghanistan, 2.4 million girls remain locked out of secondary school, wiping away decades of progress and leaving a generation of young women without … [+4708 chars]",fox-news,Fox News
,"Taliban wipes out decades of progress as 2.4M Afghan girls remain locked out of school, UN agency says",UNESCO says 2.4 million Afghan girls are locked out of secondary school five years after the Taliban banned female education beyond the primary level.,https://www.foxnews.com/world/taliban-wipes-out-decades-progress-2-4m-afghan-girls-remain-locked-school-un-agency-says,https://static.foxnews.com/foxnews.com/content/uploads/2026/08/Afghan-women.png,2026-08-11T23:01:48Z,"Five years after the Taliban reclaimed reclaimed Afghanistan, 2.4 million girls remain locked out of secondary school, wiping away decades of progress and leaving a generation of young women without … [+4708 chars]",fox-news,Fox News
,Tyler Feehan's mother and fiancée recall his excitement before fatal Middle East deployment,"Army 1st Lt. Tyler Feehan's mother and fiancée reveal his excitement before the fatal Jordan drone attack and his resting place beside his grandfather, a Vietnam veteran.",https://www.foxnews.com/media/tyler-feehan-mother-fiancee-recall-excitement-fatal-middle-east-deployment,https://static.foxnews.com/foxnews.com/content/uploads/2026/08/shari-feehan.png,2026-08-11T22:49:18Z,"The grieving family of slain Army 1st Lt. Tyler Feehan remembered him as brave and passionate about life during an exclusive interview with ""The Story"" on Tuesday.
Feehan, a 25-year-old Army soldier… [+3008 chars]",fox-news,Fox News
,New York Islanders pick their top 8 fan-designed jerseys and social media hates them all,"The New York Islanders unveiled eight finalist designs in their fan jersey design contest, but social media reaction has been overwhelmingly negative.",https://www.foxnews.com/outkick-sports/new-york-islanders-pick-top-8-fan-designed-jerseys-social-media-hates-them,https://static.foxnews.com/foxnews.com/content/uploads/2026/07/islanders-2010s-third.jpg,2026-08-11T22:45:16Z,"Back in July, the New York Islanders announced plans to toss fans the keys and let them take a crack at designing the team's next third jersey.
I figured at the time that it would mean fans couldn't… [+1717 chars]",fox-news,Fox News
,"Carville warns Democrats may need to block far-left candidates from joining caucus, moderate group disagrees",James Carville says Democratic Party leadership may need to block far-left candidates from the caucus and committees to protect the party's brand but a moderate group disagrees.,https://www.foxnews.com/media/carville-warns-democrats-may-need-block-far-left-candidates-from-joining-caucus-moderate-group-disagrees,https://static.foxnews.com/foxnews.com/content/uploads/2024/10/james-carville-at-dnc.png,2026-08-11T22:37:33Z,"Veteran Democratic strategist James Carville warned last week that the Democratic Party may need to consider shutting out far-left candidates in order to keep them from co-opting the party.
In recen… [+3613 chars]",fox-news,Fox News
,Florida man arrested doing 110 mph tells deputy he was racing to catch his cheating girlfriend,"A DeSoto County Sheriff's Office deputy jailed Gavin Ames after he was clocked at 110 mph, allegedly racing to catch his cheating girlfriend.",https://www.foxnews.com/outkick-culture/florida-man-arrested-110-mph-tells-deputy-racing-catch-cheating-girlfriend,https://static.foxnews.com/foxnews.com/content/uploads/2026/08/cheating-gf-speeding-split.png,2026-08-11T22:36:47Z,"A deputy with the DeSoto County Sheriff's Office stood between a Florida man and his attempt to catch his cheating girlfriend in the act. To be completely fair to the officer here, he was just doing … [+1902 chars]",fox-news,Fox News
,"Georgia teacher, father hailed as hero after dying to save girl from Myrtle Beach rip current","Derrick Moore, a Georgia teacher and father of four, rescued a stranger's child from a rip current off Myrtle Beach, South Carolina, before vanishing.",https://www.foxnews.com/us/georgia-teacher-father-hailed-hero-dying-save-girl-myrtle-beach-rip-current,https://static.foxnews.com/foxnews.com/content/uploads/2026/08/derrick-moore-myrtle-beach-rip-current-rescue.jpg,2026-08-11T22:31:36Z,"A beloved Georgia elementary school teacher and father died after jumping into the ocean to save a young girl caught in a rip current off Myrtle Beach, South Carolina, according to authorities and hi… [+3733 chars]",fox-news,Fox News
,"Riley Green shares how Luke Grimes unexpectedly launched his acting career, reveals job he left behind","Riley Green reveals how Luke Grimes encouraged him to audition for ""Marshals,"" helping the country star land his first acting role as a Navy SEAL.",https://www.foxnews.com/entertainment/riley-green-shares-how-luke-grimes-unexpectedly-launched-his-acting-career-reveals-job-he-left-behind,https://static.foxnews.com/foxnews.com/content/uploads/2026/08/riley-green-luke-grimes.jpg,2026-08-11T22:27:29Z,"Riley Green may be one of country musics rising stars, but his latest on-screen career move came with a little help from a famous friend.
During an appearance on ""CBS Mornings"" on Monday, the 37-yea… [+4154 chars]",fox-news,Fox News
,"Man, 20, dies in 'horrific accident' after slipping from towering Oregon waterfall",The visitor reportedly ventured off-trail near the top of South Falls at the Silver Falls State Park in Oregon before plunging into the water roughly 177 feet below.,https://www.foxnews.com/us/man-20-dies-horrific-accident-slipping-towering-oregon-waterfall,https://static.foxnews.com/foxnews.com/content/uploads/2026/08/south-falls.jpg,2026-08-11T22:14:59Z,"A 20-year-old male hiker reportedly died Monday in what park officials described as a ""horrific accident"" following a devastating fall from a 177-foot waterfall at an Oregon state park.
Authorities … [+1968 chars]",fox-news,Fox News
,Zac Taylor admits breaking NFL challenge flag rule for 8 years as league makes change,"Taylor usually gave the red challenge flag to another staff member, which is now allowed following the NFL's rule change before the 2026 season.",https://www.foxnews.com/sports/zac-taylor-admits-breaking-nfl-challenge-flag-rule-8-years-league-makes-change,https://static.foxnews.com/foxnews.com/content/uploads/2026/08/Zac-Taylor-Bengals.jpg,2026-08-11T22:05:15Z,"A slight change to an NFL rule has been set before the start of the 2026 season, but its nothing new for Cincinnati Bengals head coach Zac Taylor.
He admitted hes technically been breaking an NFL ru… [+2821 chars]",fox-news,Fox News
