author,title,description,url,urlToImage,publishedAt,content,source.id,source.name
,"Crowded Russian beach descends into chaos after alleged Ukrainian drone incident kills 7, including 4 children","A projectile struck a crowded Russian Black Sea beach Monday, killing seven people, including four children, and injuring 58. Russia blamed a Ukrainian drone attack as video captured the deadly impact.",https://www.foxnews.com/world/crowded-russian-beach-descends-chaos-alleged-ukrainian-drone-incident-kills-7-including-4-children,https://static.foxnews.com/foxnews.com/content/uploads/2026/08/explosionbywater.gif,2026-08-06T01:46:12Z,"Vacationers were sent scrambling for safety Monday after a projectile struck a crowded beach in a Russian Black Sea resort town, killing seven people, including four children, and injuring dozens mor… [+2524 chars]",fox-news,Fox News
,Florida man accused of cutting off diver's air supply in fight over coveted lobster diving spot,A dispute over a lobster diving spot during Florida's lobster mini season allegedly turned deadly when a man shut off a diver's surface supplied air.,https://www.foxnews.com/us/florida-man-accused-cutting-diver-air-supply-fight-coveted-lobster-diving-spot,https://static.foxnews.com/foxnews.com/content/uploads/2026/08/michael-simpson-miami-lobster-diving-attempted-murder.jpg,2026-08-06T01:44:07Z,A battle over a lobster diving spot off the Florida coast allegedly escalated into an underwater nightmare after a man was accused of shutting off another diver's air supply a confrontation that land… [+3422 chars],fox-news,Fox News
,Bodycam video shows Canadian woman allegedly giving false name before deputies discovered 12 fake IDs,Body camera video shows Florida deputies finding 12 fake IDs in a Canadian woman's car after she allegedly gave a false name during a traffic stop.,https://www.foxnews.com/us/bodycam-video-shows-canadian-woman-allegedly-giving-false-name-deputies-discovered-12-fake-ids,https://static.foxnews.com/foxnews.com/content/uploads/2026/08/tampa-traffic-stop-fraudulent-ids.jpg,2026-08-06T01:33:47Z,Police body camera video shows the moments Florida deputies arrested a Canadian woman after she allegedly gave a false name during a traffic stop and investigators discovered 12 fraudulent identifica… [+2294 chars],fox-news,Fox News
,Federal judge acknowledges Supreme Court ruling clearing path for Trump to end Haiti TPS,A federal judge has ruled that the court order blocking Trump's termination of Haiti TPS is no longer in effect after the Supreme Court's ruling.,https://www.foxnews.com/politics/federal-judge-acknowledges-supreme-court-ruling-clearing-path-trump-end-haiti-tps,https://static.foxnews.com/foxnews.com/content/uploads/2026/08/federal-court-allows-scotus-ruling-against-haiti-tps.jpg,2026-08-06T01:17:12Z,President Donald Trump on Wednesday notched a major immigration victory after a federal judge acknowledged that the court order blocking the administration from ending Temporary Protected Status (TPS… [+4132 chars],fox-news,Fox News
,Fauci's HHS iPhone turned over to Senate investigators as contempt vote looms,Sen. Ron Johnson's subcommittee obtained a copy of Anthony Fauci's pandemic-era iPhone as Rand Paul's panel weighs holding him in contempt of Congress.,https://www.foxnews.com/politics/fauci-hhs-iphone-turned-senate-investigators-contempt-vote-looms,https://static.foxnews.com/foxnews.com/content/uploads/2026/07/anthony-fauci-senate-testimony-covid-fox-news_.jpg,2026-08-06T01:08:48Z,"Fox News Digital has confirmed that a key investigative panel in the Senate has obtained a copy of Dr. Anthony Faucis pandemic-era cellphone.
The cellphone was transferred from the Department of Hea… [+2869 chars]",fox-news,Fox News
,"Dodgers ruin baseball with sixth straight loss, get swept for second consecutive series by Chicago Cubs","The Los Angeles Dodgers have lost six straight games after the Tarik Skubal trade, and their once-insurmountable 14-game lead continues to shrink.",https://www.foxnews.com/outkick-sports/dodgers-ruin-baseball-sixth-straight-loss-swept-second-consecutive-series-chicago-cubs,https://static.foxnews.com/foxnews.com/content/uploads/2026/08/tarik-skubal-dodgers-bench-dodger-stadium_002.jpg,2026-08-06T00:57:12Z,"Discussion on baseball-related social media over the last week has focused on one topic, and one topic only: the Los Angeles Dodgers.
The Dodgers, back-to-back World Series champions, entered the we… [+6013 chars]",fox-news,Fox News
,Halle Berry sizzles in racy lingerie look for sunset beach stroll during Fiji getaway,Halle Berry shared stunning Fiji vacation photos in a gold bikini and animal-print cover-up as she prepares to celebrate her 60th birthday soon.,https://www.foxnews.com/entertainment/halle-berry-sizzles-racy-lingerie-look-sunset-beach-stroll-during-fiji-getaway,https://static.foxnews.com/foxnews.com/content/uploads/2026/08/halle-berry-crime-101-gala-screening.jpg,2026-08-06T00:41:11Z,"Halle Berry is enjoying a tropical reset ahead of her 60th birthday.
The 59-year-old actress shared a series of Instagram photos from a tropical getaway in Fiji, offering glimpses of quiet mornings,… [+4670 chars]",fox-news,Fox News
,Masked man caught on camera smashing Virgin Mary statue with a hammer outside NYC church,Surveillance video shows a masked man climbing a fence and smashing a Virgin Mary statue with a hammer at St. Rita Church in Long Island City.,https://www.foxnews.com/us/masked-man-caught-camera-smashing-virgin-mary-statue-outside-nyc-church-hammer,https://static.foxnews.com/foxnews.com/content/uploads/2026/08/st-mary-vandlism-1.gif,2026-08-06T00:35:31Z,The New York Police Department (NYPD) is investigating the destruction of a Virgin Mary statue outside St. Rita Roman Catholic Church in Long Island City as a possible hate crime after a man climbed … [+1993 chars],fox-news,Fox News
,Amazon driver caught on video flinging customer’s package onto porch in infuriating delivery blunder,"Ring camera video shows a Yun Express driver hurling an Amazon package onto a Florida porch, snapping a proof-of-delivery photo and walking away.",https://www.foxnews.com/us/amazon-driver-caught-video-flinging-customers-package-porch-infuriating-delivery-blunder,https://static.foxnews.com/foxnews.com/content/uploads/2026/08/amazon-box-fail.gif,2026-08-06T00:18:27Z,"A delivery driver is under scrutiny after a doorbell camera captured a package sailing through the air instead of being carefully delivered.
Ring camera video shared by Florida resident Nathan Pekas… [+2011 chars]",fox-news,Fox News
,Former Kansas Jayhawks guard Brett Ballard seriously injured in single-vehicle highway crash,"Brett Ballard's Ford F-150 struck a concrete bridge pillar on Interstate 470 in Topeka, sending the Washburn basketball coach to Stormont Vail Hospital.",https://www.foxnews.com/sports/former-kansas-jayhawks-guard-brett-ballard-seriously-injured-single-vehicle-highway-crash,https://static.foxnews.com/foxnews.com/content/uploads/2026/08/kansas-cheerleader-ncaa-tournament-kohl-center.jpg,2026-08-06T00:15:20Z,"A beloved Kansas college basketball coach and former Jayhawks standout is in the hospital with serious injuries after a highway crash Tuesday night.
Washburn University head coach Brett Ballard, 46,… [+2583 chars]",fox-news,Fox News
,"Francesca Hong remarks Thanksgiving is her 'favorite holiday,' answers she does not 'want to cancel it'","Wisconsin gubernatorial candidate Francesca Hong remarked that Thanksgiving is her ""favorite holiday"" despite a deleted 2020 post urging America to ""cancel"" it.",https://www.foxnews.com/media/francesca-hong-remarks-thanksgiving-her-favorite-holiday-answers-she-does-not-want-cancel-it,https://static.foxnews.com/foxnews.com/content/uploads/2026/07/francesca-hong-wisconsin-democrats-convention.jpg,2026-08-06T00:04:24Z,"Democratic socialist Wisconsin gubernatorial candidate Francesca Hong said that Thanksgiving was her ""favorite holiday"" on Wednesday and that she has no interest in canceling it despite her past cont… [+3480 chars]",fox-news,Fox News
,El-Sayed's threat against GOP rival backfires as conservatives bring receipts: 'Is Dubai in Florida?',"Abdul El-Sayed's ""safe quarter"" remark directed at Mike Rogers after winning the Michigan Senate Democratic nomination sparks heated online debate.",https://www.foxnews.com/politics/el-sayed-threat-gop-rival-backfires-conservatives-bring-receipts-who-hell-does-he-think-he-is,https://static.foxnews.com/foxnews.com/content/uploads/2026/08/abdul-el-sayed-michigan-fox-news.jpg,2026-08-06T00:00:02Z,"Abdul El-Sayed, moments after capturing the Democratic Partys nomination in Michigan's Senate race, sparked online controversy for his word choice in challenging Republican nominee Mike Rogers to a s… [+4896 chars]",fox-news,Fox News
,Retired NFL standout Roddy White suggests Ryan Clark's outspokenness may have played role in ESPN exit,Roddy White questions ESPN's decision as Steve Smith is expected to take an expanded role following Ryan Clark's departure from the network.,https://www.foxnews.com/outkick-sports/retired-nfl-standout-roddy-white-suggests-ryan-clark-outspokenness-may-have-played-role-espn-exit,https://static.foxnews.com/foxnews.com/content/uploads/2026/07/ryan-clark-nfc-wild-card-playoff.jpg,2026-08-06T03:20:42Z,"ESPNs latest round of layoffs last week included former NFL players-turned-TV analysts Ryan Clark and Cam Newton, as well as reporter Tom Pelissero, who had joined the company from NFL Network. Clark… [+2689 chars]",fox-news,Fox News
,Trump blasts Democratic socialist candidate as 'full of s---' and Dems are skipping socialism 'for communism',"Trump singled out Abdul El-Sayed by name during a Las Vegas speech, calling communism the greatest threat facing the U.S. in its history.",https://www.foxnews.com/politics/trump-blasts-democratic-socialist-candidate-full-dems-skipping-socialism-communism,https://static.foxnews.com/foxnews.com/content/uploads/2026/08/President-Trump-decries-communism.jpg,2026-08-06T02:05:19Z,"President Donald Trump escalated his attacks on Michigan Democratic Senate nominee Abdul El-Sayed Wednesday, singling out the progressive candidate as ""full of s---"" while arguing Democrats are embra… [+4077 chars]",fox-news,Fox News
,New York gubernatorial candidate urges 9/11 attendees to turn away from Mamdani during ceremony,"Bruce Blakeman says attendees should turn their backs on NYC Mayor Zohran Mamdani at the 9/11 memorial over his refusal to condemn ""globalize the intifada.""",https://www.foxnews.com/politics/new-york-gubernatorial-candidate-urges-9-11-attendees-turn-away-from-mamdani-during-ceremony,https://static.foxnews.com/foxnews.com/content/uploads/2026/08/bruce-blakeman-zohran-mamdani.jpg,2026-08-06T07:06:36Z,"Bruce Blakeman, the Republican candidate in New York's gubernatorial race, said Wednesday that attendees at this year's Sept. 11 memorial ceremony should turn their backs on New York City Mayor Zohra… [+3128 chars]",fox-news,Fox News
Connor Markey,#854 – Three Words: Unique State Capitals & WWII Mishaps,"In today’s episode of The Quiz, we’re testing your knowledge on national traditions, aquatic wonders, and unusual moments in American history. Can you answer these? Capital Names: Out of all 50 U.S. state capitals, only one features a name composed of three w…",https://radio.foxnews.com/2026/08/06/854-three-words-unique-state-capitals-wwii-mishaps/,https://static-radio.foxnews.com/radio.foxnews.com/content/uploads/2024/03/7cb4fcbf-the-quiz-friday.png,2026-08-06T07:00:09Z,"In today’s episode of The Quiz, we’re testing your knowledge on national traditions, aquatic wonders, and unusual moments in American history. Can you answer these?
<ul><li>Capital Names: Out of all… [+504 chars]",fox-news,Fox News
,Florida man allegedly attacked sister with machete while she was sleeping next to toddler daughter,A Florida man is facing charges after he allegedly hacked his sleeping sister with a machete as her 1-year-old daughter was lying beside her in the bed.,https://www.foxnews.com/us/florida-man-allegedly-attacked-sister-machete-while-sleeping-next-toddler-daughter,https://static.foxnews.com/foxnews.com/content/uploads/2026/08/florida-man-machete-sister-attack.png,2026-08-06T06:59:40Z,"A Florida man is accused of slashing his sister with a machete while she was sleeping in bed next to her 1-year-old daughter, according to officials.
Ruben Altidore, 36, repeatedly hacked at his sis… [+2404 chars]",fox-news,Fox News
,EXCLUSIVE: Illegal immigrant's hit-and-run on 'kind' elderly woman triggers ICE action: 'Could hear screaming',ICE lodged a detainer and urged Miami-Dade County officials not to release the Guatemalan illegal immigrant who allegedly ran over a 74-year-old woman.,https://www.foxnews.com/politics/exclusive-illegal-immigrants-hit-and-run-kind-elderly-woman-triggers-ice-action-could-hear-screaming,https://static.foxnews.com/foxnews.com/content/uploads/2026/08/miami-dade-brito-mugshot.png,2026-08-06T09:30:54Z,FIRST ON FOX: An illegal immigrants alleged hit-and-run that critically injured an elderly woman outside her Miami-Dade home prompted U.S. Immigration and Customs Enforcement to urge local authoritie… [+4596 chars],fox-news,Fox News
,"Rand Paul predicts Fauci contempt vote will pass, vows swift DOJ referral",Rand Paul says the votes are there to hold Anthony Fauci in contempt of Congress after the former NIAID director invoked the Fifth Amendment over 100 times.,https://www.foxnews.com/politics/rand-paul-predicts-fauci-contempt-vote-pass-vows-swift-doj-referral,https://static.foxnews.com/foxnews.com/content/uploads/2026/07/6aef4ecd-fauci-rand-paul.png,2026-08-06T09:30:44Z,"Senate Republicans are readying immediate ramifications for Dr. Anthony Fauci's refusal to testify last week in the upper chamber, and the leader of the push believes the votes are there to pull it o… [+3119 chars]",fox-news,Fox News
,MIKE SARRAILLE: Extortion 17's heroes died once. America must never let them die twice,"A new Fox Nation special honors the 31 Americans killed when their CH-47 Chinook was struck in Afghanistan's Wardak Province on Aug. 6, 2011.",https://www.foxnews.com/opinion/mike-sarraille-extortion-17-heroes-died-once-america-must-never-let-them-die-twice,https://static.foxnews.com/foxnews.com/content/uploads/2026/08/final-flight-extortion-17-fn.jpg,2026-08-06T09:00:24Z,"PROGRAMMING ALERT: The Fox Nation special ""Final Flight: The Men of Extortion 17"" is available to stream now on Fox Nation.
Fifteen years after Extortion 17 became the deadliest single incident for … [+5920 chars]",fox-news,Fox News
,MORNING GLORY: Rogers versus El-Sayed is a referendum on the future of America,Abdul El-Sayed's narrow Michigan Senate Democratic primary win over Haley Stevens sets up a high-stakes fall battle against GOP nominee Mike Rogers.,https://www.foxnews.com/opinion/morning-glory-mike-rogers-versus-abdul-el-sayed-referendum-future-america,https://static.foxnews.com/foxnews.com/content/uploads/2026/08/abdul-el-sayed-michigan-fox-news.jpg,2026-08-06T09:00:22Z,"Abdul El-Sayed won Michigans Senate Democratic primary Tuesday over Congresswoman Haley Stevens. El-Sayed had a 1% win in a race that featured a third candidate, Mallory McMorrow, who had dropped out… [+6095 chars]",fox-news,Fox News
,Eric Adams battles tense crowd as Wisconsin audience erupts over AI data center proposal,"Eric Adams was bombarded with boos and told he belongs ""in prison"" as he pitched a Wisconsin crowd on a controversial AI data center proposal.",https://www.foxnews.com/media/eric-adams-battles-tense-crowd-wisconsin-audience-erupts-over-ai-data-center-proposal,https://static.foxnews.com/foxnews.com/content/uploads/2025/11/new-york-city-mayor-eric-adams-february-2025.jpg,2026-08-06T11:56:39Z,"Former New York City Mayor Eric Adams struggled to get a word in as a Wisconsin audience bombarded him with boos and insults while he pitched the crowd on a proposed AI data center.
Adams was told h… [+2828 chars]",fox-news,Fox News
,Rand Paul's yearslong crusade against Fauci reaches its defining moment and more top headlines,Get all the stories you need-to-know from the most powerful name in news delivered first thing every morning to your inbox.,https://www.foxnews.com/us/rand-pauls-yearslong-crusade-against-fauci-reaches-its-defining-moment-more-top-headlines,https://static.foxnews.com/foxnews.com/content/uploads/2026/07/fauci-rand-paul.png,2026-08-06T11:56:35Z,"Good morning and welcome to Fox News' morning newsletter, Fox News First. And here's what you need to know to start your day ...
TOP 3
1. Paul says he has the numbers to nail Fauci with contempt 
… [+3249 chars]",fox-news,Fox News
,"FDA widens Cyclospora outbreak investigation to six more states as confirmed cases top 6,000","The FDA says 6,358 cyclospora cases are now linked to contaminated iceberg lettuce from Taylor Farms de Mexico, with 278 hospitalizations and two deaths.",https://www.foxnews.com/health/fda-widens-cyclospora-outbreak-investigation-six-more-states-confirmed-cases-top-6000,https://static.foxnews.com/foxnews.com/content/uploads/2026/08/lettuce-crop-watered-bakersfield-california.jpg,2026-08-06T11:38:51Z,"The Food and Drug Administration (FDA) expanded its investigation of the Cyclospora outbreak on Wednesday, announcing that there are thousands of confirmed cases across more than a dozen states.
The… [+2316 chars]",fox-news,Fox News
,Trump's decade of assassination threats runs from Butler shooting to latest golf club breach,"From a 2016 rally gun grab to the 2026 White House Correspondents' Association Dinner attack, a timeline of assassination attempts and plots targeting Trump.",https://www.foxnews.com/us/trumps-decade-assassination-threats-butler-shooting-latest-golf-club-breach,https://static.foxnews.com/foxnews.com/content/uploads/2025/11/trump-rally-in-butler-pa.png,2026-08-06T11:30:41Z,"President Donald Trumps decade in national politics has been continuously haunted by gunshots, armed stalkers and thwarted plots.
Two years after surviving a sniper's bullet in Butler, Pennsylvania,… [+6081 chars]",fox-news,Fox News
,US pauses government operations in cartel-ridden Mexican state,"The U.S. said “due to a threat against American interests,"" U.S. government activities in Mexico's western Michoacan State ""have been suspended.""",https://www.foxnews.com/politics/us-pauses-government-operations-cartel-ridden-mexican-state,https://static.foxnews.com/foxnews.com/content/uploads/2026/08/michoacan-civil-guard-patrol-highway.jpg,2026-08-06T11:20:06Z,"The U.S. State Department said a ""threat against American interests"" forced the United States to suspend all of its government activities in a Mexican state where visitors face a risk of violence ""fr… [+2991 chars]",fox-news,Fox News
,"Coco Gauff appears to support WTA efforts to protect sport's fairness, laments 'attack' on trans community",Coco Gauff voiced support for the WTA's SRY gene-testing policy while expressing concern about animosity directed at the transgender community.,https://www.foxnews.com/outkick-sports/coco-gauff-supports-wta-efforts-protect-sports-fairness-laments-attack-trans-community,https://static.foxnews.com/foxnews.com/content/uploads/2026/08/coco-gauff-wimbledon-semifinal-reaction.jpg,2026-08-06T11:19:11Z,"American tennis star Coco Gauff addressed the Womens Tennis Associations (WTA) SRY gene-testing policy to protect fair competition in the sport.
Gauff appeared to back the new policy meant to keep m… [+2675 chars]",fox-news,Fox News
,Iran’s deepest weakness is getting exposed through America’s maximum pressure campaign,"Trump's maximum pressure campaign combines naval blockades, sanctions on oil brokers and air strikes against the IRGC as Iran's economy crumbles.",https://www.foxnews.com/opinion/irans-deepest-weakness-exposed-americas-maximum-pressure-campaign,https://static.foxnews.com/foxnews.com/content/uploads/2026/07/iran-war-strike.jpg,2026-08-06T11:00:57Z,"The United States finds itself in a protracted standoff with the Islamic Republic of Iran which, in many respects, it has been in for decades. The difference this time is the opportunity to do lastin… [+5586 chars]",fox-news,Fox News
,Trump's endorsement collides with $1.3M effort to oust House ally,Trump's endorsement faces a major test as Rep. Andy Ogles battles Charlie Hatcher in Tennessee's 5th Congressional District Republican primary.,https://www.foxnews.com/politics/trumps-endorsement-collides-1-3m-effort-oust-house-ally,https://static.foxnews.com/foxnews.com/content/uploads/2026/08/us-president-donald-trump.jpg,2026-08-06T11:00:55Z,"A key congressional primary race will serve as a test of President Donald Trump's political weight on Thursday night.
Voters in Tennessee's 5th Congressional District are headed to the polls to deci… [+4638 chars]",fox-news,Fox News
,"Nancy Guthrie's Tucson neighborhood searched again after monsoon shifts landscape, neighbor says",Investigators searched brush behind Nancy Guthrie's Tucson home as monsoon rains may have shifted evidence in the six-month disappearance case.,https://www.foxnews.com/us/nancy-guthrie-tucson-neighborhood-searched-again-monsoon-shifts-landscape-neighbor-says,https://static.foxnews.com/foxnews.com/content/uploads/2026/07/savannah-guthrie-mom-nancy-missing-fox-news-216-023.jpg,2026-08-06T11:00:54Z,"TUCSON, Ariz. A neighbor of Nancy Guthrie's in the Catalina Foothills tells Fox News Digital she saw the FBI return to search the brush behind the missing 84-year-old's home days before her unsolved … [+3507 chars]",fox-news,Fox News
,Inside America's laser revolution as the military nears big battlefield breakthrough,"The Army is nearing a contract for its first operational laser weapon system after successful testing, marking a major directed energy milestone.",https://www.foxnews.com/politics/inside-americas-laser-revolution-military-nears-big-battlefield-breakthrough,https://static.foxnews.com/foxnews.com/content/uploads/2026/08/ukraine-laser.jpg,2026-08-06T11:00:46Z,"For decades, laser weapons have represented one of the Pentagon's most ambitious technological goals promising to shoot down enemy drones and missiles at the speed of light without expending costly i… [+5407 chars]",fox-news,Fox News
,Holy Land discovery reveals ancient charred relics from one of Jerusalem's darkest chapters,"Archaeologists reveal that charred wooden beams found beneath a parking lot in the City of David may date to the Babylonian destruction of Solomon's Temple 2,600 years ago.",https://www.foxnews.com/travel/holy-land-discovery-reveals-ancient-charred-relics-one-jerusalems-darkest-chapters,https://static.foxnews.com/foxnews.com/content/uploads/2026/08/ISRAEL-FIRST-TEMPLE-DESTRUCTION-ASHES-FOUND-SOLOMON-ANCIENT-DISCOVERY-HISTORY-ARCHAEOLOGY-1.jpg,2026-08-06T11:00:34Z,"Archaeologists recently uncovered charred wooden beams in Jerusalem dating back roughly 2,600 years likely remnants of the destruction of Solomon's Temple.
The discovery, which was found beneath a p… [+3429 chars]",fox-news,Fox News
,Socialist frontrunner’s tradition-trashing holiday rants come back to bite her: ‘Worst of humanity comes out’,"Francesca Hong's resurfaced posts reveal complaints about Thanksgiving, Halloween, and fireworks, drawing mockery in the Wisconsin gubernatorial race.",https://www.foxnews.com/politics/socialist-frontrunners-tradition-trashing-holiday-rants-come-back-bite-her-worst-humanity-comes-out,https://static.foxnews.com/foxnews.com/content/uploads/2026/08/hong-omar-piker-rally-fox-news.jpg,2026-08-06T11:00:01Z,"Wisconsin state Rep. Francesca Hong may be leading the Democratic gubernatorial primary, but resurfaced social media posts suggest she has a problem with some of Americas biggest holidays.
Hong, a d… [+3162 chars]",fox-news,Fox News
,New York Times-owned Athletic podcast trashes female athletes who defend women’s sports,"Sophie Cunningham and Riley Gaines became targets of a ""Sports Gossip Show"" segment that treated women’s sports advocacy as a political grift.",https://www.foxnews.com/outkick-sports/new-york-times-owned-athletic-podcast-trashes-female-athletes-defend-womens-sports,https://static.foxnews.com/foxnews.com/content/uploads/2026/08/riley-gaines-sophie-cunningham-jen-sey-xx-xy-athletics-indiana-fever.jpg,2026-08-06T10:45:51Z,"The New York Times-owned Athletic distributed a podcast this week in which one host dismissed a 12-time All-American swimmer as ""not even a very good one,"" while another smirked and laughed at an eig… [+12119 chars]",fox-news,Fox News
,Canadian accused of attacking teen over 'Trump' and 'ICE' pants ordered deported: DHS,Surveillance footage shows Kaitlyn Tracey allegedly striking a teen twice over her Trump and ICE sweatpants on the Point Pleasant boardwalk.,https://www.foxnews.com/us/canadian-accused-attacking-teen-trump-ice-pants-ordered-deported-dhs,https://static.foxnews.com/foxnews.com/content/uploads/2026/08/Tracey.jpg,2026-08-06T10:30:24Z,"A Canadian woman accused of attacking a teenager over his ""Trump"" and ""ICE"" pants has been ordered to be deported back to the Great White North.
An immigration judge in Texas ordered Kaitlyn Tracey … [+2272 chars]",fox-news,Fox News
,GOP dropout candidate puts 'communist' opponent on notice after stunning comeback win,"Tom Smith suggested at an event following Tuesday's statewide primaries in Michigan that he will be resuming his run in Michigan's 8th Congressional District, despite recently suspending his campaign.",https://www.foxnews.com/politics/gop-dropout-candidate-puts-communist-opponent-notice-after-stunning-comeback-win,https://static.foxnews.com/foxnews.com/content/uploads/2026/08/thomas-smith-for-congress-1.jpg,2026-08-06T10:30:06Z,"A Michigan Republican who suspended his campaign, endorsed one of his opponents and then won the primary anyway is back on the trail and promising to take the fight to Democratic Rep. Kristen McDonal… [+2175 chars]",fox-news,Fox News
,"Michigan Gov Whitmer congratulates El-Sayed, expressing support after backing his opponent in Dem primary","Michigan Gov. Gretchen Whitmer, who had endorsed U.S. Rep. Haley Stevens in the Michigan Democratic U.S. Senate primary, expressed support for Abdul El-Sayed after the candidate won the contest.",https://www.foxnews.com/politics/michigan-gov-whitmer-congratulates-el-sayed-expressing-support-backing-opponent-dem-primary,https://static.foxnews.com/foxnews.com/content/uploads/2026/08/706cb427-gretchen-whitmer-february-2026.jpg,2026-08-06T10:06:05Z,"Michigan Gov. Gretchen Whitmer on Wednesday expressed her support for state Democratic U.S. Senate primary winner Abdul El-Sayed after backing his opponent, U.S. Rep. Haley Stevens, in the contest.
… [+1532 chars]",fox-news,Fox News
,"Prince William faces 'work-shy' criticism but is secretly running monarchy like a CEO, expert says","Dan Wakeford, founder of Celebrity Intelligence, told Fox News Digital the heir to the British throne is approaching royal duty in a different way",https://www.foxnews.com/entertainment/prince-william-faces-work-shy-criticism-secretly-running-monarchy-like-ceo-expert-says,https://static.foxnews.com/foxnews.com/content/uploads/2026/08/Prince-William-Kate-Middleton-Royal-Crowd.jpg,2026-08-06T10:00:59Z,"Prince William has been branded ""work-shy"" for years, but one royal expert says the heir to the British throne is quietly executing a CEO-style strategy designed to secure the monarchy's future.
Dan… [+6545 chars]",fox-news,Fox News
,Primary showdown: Conservative firebrand Marsha Blackburn eyes governor's office in Tennessee,"Marsha Blackburn leads Tennessee's Republican gubernatorial primary despite Trump staying neutral, while key congressional races reshape the state's map.",https://www.foxnews.com/politics/primary-showdown-conservative-firebrand-marsha-blackburn-eyes-governors-office-tennessee,https://static.foxnews.com/foxnews.com/content/uploads/2026/08/Marsha-Blackburn.jpg,2026-08-06T10:00:58Z,"Conservative firebrand Sen. Marsha Blackburn of Tennessee is aiming to change her work address from Washington D.C. to Nashville.
The former longtime congresswoman and two-term senator with a robust… [+2720 chars]",fox-news,Fox News
,Madison Brooks’ mom slams attempt to ban pink at trial for slain LSU student: ‘We wear it to honor her’,"Desmond Carter's defense wants to ban spectators from wearing pink in court, but Madison Brooks' mother says the color honors her daughter's memory.",https://www.foxnews.com/us/madison-brooks-mom-slams-attempt-ban-pink-trial-slain-lsu-student-we-wear-it-honor-her,https://static.foxnews.com/foxnews.com/content/uploads/2026/08/Madison-Brooks-mom-slams-attempt-to-ban-pink-at-trial.jpg,2026-08-06T10:00:56Z,"""It's not about anyone except for Madison,"" says Ashley Baustert.
She is the mother to the Louisiana State University student Madison Brooks, who was allegedly gang-raped before she was hit by a car… [+3042 chars]",fox-news,Fox News
,"‘The Shack’ author expects more Christian criticism with sequel, but will take it in stride","William P. Young suggets his sequel ""Return to the Shack"" will again draw pushback from Christians who hold what he calls a fear-based religion.",https://www.foxnews.com/media/shack-author-expects-more-christian-criticism-sequel-will-take-stride,https://static.foxnews.com/foxnews.com/content/uploads/2026/07/media_py_-1.jpg,2026-08-06T10:00:52Z,"Some Christians dismissed author William P. Youngs novel ""The Shack"" as heresy for its portrayal of the Holy Trinity, and he said he expects more pushback on his sequel.
""The Shack,"" which was also … [+5716 chars]",fox-news,Fox News
,"Gen Keane questions whether Pakistan, Saudi Arabia and Qatar can be trusted in Iran talks","Retired Gen. Jack Keane accuses Pakistan, Qatar and Saudi Arabia of being compromised mediators who steer Trump away from military pressure on Iran.",https://www.foxnews.com/world/gen-keane-questions-whether-pakistan-saudi-arabia-qatar-trusted-iran-talks,https://static.foxnews.com/foxnews.com/content/uploads/2025/11/mbs-trump-deals-white-house.png,2026-08-06T10:00:38Z,"Retired Army Gen. Jack Keane questioned whether Pakistan, Qatar and Saudi Arabia can be trusted to help shape negotiations with Iran, accusing the regional partners of steering President Donald Trump… [+8330 chars]",fox-news,Fox News
,Senate moves to unshackle America's drivers from California's 'climate zealots',Senate Republicans target EPA waivers under the Clean Air Act that gave California authority over vehicle emissions and gas-powered lawn equipment.,https://www.foxnews.com/politics/senate-moves-unshackle-americas-drivers-californias-climate-zealots,https://static.foxnews.com/foxnews.com/content/uploads/2026/08/california-gas-station-red-volkswagon.jpg,2026-08-06T10:00:30Z,FIRST ON FOX: Senate Republicans are launching a multi-front effort targeting the legal framework they say allows California to exert outsized influence over vehicle and equipment emissions standards… [+6448 chars],fox-news,Fox News
,"Popular smoothie ingredient may reduce one key health benefit, study suggests","A viral video claims bananas degrade blueberry benefits in smoothies, based on recent research, but dietitians argue that fruit shouldn't be villainized.",https://www.foxnews.com/health/popular-smoothie-ingredient-may-reduce-one-key-health-benefit-study-suggests,https://static.foxnews.com/foxnews.com/content/uploads/2026/08/woman-making-banana-smoothie.jpg,2026-08-06T10:00:29Z,"Bananas are a smoothie staple, but a viral social media video has raised questions about whether they could reduce the nutritional benefits of other ingredients, such as blueberries.
In a July appea… [+6394 chars]",fox-news,Fox News
,Dannon's decision to kill beloved yogurt sparks fan revolt: 'It's what I got out of bed for',"Dannon coffee yogurt fans launched a petition and flooded social media after the beloved flavor was discontinued, but the company hints at a return.",https://www.foxnews.com/food-drink/dannons-decision-kill-beloved-yogurt-sparks-fan-revolt-its-what-i-got-out-bed-for,https://static.foxnews.com/foxnews.com/content/uploads/2026/08/dannon_yogurt_store.jpg,2026-08-06T13:56:07Z,"Dannon's coffee-flavored yogurt earned a cultlike following over the decades. Now that it's disappeared from store shelves, longtime devotees have launched a petition to bring it back, flooded social… [+4245 chars]",fox-news,Fox News
,"Justin Herbert's body language changes as Madison Beer continues to pet him, school supplies & Yan celebrates","From prime rib and surf and turf in college cafeterias to maid service in dorms, modern campus amenities are blowing parents' minds this fall.",https://www.foxnews.com/outkick-sports/justin-herbert-body-language-changes-madison-beer-continues-pet-ripped-tom-brady-yan-celebrates,https://static.foxnews.com/foxnews.com/content/uploads/2026/05/madison-beer-put-justin-herbert-in-her-music-video.jpeg,2026-08-06T13:53:03Z,"Let's get Thursday Screencaps rolling with a few hot topics that have popped up this week, including more on the life of modern college students. So many of you are preparing to send off your kids. L… [+6147 chars]",fox-news,Fox News
,Fetterman answers whether he'll cross the aisle to confirm Trump AG nominee Todd Blanche,"John Fetterman says he won't vote for Todd Blanche as attorney general, breaking from his pattern of supporting Trump's DOJ and cabinet picks.",https://www.foxnews.com/politics/fetterman-answers-whether-hell-cross-aisle-confirm-trump-ag-nominee-todd-blanche,https://static.foxnews.com/foxnews.com/content/uploads/2026/08/Fetterman_Blanche.jpg,2026-08-06T13:37:05Z,"Sen. John Fetterman, D-Pa., said Wednesday he would not vote for acting Attorney General Todd Blanche to officially take over the role leading the Department of Justice.
During a Wednesday appearanc… [+2717 chars]",fox-news,Fox News
,"Trump told donors 'we need to elect JD,' source confirms, as he weighs Vance or Rubio in 2028","President Donald Trump told Republican donors ""we need to elect JD"" in a private Oval Office meeting, a source confirmed to Fox News Digital.",https://www.foxnews.com/politics/trump-told-donors-we-need-elect-jd-source-confirms-weighs-vance-rubio-2028,https://static.foxnews.com/foxnews.com/content/uploads/2026/01/jd-vance-donald-trump-marco-rubio.jpg,2026-08-06T13:35:49Z,"President Donald Trump has publicly been coy on whether he might back Vice President JD Vance or Secretary of State Marco Rubio to succeed him in the White House, but private comments to donors sugge… [+5660 chars]",fox-news,Fox News
,Women's advocacy leader asks 'why have a WNBA if we're going to allow guys in' amid trans debate,American Heritage Girls founder praises Sophie Cunningham's courage on trans athletes while expressing disappointment in Caitlin Clark's silence.,https://www.foxnews.com/outkick-sports/womens-advocacy-leader-asks-why-have-wnba-if-were-going-allow-guys-amid-trans-debate,https://static.foxnews.com/foxnews.com/content/uploads/2026/08/sophie-cunningham-signing.jpg,2026-08-06T13:29:15Z,"Sophie Cunningham is grabbing the attention of women's advocacy groups.
Patti Garibay founded American Heritage Girls in 1993 as a way to keep faith in the Girl Scout mission, but as she feels biolo… [+2873 chars]",fox-news,Fox News
,"Shaq pours cold water on WNBA's gambling post, reflects on players' 'professional jealousy' of Caitlin Clark","Shaquille O'Neal weighed in on the Angel Reese and Paige Bueckers wager the ""professional jealousy"" Caitlin Clark has faced in the WNBA.",https://www.foxnews.com/sports/shaq-pours-cold-water-wnba-gambling-post-reflects-players-professional-jealousy-caitlin-clark,https://static.foxnews.com/foxnews.com/content/uploads/2026/06/caitlin-clark-angel-fox-news-001.jpeg,2026-08-06T13:19:44Z,"The WNBA has been under critical fire since the first day Caitlin Clark joined the league.
While being in the midst of culture war battles, Clark has also been the victim of some hard fouls due to w… [+2401 chars]",fox-news,Fox News
,Fauci held in contempt as COVID cellphone lands in hands of Senate investigators,Sen. Rand Paul's committee voted to hold Anthony Fauci in contempt of Congress after he invoked the Fifth Amendment over 100 times at his hearing.,https://www.foxnews.com/politics/fauci-held-contempt-covid-cellphone-lands-hands-of-senate-investigators,https://static.foxnews.com/foxnews.com/content/uploads/2026/07/anthony-fauci-senate-hearing-fifth-amendment.jpg,2026-08-06T13:13:09Z,Senate Republicans moved to hold Dr. Anthony Fauci in contempt of Congress in their pursuit of forcing the former architect of the nations COVID-19 response to go on record about his actions leading … [+3538 chars],fox-news,Fox News
,Social media explodes as WNBA star Kelsey Plum leaps into the arms of opposing coach during play,"Kelsey Plum barreled into opposing coach Karl Smesko's arms during the Phoenix-Atlanta game, and social media could not stop talking about the moment.",https://www.foxnews.com/outkick-sports/social-media-explodes-wnba-star-kelsey-plum-leaps-arms-opposing-coach-during-play,https://static.foxnews.com/foxnews.com/content/uploads/2026/08/kelsey-plum-phoenix-mercury-chicago-sky.jpg,2026-08-06T13:10:37Z,"Another night, and another ""Only in the WNBA"" moment. Thankfully, this one had nothing to do with racism, men playing women's sports, or Angel Reese missing a 2-foot layup.
Nope. This one was just s… [+1990 chars]",fox-news,Fox News
,Mom of slain Citadel cadet says son was 'such a light' as expert flags cellphones as potential motive break,"Dustin Rose's cellphone may reveal why he and Samson Campbell were killed in DeLand, Florida, as a former homicide detective explains the forensic audit.",https://www.foxnews.com/us/mom-slain-citadel-cadet-says-son-such-light-expert-flags-cellphones-potential-motive-break,https://static.foxnews.com/foxnews.com/content/uploads/2026/08/Rose-Campbell-3.jpg,2026-08-06T13:00:34Z,"The mother of a Citadel cadet killed alongside his best friend remembered her son as ""such a light,"" while a former detective said the two victims' cellphones may hold the answer to why they were sla… [+3484 chars]",fox-news,Fox News
,Democratic Socialists of America need to actually meet the China they claim to love,"DSA members pledged support for the Chinese Communist Party after VIP trips, raising questions about their understanding of China's authoritarian rule.",https://www.foxnews.com/opinion/democratic-socialists-america-need-actually-meet-china-they-claim-love,https://static.foxnews.com/foxnews.com/content/uploads/2026/05/minneapolis-may-day-dsa-sign-protesters.jpeg,2026-08-06T13:00:28Z,"To be sure, the Democratic Socialists of America (DSA) seems to be growing as it further intrigues those either too desperate, too ignorant, or too hate-filled to ascertain the danger it represents t… [+7006 chars]",fox-news,Fox News
,Sophie Cunningham addresses the fallout over her stance on trans athletes not belonging in women's sports,Sophie Cunningham addressed the fallout from her stance against biological males in women's locker rooms and sports during a USA Network broadcast.,https://www.foxnews.com/outkick-sports/sophie-cunningham-addresses-fallout-stance-trans-athletes-womens-sports,https://static.foxnews.com/foxnews.com/content/uploads/2026/08/sophie-cunningham-elle-duncan-featured.jpg,2026-08-06T12:45:15Z,"Indiana Fever star Sophie Cunningham does not believe that female athletes should have to share a locker room or compete against biological males.
For simply protecting women's sports and young girl… [+3250 chars]",fox-news,Fox News
,One-wheeled AI security robot could patrol your property,The 1Rollo one-wheeled AI security robot uses a spinning flywheel to balance while patrolling properties at speeds up to 19 mph on a single charge.,https://www.foxnews.com/tech/one-wheeled-ai-security-robot-patrol-property,https://static.foxnews.com/foxnews.com/content/uploads/2026/08/1Rollo-Autonomous-Security-Robot.jpg,2026-08-06T12:27:35Z,"What if the next security guard rolling past your office had one wheel and never needed a coffee break? That is the pitch behind 1Rollo, a one-wheeled AI security robot from Estonian startup Rollo Ro… [+8843 chars]",fox-news,Fox News
,Mets reliever sets baseball world on fire with the cockiest strikeout celebration in MLB history,"Jefry Yan's wild MLB debut celebration saw the Mets reliever smack the ground after his first strikeout, and Jose Ramirez already mocked him for it.",https://www.foxnews.com/outkick-sports/mets-reliever-sets-baseball-world-fire-cockiest-strikeout-celebration-mlb-history,https://static.foxnews.com/foxnews.com/content/uploads/2026/08/jefry-yan-mets-strikeout-debut.jpg,2026-08-06T12:26:03Z,"You play, and then cover baseball long enough, you think you've seen it all. I've been in this game a long time.
Hand up, I thought I'd pretty much seen it all ...
... Until New York Mets reliever … [+2175 chars]",fox-news,Fox News
,"The 8 healthiest beans you should be eating more often, according to nutrition expert","A nutrition expert reveals the eight healthiest beans and legumes for protein, fiber and cholesterol benefits, plus easy ways to prep canned beans.",https://www.foxnews.com/food-drink/8-healthiest-beans-you-should-eating-more-often-according-nutrition-expert,https://static.foxnews.com/foxnews.com/content/uploads/2026/08/fde97c81-black_beans.jpg,2026-08-06T12:00:54Z,"Beans and legumes are affordable, protein-packed and health-promoting foods that deserve a more prominent place on your plate, health experts say.
""Fewer than 14% of American adults eat beans on a g… [+4767 chars]",fox-news,Fox News
,Thomas Rhett reveals why he and wife Lauren reject celebrity perks for country life,"The country singer says wife, Lauren Akins, craves simplicity and normalcy, admitting the rush of performing for thousands made him struggle at home.",https://www.foxnews.com/entertainment/thomas-rhett-reveals-why-he-wife-lauren-reject-celebrity-perks-country-life,https://static.foxnews.com/foxnews.com/content/uploads/2026/08/thomas-rhett-and-wife-lauren.jpg,2026-08-06T12:00:49Z,"Thomas Rhett admitted this week that his wife didnt think he was going to become a famous country singer.
""We've definitely had our fair share of ups and downs, cause I think that Lauren really she … [+5928 chars]",fox-news,Fox News
,Eyewitness describes suspicious encounter that helped launch Washington wildfire arson probe,A Washington grandfather says he spotted a stranger bent over near railroad tracks minutes before smoke erupted and the Old Trails Fire ignited.,https://www.foxnews.com/us/eyewitness-describes-suspicious-encounter-helped-launch-washington-wildfire-arson-probe,https://static.foxnews.com/foxnews.com/content/uploads/2026/08/Spokane-Fire-Damage-005.jpg,2026-08-06T12:00:23Z,A Washington grandfather said a stranger lingering near a dead-end road where almost nobody goes immediately caught his attention moments before smoke began rising from the same stretch of railroad t… [+8712 chars],fox-news,Fox News
,"USA Women's Basketball roster reveal for FIBA World Cup features awkward Caitlin Clark, Angel Reese pairing",Caitlin Clark and Angel Reese will share the court as bitter rivals on the USA Basketball roster for the 2026 FIBA Women's World Cup in Germany.,https://www.foxnews.com/outkick-sports/usa-womens-basketball-roster-reveal-fiba-world-cup-features-awkward-caitlin-clark-angel-reese-pairing,https://static.foxnews.com/foxnews.com/content/uploads/2025/05/clark-fouling-reese.jpg,2026-08-06T15:54:58Z,"With the 2026 FIBA Women's World Cup less than a month away, USA Basketball announced its final roster for the tournament.
While you'll find plenty of familiar faces from the WNBA up and down the ro… [+2257 chars]",fox-news,Fox News
,Tim McGraw and Faith Hill's daughter says weight-loss drugs led to the return of her eating disorder,Gracie McGraw reveals how Ozempic brought back her eating disorder after being prescribed the weight loss drug for her PCOS diagnosis in 2022.,https://www.foxnews.com/entertainment/tim-mcgraw-faith-hills-daughter-weight-loss-drugs-led-return-eating-disorder,https://static.foxnews.com/foxnews.com/content/uploads/2026/08/gracie-mcgraw-1.jpg,2026-08-06T15:48:56Z,"Gracie McGraw, the eldest daughter of Tim McGraw and Faith Hill, is opening up about her experience with weight-loss drugs, saying the Ozempic craze contributed to the return of her eating disorder.… [+3992 chars]",fox-news,Fox News
,Mets moneyline bet makes sense as Foster Griffin faces first start with Cleveland Guardians,Nolan McLean's dominant road ERA faces the Cleveland Guardians as Foster Griffin makes his debut with a new team in a key wild card race matchup.,https://www.foxnews.com/outkick-sports/mets-moneyline-bet-makes-sense-foster-griffin-faces-first-start-cleveland-guardians,https://static.foxnews.com/foxnews.com/content/uploads/2025/08/mlb-mets-nolan-mclean-082825-3.jpg,2026-08-06T15:45:36Z,"With the dust settling from the trade deadline, teams are turning to the postseason focus. Baseball implemented a new path with three Wild Card teams for each league a few years ago, and it seems lik… [+3267 chars]",fox-news,Fox News
,FBI’s ‘clever’ Trump-Russia probe codename ignites suspicion something deeper was at play,"Jeff Clark alleges the FBI deliberately misspelled its Trump-Russia probe name ""Oxferd C0mma"" using a zero to foil FOIA requests and hide records.",https://www.foxnews.com/politics/fbis-clever-trump-russia-probe-codename-ignites-suspicion-something-deeper-play,https://static.foxnews.com/foxnews.com/content/uploads/2025/11/comey-trump-sidebyside.jpg,2026-08-06T15:38:37Z,The White House on Wednesday released declassified FBI memos showing the bureau investigated whether President Donald Trumps firing of James Comey was tied to Russia under the oddly spelled codename … [+4037 chars],fox-news,Fox News
,"Pete Crow-Armstrong gets honest about MVP race with Shohei Ohtani, jokes he needs to start pitching",Pete Crow-Armstrong and Shohei Ohtani are now co-favorites for NL MVP after their epic Wrigley Field duel featuring four combined home runs.,https://www.foxnews.com/outkick-sports/pete-crow-armstrong-honest-mvp-race-shohei-ohtani-jokes-needs-start-pitching,https://static.foxnews.com/foxnews.com/content/uploads/2026/08/pca-smile-featured-mvp.jpg,2026-08-06T15:37:06Z,"For the first time since joining the Los Angeles Dodgers ahead of the 2024 MLB season, Shohei Ohtani isn't running the National League MVP race alone. Chicago Cubs star Pete Crow-Armstrong has joined… [+2182 chars]",fox-news,Fox News
,Iran’s president blames foreign pressure as expert warns regime's economy nears breaking point,"Reports of Iranians stealing bread, cheese and meat from supermarkets align with food inflation exceeding 112%, raising fears of a breaking point.",https://www.foxnews.com/world/irans-president-blames-foreign-pressure-expert-warns-regimes-economy-nears-breaking-point,https://static.foxnews.com/foxnews.com/content/uploads/2026/08/iranian-president-masoud-pezeshkian.jpg,2026-08-06T15:33:13Z,"Reports of Iranians stealing bread, cheese, meat and other basic groceries are fueling concerns that the countrys worsening economic crisis is pushing households toward a breaking point.
An investig… [+4698 chars]",fox-news,Fox News
,Podiatrists say these Brooks sneakers can help with plantar fasciitis — now under $100 on Amazon,"Foot doctors say these Brooks sneakers provide extra stability, especially if you have plantar fasciitis. They're more than $40 off on Amazon right now, bringing the price below $100.",https://www.foxnews.com/deals/amazon-brooks-sneakers-plantar-fasciitis-deal,https://static.foxnews.com/foxnews.com/content/uploads/2026/08/running.jpg,2026-08-06T15:23:30Z,The Brooks Adrenaline GTS 24 is a favorite among FOX readers and foot specialists thanks to its supportive design and all-day comfort. Doctor of Podiatric Medicine Gregory Alvarez recommends the well… [+2643 chars],fox-news,Fox News
,Fetterman wins praise for 'guts' after going toe-to-toe with Jon Stewart over Israel support,"Comedian and talk show host Jon Stewart pressed Sen. John Fetterman, D-Pa., on why Israel is a breaking point for him on members of the Democratic Party.",https://www.foxnews.com/media/fetterman-wins-praise-guts-after-going-toe-to-toe-jon-stewart-over-israel-support,https://static.foxnews.com/foxnews.com/content/uploads/2025/06/john-fetterman.jpg,2026-08-06T15:15:13Z,"A Republican Jewish organization praised Sen. John Fetterman, D-Pa., for his ""guts"" after talk show host Jon Stewart clashed with Fetterman over his ""red line"" support for Israel. The senator called … [+3721 chars]",fox-news,Fox News
,A'ja Wilson and the Aces face Caitlin Clark's Fever in marquee WNBA regular season matchup,A'ja Wilson and the Las Vegas Aces face Caitlin Clark's Indiana Fever with both Aliyah Boston and Clark listed as game-time decisions tonight.,https://www.foxnews.com/sports/aja-wilson-aces-face-caitlin-clark-fever-marquee-wnba-regular-season-matchup,https://static.foxnews.com/foxnews.com/content/uploads/2025/09/aja-wilson-mvp.jpg,2026-08-06T15:03:07Z,"The WNBA season is winding down, and we will have the playoffs sooner than you know it. Most teams have around 15 games remaining, and the playoffs officially start Sept. 27. The bad news for the lea… [+3588 chars]",fox-news,Fox News
,Luigi Mangione seeks polished look with bid to ditch jail clothes for hearing in CEO slaying case,Luigi Mangione's defense asks a federal judge to let him wear civilian clothes at his Aug. 11 court appearance in the UnitedHealthcare CEO assassination case.,https://www.foxnews.com/us/luigi-mangione-seeks-polished-look-bid-ditch-jail-clothes-hearing-ceo-slaying-case,https://static.foxnews.com/foxnews.com/content/uploads/2026/05/luigi-mangione-evidence-suppression-hearing-brian-thompson-unitedhealthcare-ceo-shooting-05-18-2026-fox-news-025.jpg,2026-08-06T14:59:38Z,"Luigi Mangione's defense team is making another pretrial push ahead of the accused CEO killer's next court appearance, asking a federal judge to let him ditch his jail attire and wear civilian clothi… [+2820 chars]",fox-news,Fox News
,WATCH: GOP split over Rand Paul’s DOJ strategy in Fauci contempt push,Sen. Rand Paul says he plans to send a criminal contempt referral directly to the Department of Justice after Anthony Fauci invoked the Fifth Amendment.,https://www.foxnews.com/politics/gop-split-rand-paul-doj-strategy-fauci-contempt-push,https://static.foxnews.com/foxnews.com/content/uploads/2026/08/hawley-fauci-split.jpg,2026-08-06T14:59:07Z,"Republican senators debated Sen. Rand Paul's, R-Ky., plan to send a criminal contempt referral against former White House COVID advisor Anthony Fauci directly to the Department of Justice, raising qu… [+3768 chars]",fox-news,Fox News
,Eric Bieniemy’s son believed to have called cops saying 'his parents' cut off his access to weapons: report,A call to police two days before the shooting reveals a man believed to be Elijah Bieniemy complained his parents were withholding his firearms at their Ashburn home.,https://www.foxnews.com/sports/eric-bieniemy-son-believed-called-cops-saying-parents-cut-off-access-weapons-report,https://static.foxnews.com/foxnews.com/content/uploads/2026/07/Bieniemy-Mugshot.jpg,2026-08-06T14:52:55Z,"A person believed to be Elijah Bieniemy, the son of Kansas City Chiefs offensive coordinator Eric, called police two days before he allegedly shot his mother saying he could not access his weapons fr… [+2401 chars]",fox-news,Fox News
,"Trump says US has 'massive' munitions stockpile, vows 'treasonous' leakers being hunted down","Trump says the U.S. has a ""massive"" munitions stockpile and vows ""treasonous"" leakers will face long jail sentences after reports of depleted weapons.",https://www.foxnews.com/politics/trump-says-us-massive-munitions-stockpile-vows-treasonous-leakers-being-hunted-down,https://static.foxnews.com/foxnews.com/content/uploads/2026/08/donald-trump-las-vegas.jpg,2026-08-06T14:44:39Z,"President Donald Trump declared Thursday that the U.S. has a ""massive"" munitions stockpile and ""treasonous"" leakers are ""being hunted down"" after reports emerged claiming the U.S. Army has burned thr… [+3597 chars]",fox-news,Fox News
,Sanders' answer when asked if he will endorse socialist Hong in Wisconsin sparks instant mockery: 'Says a lot',"Bernie Sanders says he won't endorse DSA member Francesca Hong's Wisconsin governor bid, sparking mockery given his support for other candidates.",https://www.foxnews.com/politics/sanders-answer-asked-endorse-socialist-hong-wisconsin-sparks-instant-mockery-says-lot,https://static.foxnews.com/foxnews.com/content/uploads/2026/08/bernie-hong.jpg,2026-08-06T14:34:28Z,"Sen. Bernie Sanders, I-Vt., was asked if he will endorse Democratic Socialist of America (DSA) member Francesca Hongs Wisconsin gubernatorial bid and his response sparked immediate mockery on social … [+3219 chars]",fox-news,Fox News
,"Miss North Carolina USA loses crown after organizer condemns 'racism, homophobia, transphobia'",Brittany Boltinhouse lost her Miss North Carolina USA crown weeks before the national pageant over conduct the organization says violated its standards.,https://www.foxnews.com/us/miss-north-carolina-usa-loses-crown-organizer-condemns-racism-homophobia-transphobia,https://static.foxnews.com/foxnews.com/content/uploads/2026/08/Brittany-Boltinhouse-IG-1.2.jpg,2026-08-06T14:28:27Z,"Miss North Carolina USA was stripped of her crown weeks before the Miss USA pageant after organizers cited an extended pattern of conduct violating the organization's standards.
Miss USA Chairman Th… [+3088 chars]",fox-news,Fox News
,NCAA ignored the warnings. Now It's fighting for survival in courtrooms across America over eligibility,The NCAA's decision to exclude the 2022 class from its five-year eligibility rule triggered a wave of lawsuits and court injunctions nationwide.,https://www.foxnews.com/outkick-sports/ncaa-ignored-warnings-fighting-survival-courtrooms-across-america-eligibility,https://static.foxnews.com/foxnews.com/content/uploads/2026/08/ncaa-mens-basketball-tournament-charlotte.jpg,2026-08-06T14:25:13Z,"The NCAA has spent the past few years pleading with Congress to help rein in the chaos engulfing college athletics, with a large chunk of the focus centered on the wave of lawsuits challenging studen… [+9306 chars]",fox-news,Fox News
,JD Vance praises Sophie Cunningham for 'Save Women's Sports' activism,"JD Vance calls Sophie Cunningham's women's sports stance courageous, saying she inspires others as rallies continue at Indiana Fever WNBA games.",https://www.foxnews.com/outkick-sports/jd-vance-praises-sophie-cunningham-save-womens-sports-activism,https://static.foxnews.com/foxnews.com/content/uploads/2026/08/JDvance-sophie.png,2026-08-06T14:05:24Z,"Vice President JD Vance addressed the national attention on Indiana Fever star Sophie Cunningham.
During an interview on Fox News' ""Ingraham Angle,"" Vance was asked about Cunningham and her new foll… [+2368 chars]",fox-news,Fox News
,"Dem senator presses OpenAI, Anthropic for answers in AI hacking probe",Sen. Lisa Blunt Rochester demands security logs and transcripts from OpenAI and Anthropic after AI agents allegedly hacked third parties during testing.,https://www.foxnews.com/politics/dem-senator-presses-openai-anthropic-answers-ai-hacking-probe,https://static.foxnews.com/foxnews.com/content/uploads/2026/08/Altman-Amodei-Blunt-Rochester-Split-Photo-1.jpg,2026-08-06T14:03:15Z,"Revelations of OpenAI and Anthropic artificial intelligence agents hacking third parties has drawn the ""serious concern"" of Sen. Lisa Blunt Blunt Rochester, D-Del., who is now seeking answers from th… [+8789 chars]",fox-news,Fox News
,Masked helmeted prowler stalks Massachusetts mansion before slipping into woods in wealthy town: ‘It’s creepy’,"Surveillance video captures a masked man in a bicycle helmet prowling private property in Weston, Massachusetts, around 3 a.m. with a flashlight.",https://www.foxnews.com/us/masked-helmeted-prowler-stalks-massachusetts-mansion-slipping-woods-wealthy-town-creepy,https://static.foxnews.com/foxnews.com/content/uploads/2026/08/Weston-Mass-Intruder-01.jpg,2026-08-06T14:00:51Z,"A wealthy suburban sanctuary on the outskirts of Boston, Mass., is on the lookout for a masked prowler who was captured on camera outside a home.
The Weston Police Department said that surveillance … [+2294 chars]",fox-news,Fox News
,Unearthed paper exposes Dem House hopeful's 'insane' proposal for meeting climate goals,Manny Rutinel's resurfaced paper argued governments should incentivize ranchers to transition to plant-based farming in Colorado's top cattle district.,https://www.foxnews.com/politics/unearthed-paper-exposes-dem-house-hopefuls-insane-proposal-meeting-climate-goals,https://static.foxnews.com/foxnews.com/content/uploads/2026/07/Manny-rutinel-sits-in-colorado-chamber.jpg,2026-08-06T14:00:46Z,"Manny Rutinel, Democratic candidate for Congress in Colorado 8th Congressional District, once co-authored a paper that argued that livestock not fossil fuels should be more of a focus to combat globa… [+4320 chars]",fox-news,Fox News
,Carrie Underwood's return to 'Sunday Night Football' sends internet into a frenzy,"Fans are split on Carrie Underwood's return to ""Sunday Night Football,"" with some pushing for Ella Langley while others demand a Super Bowl halftime show.",https://www.foxnews.com/entertainment/carrie-underwood-return-sunday-night-football-sends-internet-frenzy,https://static.foxnews.com/foxnews.com/content/uploads/2026/08/carrie-underwood-alan-jackson-last-show.jpg,2026-08-06T17:47:13Z,"Carrie Underwood is set to return as the voice of Sunday Night Football's opening anthem, an announcement that has drawn varied reactions from NFL and country music fans alike.
NBC announced this we… [+2245 chars]",fox-news,Fox News
,"Burrito debate rips open GOP civil war on affordability: ‘We will lose, and deserve it’","A college student's complaint about a $20 burrito sparked a fierce GOP debate on affordability, even drawing in JD Vance and Rep. Dan Crenshaw.",https://www.foxnews.com/politics/burrito-debate-rips-open-gop-civil-war-affordability-we-lose-deserve-it,https://static.foxnews.com/foxnews.com/content/uploads/2026/08/burrito-debate.jpg,2026-08-06T17:37:17Z,"A debate over whether a burrito should cost $20 has ignited a Republican civil war over affordability and the partys appeal to younger voters ahead of the midterm elections.
The clash began Wednesda… [+3802 chars]",fox-news,Fox News
,Republican senators file amendment to stop college sports bill from overriding state women's sports laws,Republican senators filed an amendment to ensure the Protect College Sports Act cannot preempt state laws banning biological males from women's sports.,https://www.foxnews.com/outkick-sports/republican-senators-file-amendment-stop-college-sports-bill-overriding-state-womens-sports-laws,https://static.foxnews.com/foxnews.com/content/uploads/2026/02/josh-hawley-minnesota-fraud-ellison-fox-news.jpg,2026-08-06T17:31:51Z,"Three Republican senators filed an amendment Thursday aimed at preventing the Protect College Sports Act from overriding state laws that bar biological males from competing in womens athletics.
Sens… [+4998 chars]",fox-news,Fox News
,'Fake' moderate Talarico's Texas surge tests Paxton in fight to hold crucial GOP Senate seat,"Ken Paxton says he's confident Texans will reject James Talarico once they learn about his record on border security, energy and social issues.",https://www.foxnews.com/politics/fake-moderate-talarico-texas-surge-tests-paxton-fight-hold-crucial-gop-senate-seat,https://static.foxnews.com/foxnews.com/content/uploads/2026/08/talarico-paxton-split.png,2026-08-06T17:25:20Z,"EXCLUSIVE: As Democrats salivate over an elusive statewide victory in Texas, Republican Senate candidate Ken Paxton says he is undeterred by recent polling showing his Democratic opponent James Talar… [+5225 chars]",fox-news,Fox News
,"Thousands of migrants remain in Spanish territory after border rush, death toll hits about 100: Ceuta official",Ceuta president Juan Jesus Vivas told the European Parliament that at least 100 people died in the border rush and thousands of migrants remain.,https://www.foxnews.com/world/thousands-migrants-remain-spanish-territory-border-rush-death-toll-hits-100-ceuta-official,https://static.foxnews.com/foxnews.com/content/uploads/2026/08/Migrants-Spain-Ceuta.jpg,2026-08-06T17:16:47Z,"Between 3,000 and 5,000 migrants remain in Ceuta after hordes of mostly military-aged men rushed into the Spanish enclave from Morocco late last month, Ceuta's president said Thursday.
While speakin… [+3462 chars]",fox-news,Fox News
,Charles Barkley declined Travis Kelce and Taylor Swift's wedding invitation for a simple reason,"Charles Barkley revealed why he turned down Travis Kelce and Taylor Swift's wedding at Madison Square Garden, saying he never attends weddings or funerals.",https://www.foxnews.com/sports/charles-barkley-declined-travis-kelce-taylor-swift-wedding-invitation-simple-reason,https://static.foxnews.com/foxnews.com/content/uploads/2022/06/charles-barkley-nba.jpg,2026-08-06T17:01:38Z,"Charles Barkley declined an invitation to the wedding everyone wanted to attend: Travis Kelce and Taylor Swifts.
Why? The NBA legends reasoning is very simple. He doesnt go to weddings.
""I dont go … [+1925 chars]",fox-news,Fox News
,"Socialist victories show Dems' descent down 'deadly path of communism,' Johnson warns",Mike Johnson warns Democrats are heading toward communism as DSA-backed candidates like Abdul El-Sayed topple establishment figures in key races.,https://www.foxnews.com/politics/socialist-victories-show-dems-descent-down-deadly-path-communism-johnson-warns,https://static.foxnews.com/foxnews.com/content/uploads/2026/07/abdul-el-sayed-2.jpg,2026-08-06T16:41:55Z,"House Speaker Mike Johnson, R-La., is arguing that Democrats are descending a dark path as a socialist insurgency on the left continues to notch victories against the party's establishment.
Republic… [+2780 chars]",fox-news,Fox News
Matthew Shapiro,FOX NATION TO PREMIERE NEW EXCLUSIVE DOCUMENTARY FROM BRANTLEY GILBERT TITLED “DIRTY MONEY”,"Narrated and Executive Produced by Gilbert, Documentary will Premiere on August 11th NEW YORK – August 6, 2026 – FOX Nation will debut Dirty Money, an all-new documentary hosted and executive produced by multi-platinum country music star Brantley Gilbert on T…",https://press.foxnews.com/2026/08/fox-nation-to-premiere-new-exclusive-documentary-from-brantley-gilbert-titled-dirty-money,,2026-08-06T16:37:32Z,"Narrated and Executive Produced by Gilbert, Documentary will Premiere on August 11th
NEW YORK August 6, 2026 FOX Nation will debut Dirty Money, an all-new documentary hosted and executive produced b… [+3533 chars]",fox-news,Fox News
,Your blood pressure cuff may expose your health data,FTC cases reveal major health apps disclosed blood pressure and glucose data to advertising and analytics companies without users realizing it.,https://www.foxnews.com/tech/blood-pressure-cuff-may-expose-health-data,https://static.foxnews.com/foxnews.com/content/uploads/2026/08/blood-pressure-cuff-breach-001.jpg,2026-08-06T16:30:14Z,"Every morning, you strap on the cuff, press the button and watch the number pop up on your phone. It feels private. It feels like it is just between you and your app. That sense of privacy can be mis… [+15254 chars]",fox-news,Fox News
,"US says North Korea missile launch poses no immediate threat, 'consulting closely' with allies","U.S. Indo-Pacific Command said it is ""consulting closely with our allies and partners"" Thursday after North Korea test-fired a ballistic missile.",https://www.foxnews.com/world/us-north-korea-missile-launch-poses-no-immediate-threat-consulting-closely-allies,https://static.foxnews.com/foxnews.com/content/uploads/2026/08/us-soldiers-river-crossing-ulchi-freedom-shield.jpg,2026-08-06T16:25:57Z,"U.S. Indo-Pacific Command vowed Thursday that the U.S. ""remains committed to the defense of the U.S. homeland and our allies in the region"" after North Korea test-fired a ballistic missile.
The laun… [+3024 chars]",fox-news,Fox News
,Loophole forcing release of detained illegal immigrants targeted by Senate GOP,Sen. Katie Britt's bill targets a 2001 Supreme Court loophole allowing detained illegal immigrants to be released after six months if no country accepts them.,https://www.foxnews.com/politics/loophole-forcing-release-detained-illegal-immigrants-targeted-senate-gop,https://static.foxnews.com/foxnews.com/content/uploads/2026/08/katie-britt-todd-blanche-confirmation-hearing.jpg,2026-08-06T16:02:42Z,"FIRST ON FOX: Senate Republicans are pushing to close a decades-old immigration loophole they say was heavily abused by the Biden administration.
The effort, led by Sen. Katie Britt, R-Ala., would p… [+3150 chars]",fox-news,Fox News
,Bill Belichick announces son Steve is on medical leave from North Carolina football program,Bill Belichick announced Steve Belichick is on medical leave as UNC's defensive coordinator absence adds to a turbulent offseason in Chapel Hill.,https://www.foxnews.com/sports/bill-belichick-announces-son-steve-medical-leave-north-carolina-football-program,https://static.foxnews.com/foxnews.com/content/uploads/2026/08/steve-belichick-north-carolina-syracuse-fox-news_.jpg,2026-08-06T16:02:29Z,"The hits unfortunately keep coming for the North Carolina football program, as Bill Belichick announced on Thursday morning that his son, Steve Belichick, is currently not with the team.
As the Tar … [+4691 chars]",fox-news,Fox News
,House GOP launches probe into 5 major labor unions over Dem spending despite MAGA membership base,"GOP lawmakers demand financial records from UAW, United Steelworkers, SMART-TD, BLET and BMWED over alleged political spending and lavish perks.",https://www.foxnews.com/politics/house-gop-launches-probe-5-major-labor-unions-dem-spending-despite-maga-membership-base,https://static.foxnews.com/foxnews.com/content/uploads/2025/08/tim-walberg.jpg,2026-08-06T16:00:40Z,FIRST ON FOX: The Republican-led House Committee on Education and Workforce is demanding financial records from five of the nation's largest labor unions over allegations that union leaders used fund… [+5479 chars],fox-news,Fox News
,Minnie Driver is 'grateful to be alive' after surviving serious car crash that nearly took her life,"Minnie Driver shared video from her bed in a neck brace, revealing she and a friend crawled out of a serious car crash on a country road in France.",https://www.foxnews.com/entertainment/minnie-driver-grateful-alive-surviving-serious-car-crash-nearly-took-life,https://static.foxnews.com/foxnews.com/content/uploads/2026/08/minnie-driver-3.jpg,2026-08-06T19:45:02Z,"Minnie Driver is counting her blessings after surviving a serious car crash in France.
On Thursday, the ""Good Will Hunting"" actress, 56, shared an emotional Instagram update with fans, revealing she… [+2491 chars]",fox-news,Fox News
,New Purdue athletic director tries trash talking Indiana athletics in bizarre moment,"New Purdue athletic director Tommy McClelland told recruits to go to Indiana if they don't want to win championships, ignoring the Hoosiers' title.",https://www.foxnews.com/outkick-sports/new-purdue-athletic-director-tries-trash-talking-indiana-athletics-bizarre-moment,https://static.foxnews.com/foxnews.com/content/uploads/2026/08/omar-cooper-jr-touchdown-indiana-purdue.jpg,2026-08-06T19:35:22Z,"Optimism can be a dangerous thing. Being cautiously optimistic is typically a great trait to have, but when you cross the line of being so optimistic that you completely ignore reality, well, that's … [+1968 chars]",fox-news,Fox News
,"Danica Patrick's six-pack triggers the body-shamers, Trump's 'Patriot Games' gets an unlikely partner & NFL!","Trump's Patriot Games debut this weekend on ESPN and ABC featuring kickball, dodgeball, tug of war, and pop-a-shot for young American athletes.",https://www.foxnews.com/outkick-sports/danica-patrick-six-pack-triggers-body-shamers-trump-patriot-games-gets-unlikely-partner-nfl,https://static.foxnews.com/foxnews.com/content/uploads/2026/08/danica-patrick-f1-grand-prix-austin.jpg,2026-08-06T19:30:13Z,"'Nightcaps' is a daily column that catches you up on the biggest sports, news and culture stories you may have missed while pretending to do work at your desk. It runs MondayFriday on OutKick.com.
O… [+7327 chars]",fox-news,Fox News
,SEE IT: Mamdani booed off stage at New York City pro-police celebration: ‘Walked off in shame’,Video shows Zohran Mamdani booed off stage in under a minute at the NYPD National Night Out event on Staten Island as crowds chanted against him.,https://www.foxnews.com/politics/mamdani-booed-off-stage-new-york-city-pro-police-celebration-walked-off-shame,https://static.foxnews.com/foxnews.com/content/uploads/2026/08/zohran-mamdani-nyc-1.jpg,2026-08-06T19:18:34Z,"New York socialist Mayor Zohran Mamdani is being mocked after many say he was humiliated by being booed off stage while attending one of the city's biggest pro-police celebrations on Staten Island.
… [+3561 chars]",fox-news,Fox News
,"Former Florida State QB Thomas Castellanos suing NCAA, seeks portal access after landmark eligibility ruling",Thomas Castellanos seeks a court injunction to enter the college football transfer portal after Judge Sweeney's blanket waiver for the 2022 class.,https://www.foxnews.com/outkick-sports/former-florida-state-qb-thomas-castellanos-suing-ncaa-seeks-portal-access-landmark-eligibility-ruling,https://static.foxnews.com/foxnews.com/content/uploads/2025/08/florida-state-alabama-ncaa-football.jpg,2026-08-06T19:16:11Z,"The lawsuits keep coming, and this time it's former Florida State starting quarterback Thomas Castellanos hoping to take advantage of a Colorado judge's ruling last week that granted 2022 athletes a … [+3992 chars]",fox-news,Fox News
,Once-affordable summer escape rocked by soaring costs as families shell out thousands,"Viewers are debating whether $10,000 for a week at the Jersey Shore is worth it after an influencer's viral video made the rounds about beach house rental costs.",https://www.foxnews.com/travel/once-affordable-summer-escape-rocked-soaring-costs-families-shell-thousands,https://static.foxnews.com/foxnews.com/content/uploads/2026/08/nj-jersey-shore-rental-expensive-travel-2.jpg,2026-08-06T19:15:55Z,"An influencer recently alleged that her family shells out $10,000 each year to visit a Jersey Shore spot for a single week prompting people to question whether that type of price tag is worth it.
A … [+3201 chars]",fox-news,Fox News
,"Oklahoma teen accused of raping two girls walks free, DA furiously calls in feds: ‘Made my blood boil’","Jesse Mack Butler faced 11 felony counts including rape and strangulation charges, but double jeopardy now shields him after his case was dismissed.",https://www.foxnews.com/us/oklahoma-teen-accused-raping-two-girls-walks-free-da-furiously-calls-feds-made-blood-boil,https://static.foxnews.com/foxnews.com/content/uploads/2025/10/teen-gets-slap-on-wrist.png,2026-08-06T19:12:18Z,An Oklahoma teenager accused of sexually assaulting and strangling two high school girls saw his criminal case dismissed after completing a youthful-offender rehabilitation plan all without serving a… [+3513 chars],fox-news,Fox News
,FDA approves first-ever mRNA flu vaccine for millions of older Americans,"A new mRNA flu vaccine showed a 27% reduction in flu cases in a clinical trial, but its path to FDA approval faced an early regulatory setback.",https://www.foxnews.com/health/fda-approves-first-ever-mrna-flu-vaccine-millions-older-americans,https://static.foxnews.com/foxnews.com/content/uploads/2026/08/older-woman-getting-vaccine.jpg,2026-08-06T19:02:09Z,"The FDA has approved the nation's first flu vaccine made with mRNA technology, the manufacturer, Moderna, announced on Thursday.
The vaccine, which is based on the same messenger RNA platform used i… [+2753 chars]",fox-news,Fox News
Bonny Chu,Mitch McConnell discharged from rehab after fall,Sen. Mitch McConnell has been discharged from a rehabilitation facility and will continue recovering at home after a June fall in Kentucky.,https://www.foxnews.com/politics/mitch-mcconnell-discharged-from-rehab-after-fall-mid-june,https://static.foxnews.com/foxnews.com/content/uploads/2025/10/mitch-mcconnell.jpg,2026-08-06T19:02:02Z,"Sen. Mitch McConnell,
 R-Ky., said Thursday he has been discharged from a rehabilitation facility after a fall at his Kentucky home in mid-June that left him hospitalized. 
""Earlier today, I was di… [+840 chars]",fox-news,Fox News
,Preakness Stakes moves to a Sunday for the first time ever in major Triple Crown shakeup,"The 2027 Preakness Stakes will move to three weeks after the Kentucky Derby, marking the first time ever a Triple Crown race is run on a Sunday.",https://www.foxnews.com/sports/preakness-stakes-moves-sunday-first-time-ever-major-triple-crown-shakeup,https://static.foxnews.com/foxnews.com/content/uploads/2026/08/preakness-stakes-8626.jpg,2026-08-06T18:57:13Z,"Sweeping changes to horse racing may change the way the Triple Crown will be viewed forever.
Last week, Churchill Downs Incorporated and the New York Racing Association announced a six-race champion… [+3431 chars]",fox-news,Fox News
,Trump allies push to arm president with new tariff weapon to punish countries 'ripping off' America,Sen. Rick Scott's Trade Deficit Elimination Act would give Trump new congressional authority to impose tariffs on countries with trade deficits.,https://www.foxnews.com/politics/trump-allies-push-arm-president-new-tariff-weapon-punish-countries-ripping-off-america,https://static.foxnews.com/foxnews.com/content/uploads/2026/03/trump-tariffs-economy.jpg,2026-08-06T18:47:29Z,"FIRST ON FOX: Just as the Trump administration has refunded billions in tariffs to companies in the U.S., a push is growing in the Senate to give the president sharper, more focused tariff powers acr… [+3427 chars]",fox-news,Fox News
,"Reporter's Notebook: Summer ends, but the Senate's fall crunch begins","The Senate faces a daunting list including Todd Blanche's confirmation, government funding, the SAVE America Act, and college sports NIL regulation.",https://www.foxnews.com/politics/reporters-notebook-summer-ends-senates-fall-crunch-begins,https://static.foxnews.com/foxnews.com/content/uploads/2025/06/thune-with-reporters.jpg,2026-08-06T18:41:31Z,"It may be summer. But fall is consuming the United States Senate.
Bipartisan lawmakers are trying to avoid a government shutdown.
""The fiscal year begins October 1st each year,"" said Sen. Chuck Gra… [+7250 chars]",fox-news,Fox News
,"Couple share intimate moment on IKEA showroom bed, if the bus is rocking don’t come knocking & darkest secrets","A couple caught on video in an IKEA showroom bed in Taiwan faces public indecency charges, while Georgia school bus drivers allegedly had sex on the clock.",https://www.foxnews.com/outkick-culture/couple-share-intimate-moment-ikea-showroom-bed-bus-rocking-dont-come-knocking-darkest-secrets,https://static.foxnews.com/foxnews.com/content/uploads/2026/08/gettyimages-2242777150.jpg,2026-08-06T18:37:16Z,"Welcome to the latest edition of True Romance. It's the first Thursday of August and the Hall of Fame game takes place later today.
If that doesn't sound romantic to you, seek medical attention. I k… [+10643 chars]",fox-news,Fox News
,Detroit voters call on Democrats to unite around El-Sayed after stunning victory of far-left progressive,"Detroit voters react to Abdul El-Sayed's primary win over Haley Stevens, expressing excitement about the progressive's path to the general election.",https://www.foxnews.com/media/detroit-voters-call-democrats-unite-el-sayed-stunning-victory-far-left-progressive,https://static.foxnews.com/foxnews.com/content/uploads/2026/07/abdul-el-sayed-february-2026-1.jpg,2026-08-06T18:30:31Z,DETROIT Fox News Digital hit the streets of the Motor City on Wednesday to speak with voters after progressive candidate Abdul El-Sayed scored a huge win against the Democratic establishment in the S… [+4329 chars],fox-news,Fox News
,"Delaware dance teacher arrested for alleged sexual abuse, solicitation of teen students","A 23-year-old dance studio teacher was arrested due to alleged sexual abuse and solicitation of teen kids, according to Delaware State Police.",https://www.foxnews.com/us/delaware-dance-teacher-arrested-alleged-sexual-abuse-solicitation-teen-students,https://static.foxnews.com/foxnews.com/content/uploads/2026/08/13a02098-emily-pryor-dance-studio-abuse.jpg,2026-08-06T18:23:49Z,"Delaware State Police arrested a dance teacher who allegedly sexually abused students.
""The Delaware State Police have arrested 23-year-old Emily Pryor Albino of Seaford, Delaware, for felony sexual… [+2147 chars]",fox-news,Fox News
,Democrats targeting 12 additional red districts in midterms push to retake House,"The DCCC is targeting 12 additional deep-red House districts, including seats held by Lauren Boebert and Mike Lawler, as Democrats eye midterm flips.",https://www.foxnews.com/politics/democrats-targeting-12-additional-red-districts-midterms-push-retake-house,https://static.foxnews.com/foxnews.com/content/uploads/2026/08/lauren-boebert.png,2026-08-06T18:21:20Z,"The Democratic Congressional Campaign Committee (DCCC) announced 12 additional red U.S. House districts the organization intends to target in November, on top of the 46 it had already designated as p… [+2478 chars]",fox-news,Fox News
,"Woman sues Yankees for $10 million, claiming errant bat into stands caused severe injuries","A $10 million lawsuit claims protective netting near the on-deck circle was significantly lower, leaving an unprotected opening where the bat struck.",https://www.foxnews.com/sports/woman-sues-yankees-10-million-errant-bat-stands-caused-severe-injuries,https://static.foxnews.com/foxnews.com/content/uploads/2026/08/ryan-mcmahon-yankees-yankee-stadium.jpg,2026-08-06T18:00:40Z,"A woman is suing the New York Yankees for $10 million after being hit in the head with an errant bat at a recent game.
Cleveland Guardians infielder Jose Ramirez lost control of his bat on June 2 in… [+2139 chars]",fox-news,Fox News
,"UNLV coach Dan Mullen throws dig at former employer, Florida, but numbers tell a complicated story","Dan Mullen shared theories on his Florida firing with Paul Finebaum, claiming the Gators would have made the College Football Playoff three times.",https://www.foxnews.com/outkick-sports/unlv-coach-dan-mullen-throws-dig-former-employer-florida-numbers-tell-complicated-story,https://static.foxnews.com/foxnews.com/content/uploads/2025/01/dan-mullen3.jpg,2026-08-06T21:48:25Z,"Let's rewind the clocks back to November 7, 2020.
The Florida Gators, being coached by former championship-winning offensive coordinator Dan Mullen, just knocked off bitter rival Georgia to take a s… [+8628 chars]",fox-news,Fox News
,"Country star Hannah Dasher says famous, married celebrity once slid into her DMs","Country star Hannah Dasher says a famous, married celebrity once slid into her DMs. She explained that her Christian faith kept her from taking shortcuts in country music.",https://www.foxnews.com/entertainment/country-star-hannah-dasher-famous-married-celebrity-slid-dms,https://static.foxnews.com/foxnews.com/content/uploads/2026/08/hannah-dasher.jpg,2026-08-06T21:46:13Z,"Country singer Hannah Dasher revealed that a famous, married celebrity once slid into her direct messages on social media, but explained her Christian faith has kept her from taking shortcuts in the … [+4942 chars]",fox-news,Fox News
,Kate Spade Outlet handbags are up to 73% off — shop our 10 favorite deals,"Find discounted crossbody bags, roomy totes and everyday leather styles, with select handbags marked down by more than $300.",https://www.foxnews.com/deals/kate-spade-outlet-sale,https://static.foxnews.com/foxnews.com/content/uploads/2026/08/fox_news_deals_generic_kate_spade_outlet_080326-1.png,2026-08-06T21:28:02Z,"The right handbag pulls any outfit together, and Kate Spade Outlet's latest sale makes it easy to refresh your bag collection or just your general wardrobe for less. Save up to 73% on bestselling cro… [+3838 chars]",fox-news,Fox News
,WWE star Rhea Ripley supplies brutal 'life update' amid in-ring absence,"Rhea Ripley revealed her right knee surgery on Instagram after missing two months of ""SmackDown"" action, including Night of Champions and SummerSlam.",https://www.foxnews.com/sports/wwe-star-rhea-ripley-supplies-brutal-life-update-amid-in-ring-absence,https://static.foxnews.com/foxnews.com/content/uploads/2026/08/rhea-ripley-wrestling-barcelona.jpg,2026-08-06T21:18:08Z,"WWE star Rhea Ripley announced on Thursday she underwent surgery on her right knee.
Ripley is the reigning WWE womens champion and one of the top stars on the SmackDown brand.
COMPLETE PRO WRESTLIN… [+1284 chars]",fox-news,Fox News
,Best bet for the Carolina Panthers vs Arizona Cardinals 2026 NFL Pro Football Hall of Fame Game,"Kenny Pickett starts for Carolina against Carson Beck and Arizona in the Pro Football Hall of Fame game, with coaching continuity favoring the Panthers.",https://www.foxnews.com/outkick-sports/best-bet-carolina-panthers-vs-arizona-cardinals-2026-nfl-pro-football-hall-of-fame-game,https://static.foxnews.com/foxnews.com/content/uploads/2026/08/pickett-panthers-cardinals-HoFgame-fox-news-001.jpg,2026-08-06T21:15:14Z,"My fellow Americans, our long national nightmare is over. The NFL returns Thursday, Aug. 6, with the 2026 Pro Football Hall of Fame game between the Carolina Panthers and Arizona Cardinals at Tom Ben… [+3702 chars]",fox-news,Fox News
,"Trump signs executive orders targeting birthright citizenship, birth tourism after Supreme Court setback","The orders deny visas to those entering the country to give birth, with Trump promising ""very big crackdowns"" on organized birth tourism operations.",https://www.foxnews.com/politics/trump-signs-executive-orders-targeting-birthright-citizenship-birth-tourism-after-supreme-court-setback,https://static.foxnews.com/foxnews.com/content/uploads/2026/08/President-Trump-announces-EOs-against-birth-tourism.jpg,2026-08-06T20:56:44Z,"President Donald Trump on Thursday signed two executive orders targeting birthright citizenship and birth tourism, saying his administration is taking a new approach after what he called a ""very unfo… [+2701 chars]",fox-news,Fox News
,"Senator Eric Schmitt joins Dakich, fires back against Senator Hawley over Title IX claims","Sen. Eric Schmitt says the Protect College Sports Act does not preempt Title IX, pushing back on concerns raised by Riley Gaines and Josh Hawley.",https://www.foxnews.com/outkick-sports/senator-eric-schmitt-joins-dakich-fires-back-against-senator-hawley-title-ix-claims,https://static.foxnews.com/foxnews.com/content/uploads/2023/05/SCHMITT-2.png,2026-08-06T20:56:22Z,"Much ado has been made about the Protect College Sports Act, a bipartisan bill that aims to create a framework to stabilize NIL in the current landscape of the NCAA.
Though there are plenty of propo… [+2258 chars]",fox-news,Fox News
,Former NFL player Stedman Bailey and woman were arrested for getting it on in the bar area of a mall arcade,"Surveillance footage allegedly shows Stedman Bailey and a woman engaged in a sex act at Round1 arcade inside a Pembroke Pines, Florida mall.",https://www.foxnews.com/outkick-culture/former-nfl-player-stedman-bailey-woman-arrested-getting-bar-area-mall-arcade,https://static.foxnews.com/foxnews.com/content/uploads/2026/08/stedman-bailey-shelton-gibson-warmups.jpg,2026-08-06T20:55:55Z,"Police in Pembroke Pines, Florida arrested former NFL wide receiver Stedman Bailey and a woman he was hanging out with last week after they said the two were arrested on charges of having sex in fron… [+1910 chars]",fox-news,Fox News
,Former NFL player Stedman Bailey and woman were arrested for getting it on in the bar area of a mall arcade,"Surveillance footage allegedly shows Stedman Bailey and a woman engaged in a sex act at Round1 arcade inside a Pembroke Pines, Florida mall.",https://www.foxnews.com/outkick-sports/former-nfl-player-stedman-bailey-woman-arrested-getting-bar-area-mall-arcade,https://static.foxnews.com/foxnews.com/content/uploads/2026/08/stedman-bailey-shelton-gibson-warmups.jpg,2026-08-06T20:55:55Z,"Police in Pembroke Pines, Florida arrested former NFL wide receiver Stedman Bailey and a woman he was hanging out with last week after they said the two were arrested on charges of having sex in fron… [+1910 chars]",fox-news,Fox News
,"MJF returns at AEW Grand Slam Mexico, declares himself for casino gauntlet qualifying match ahead of All In",MJF attacked Andrade El Idolo with the Triple B AEW World Championship at Grand Slam Mexico and vowed to win the casino gauntlet match at All In.,https://www.foxnews.com/sports/mjf-returns-aew-grand-slam-mexico-declares-himself-casino-gauntlet-qualifying-match-ahead-all-in,https://static.foxnews.com/foxnews.com/content/uploads/2026/03/aew-mjf-031626-1.jpg,2026-08-06T20:55:10Z,"MJF made his return to All Elite Wrestling programming with authority on Wednesday nights Grand Slam Mexico.
After Andrade El Idolo won a triple-threat match to earn the No. 1 spot in the casino gau… [+1577 chars]",fox-news,Fox News
,'Boyhood' child actor lives 'in the middle of nowhere' after leaving Hollywood behind,"Ellar Coltrane, now 31, says he lives in the middle of nowhere doing manual labor and firefighting, but misses collaborating on independent films.",https://www.foxnews.com/entertainment/boyhood-child-actor-lives-in-middle-nowhere-after-leaving-hollywood-behind,https://static.foxnews.com/foxnews.com/content/uploads/2026/08/ellar-coltrane.jpg,2026-08-06T20:47:42Z,"""Boyhood"" actor Ellar Coltrane, who starred in Richard Linklater's Academy Award-nominated flick, moved on from Hollywood.
Coltrane, now 31, portrayed Mason Evans Jr. in the epic about a boy growing… [+3484 chars]",fox-news,Fox News
,Missouri neighbor accused of killing mother and teen daughter after confronting family over dispute,"Robert Winkelman, 73, allegedly shot Jessica Lashly and her daughter Jersey Greer over a noise complaint in House Springs, Missouri, deputies said.",https://www.foxnews.com/us/missouri-neighbor-accused-killing-mother-teen-daughter-after-confronting-family-over-dispute,https://static.foxnews.com/foxnews.com/content/uploads/2026/08/Greer-Lashly-Winkelman.jpg,2026-08-06T20:41:23Z,"This story discusses suicide. If you or someone you know is having thoughts of suicide, please contact the National Suicide Prevention Lifeline at 988 or 1-800-273-TALK (8255).
A mother and her teen… [+2808 chars]",fox-news,Fox News
,Foreign drunk drivers could face swift boot out of country under Trump's 'America first' crackdown,State Department spokesperson says DUI arrests are driving many visa revocations as the Trump administration enforces an America first visa policy.,https://www.foxnews.com/politics/foreign-drunk-drivers-face-swift-boot-out-country-trump-america-first-crackdown,https://static.foxnews.com/foxnews.com/content/uploads/2026/08/Trump-Visa.png,2026-08-06T20:41:12Z,"The Trump administration is framing visa revocations as a national security measure, arguing that removing foreign nationals who commit crimes, including under the influence driving, is essential to … [+4530 chars]",fox-news,Fox News
,Top women’s tennis players are not giving left-wing activists the WTA sex testing outrage they wanted,"The WTA's top women's tennis players broke their silence on the new sex testing policy, and their responses created a major problem for activists.",https://www.foxnews.com/outkick-sports/top-womens-tennis-players-not-giving-left-wing-activists-wta-sex-testing-outrage-wanted,https://static.foxnews.com/foxnews.com/content/uploads/2026/08/coco-gauff-left-aryna-sabalenka-right-tennis.jpg,2026-08-06T20:33:05Z,"The left needed the women to be furious.
That was the argument once the WTA announced that players would have to undergo sex testing to compete in WTA tournaments and meet eligibility requirements t… [+6275 chars]",fox-news,Fox News
,Former Carolina Panthers star Steve Smith Sr rejects 'controversial' label for his NFL analysis,"Steve Smith Sr. explained why he isn't controversial, and revealed how he goes about crafting his takes during an appearance on OutKick's ""Don't @ Me with Dan Dakich.""",https://www.foxnews.com/outkick-sports/former-carolina-panthers-star-steve-smith-sr-rejects-controversial-label-nfl-analysis,https://static.foxnews.com/foxnews.com/content/uploads/2026/08/steve-smith-sr-panthers-playoff-game.jpg,2026-08-06T20:25:16Z,"Former NFL star wide receiver Steve Smith Sr. set the record straight: He is not controversial.
Smith, 47, said he is perceived as controversial for his takes, but all of them are rooted in what he … [+2006 chars]",fox-news,Fox News
,American ex-Marine feared near death after weeks in catatonic state in Russian prison,"Robert Gilman has been fed through a tube for 46 days after falling into a stupor, and advocacy groups say Russia has barred his mother from visiting.",https://www.foxnews.com/world/american-ex-marine-feared-near-death-after-weeks-catatonic-state-russian-prison,https://static.foxnews.com/foxnews.com/content/uploads/2025/12/robert-gilman-russian-jail-001.jpg,2026-08-06T20:22:21Z,"Former U.S. Marine Robert Gilman, who has been held in a Russian prison since 2022, could be close to death, advocacy groups representing his family warned on Thursday.
They also sa Gilman is curren… [+4314 chars]",fox-news,Fox News
,Jeff Bridges nearly played John Dutton before Kevin Costner landed 'Yellowstone' role,"Taylor Sheridan originally wanted Jeff Bridges as John Dutton, but a Paramount executive pushed for Kevin Costner based on marketing appeal.",https://www.foxnews.com/entertainment/jeff-bridges-nearly-played-john-dutton-kevin-costner-landed-yellowstone-role,https://static.foxnews.com/foxnews.com/content/uploads/2026/08/Jeff-Bridges-Kevin-Costner.jpg,2026-08-06T20:18:39Z,"Jeff Bridges came close to ruling the Dutton ranch.
""Yellowstone"" creator Taylor Sheridan originally envisioned the Oscar winner as John Dutton before executives pushed for Kevin Costner.
""Because … [+2148 chars]",fox-news,Fox News
,The first-ever FOX News Wine Advent Calendar's here — pre-order yours before it sells out,"The FOX News Wine Shop's Advent Calendar features 12 different bottles of wine in a festive gift box. Quantities are limited, so shop before it sells out.",https://www.foxnews.com/deals/fox-news-wine-advent-calendar,https://static.foxnews.com/foxnews.com/content/uploads/2026/07/fox_advent-open-1.jpg,2026-08-06T20:12:08Z,"The holidays may still be months away, but the first-ever FOX News Wine Advent Calendar is now available for pre-order. This limited release from the FOX News Wine Shop features 12 American-made wine… [+2107 chars]",fox-news,Fox News
,National Root Beer Float Day celebrates American classic that younger generations are leaving behind,"From sassafras bark brews to the iconic Black Cow invention in Colorado, the root beer float's history spans centuries of American culture.",https://www.foxnews.com/food-drink/national-root-beer-float-day-celebrates-american-classic-younger-generations-leaving-behind,https://static.foxnews.com/foxnews.com/content/uploads/2026/08/girls-drinking-ice-cream-floats-1952.jpg,2026-08-06T20:11:53Z,"Every year on National Root Beer Float Day, Americans celebrate the frothy combination of root beer and vanilla ice cream a summertime favorite whose story begins centuries before the first scoop eve… [+4436 chars]",fox-news,Fox News
,El-Sayed win kicks Democrats’ Midwest ideological battle into high gear — and some Dems fear November fallout,"Progressive Democrats scored key wins in Michigan's primary, and now Wisconsin's governor race and Minnesota's senate primary are the next battlegrounds.",https://www.foxnews.com/politics/el-sayed-win-kicks-democrats-midwest-ideological-battle-high-gear-dems-fear-november-fallout,https://static.foxnews.com/foxnews.com/content/uploads/2026/08/francesca-hong.png,2026-08-06T20:08:45Z,"The battle between the left-wing and the center-left establishment for the ideological future of the Democratic Party is staying put in the Midwest.
After far-left candidate Abdul El-Sayed narrowly … [+6401 chars]",fox-news,Fox News
,"Mariners reliever Gabe Speier, manager Dan Wilson suspended after intentional hit-by-pitch on Tigers star","Gabe Speier hit Gleyber Torres with a 96-mph fastball in apparent retaliation, sparking a bench-clearing incident that led to MLB suspensions.",https://www.foxnews.com/sports/mariners-reliever-gabe-speier-manager-dan-wilson-suspended-intentional-hit-by-pitch-tigers-star,https://static.foxnews.com/foxnews.com/content/uploads/2026/08/gabe-speier-mariners-tigers-fox-news_.jpg,2026-08-06T20:07:55Z,"A benches-clearing scrum has led to suspensions in Major League Baseball on Thursday.
MLB announced that Seattle Mariners left-handed reliever Gabe Speier and manager Dan Wilson have both been suspe… [+2425 chars]",fox-news,Fox News
,WATCH: Dashcam captures the split second a routine Tennessee traffic stop goes sideways,Dashcam video captures the moment a vehicle slams into a Tennessee Highway Patrol cruiser during a traffic stop on Interstate 65 in Davidson County.,https://www.foxnews.com/us/dashcam-captures-split-second-routine-tennessee-traffic-stop-goes-sideways,https://static.foxnews.com/foxnews.com/content/uploads/2026/08/car-crash.gif,2026-08-06T20:02:54Z,"A shocking dashcam video released by the Tennessee Highway Patrol shows the moment a patrol cruiser was blindsided during a traffic stop, sending it crashing into another vehicle.
The Tennessee High… [+2266 chars]",fox-news,Fox News
,"New York nuns' challenge to assisted suicide law is about protecting freedom, lawyer says","Catholic nuns challenge New York's Medical Aid in Dying Act, arguing the law forces religious healthcare providers to counsel patients on assisted suicide.",https://www.foxnews.com/media/new-york-nuns-challenge-assisted-suicide-law-about-protecting-freedom-lawyer-says,https://static.foxnews.com/foxnews.com/content/uploads/2026/07/Carmelite-Sisters-for-the-Aged-and-Infirm-v.-James_Sister-Serving-Food_2026_Credit_-BECKET.jpg,2026-08-06T20:02:23Z,"EXCLUSIVE The attorney representing four orders of Catholic nuns challenging New York's assisted suicide law says the case extends far beyond end-of-life care, arguing it will test whether the govern… [+4840 chars]",fox-news,Fox News
,EXCLUSIVE: Michigan House speaker calls for answers over $300M taxpayer-funded Rx Kids program,Michigan House Republicans cut future funding for Rx Kids after questioning its voter registration ties and payments to undocumented recipients.,https://www.foxnews.com/politics/michigan-house-speaker-calls-answers-300m-taxpayer-funded-rx-kids-program,https://static.foxnews.com/foxnews.com/content/uploads/2026/03/cash-aid-program-tailored-to-single-mothers-seeks-expansion.jpg,2026-08-06T23:50:24Z,"The Republican leader of Michigans House says a state-funded maternal health initiative has become something far different than lawmakers were promised, accusing Democrats of using more than $300 mil… [+6748 chars]",fox-news,Fox News
,Cruise line's tougher booking rules ignite backlash over higher deposits and payments,"Princess Cruises is raising deposits and moving final payment deadlines to 120 days before departure, sparking online debate among travelers.",https://www.foxnews.com/travel/cruise-line-tougher-booking-rules-ignite-backlash-higher-deposits-payments,https://static.foxnews.com/foxnews.com/content/uploads/2026/07/TURKS_CAICOS_STATE_DEPARTMENT_CRIME_ADVISORY_TRAVEL_1.jpg,2026-08-06T23:43:38Z,"Princess Cruises is introducing stricter booking policies, including higher deposits and earlier final payment deadlines, fueling mixed reactions among travelers.
Among the biggest changes is an upd… [+3217 chars]",fox-news,Fox News
,"Rams have assembled a roster to ruin football, just like the Dodgers have ruined baseball","Colin Cowherd claims the Los Angeles Rams have assembled the best NFL roster in at least a decade, and the case for an even bolder claim exists.",https://www.foxnews.com/outkick-sports/rams-assembled-roster-ruin-football-dodgers-ruined-baseball,https://static.foxnews.com/foxnews.com/content/uploads/2026/08/NFL-Rams-SoFi-Stadium-086026-1.jpg,2026-08-06T23:33:16Z,"The Los Angeles Dodgers are overwhelming favorites to win the 2026 World Series. Most sportsbooks list their championship odds at around +150, implying roughly a 40% chance of winning the title, whic… [+5321 chars]",fox-news,Fox News
,ICE asks North Carolina to hold illegal immigrant accused in toddler’s bathtub death,"ICE has filed a detainer against an illegal immigrant accused of leaving his 14-month-old stepchild unattended in a bathtub, where the child allegedly drowned, DHS said.",https://www.foxnews.com/us/ice-asks-north-carolina-hold-illegal-immigrant-accused-toddlers-bathtub-death,https://static.foxnews.com/foxnews.com/content/uploads/2026/08/angel-israel-deras-rivas-bathtub.jpg,2026-08-06T23:03:59Z,"EXCLUSIVE: Immigration and Customs Enforcement (ICE) lodged a detainer against a criminal illegal alien who allegedly left a 14-month-old toddler to drown in a bathtub, according to the Department of… [+2264 chars]",fox-news,Fox News
,Jahmyr Gibbs caps huge week for NFL running backs with biggest deal from the Detroit Lions,"Jahmyr Gibbs' record $22.5 million per year deal caps a historic week for NFL running backs, but Detroit Lions fans want a Super Bowl to show for it.",https://www.foxnews.com/sports/jahmyr-gibbs-caps-huge-week-nfl-running-backs-biggest-deal-detroit-lions,https://static.foxnews.com/foxnews.com/content/uploads/2025/10/nfl-lions-jahmyr-gibbs-102025-2.jpg,2026-08-06T23:02:58Z,"It's been a big week for NFL running backs who have been stuffing their bank accounts with one big contract after another. And, true to the idiom, Detroit Lions running back Jahmyr Gibbs saved the be… [+2605 chars]",fox-news,Fox News
,'Primetime' star Robert Pattinson shocks fans with Chris Hansen transformation in 'unsettling' trailer,"The trailer for A24's ""Primetime"" reveals Robert Pattinson's uncanny Chris Hansen transformation, sparking Oscar buzz and true crime debate.",https://www.foxnews.com/entertainment/primetime-star-robert-pattinson-shocks-fans-chris-hansen-transformation-unsettling-trailer,https://static.foxnews.com/foxnews.com/content/uploads/2026/08/london-pattinson-premiere-odyssey-luxe-square-images.jpg,2026-08-06T22:40:49Z,"This story discusses suicide. If you or someone you know is having thoughts of suicide, please contact the Suicide &amp; Crisis Lifeline at 988 or 1-800-273-TALK (8255).
Robert Pattinson left fans d… [+3542 chars]",fox-news,Fox News
,Democratic strategist James Carville says he could become a Republican under one major condition,Veteran Democratic strategist James Carville revealed the only hypothetical scenario in which he'd join the Republican Party as Hasan Piker and democratic socialists gain ground.,https://www.foxnews.com/media/democratic-strategist-james-carville-says-he-could-become-republican-under-one-major-condition,https://static.foxnews.com/foxnews.com/content/uploads/2025/10/james-carville-speaks-at-event.png,2026-08-06T22:34:38Z,"Veteran Democratic strategist James Carville told Fox News Digital on Thursday that there is only one unlikely scenario where he would actually join the Republican Party.
Posed with a hypothetical w… [+3440 chars]",fox-news,Fox News
,ESPN personality busted on social media for inaccurately trying to promote the SEC's strength of schedule,"ESPN radio host Peter Burns claimed no Big Ten team plays five top-25 coaches poll opponents, but at least seven Big Ten schools actually do.",https://www.foxnews.com/outkick-sports/espn-personality-busted-social-media-inaccurately-promote-sec-strength-schedule,https://static.foxnews.com/foxnews.com/content/uploads/2026/07/greg-sankey-sec-football-kickoff-media-day.jpg,2026-08-06T22:30:49Z,"Well, this isn't going to help ESPN beat the allegations.
It's something of an open secret that ESPN wants the SEC to be the dominant powerhouse in college football. Now that ESPN is the home of mos… [+4022 chars]",fox-news,Fox News
,Amazon reviewers swear by these supportive walking shoes — from $45,"Shop Amazon reviewer-loved-and-approved walking shoes from Brooks, Skechers, adidas and more that help keep tired feet cushioned and supported. Select styles are also on sale.",https://www.foxnews.com/deals/supportive-walking-shoes,https://static.foxnews.com/foxnews.com/content/uploads/2026/08/supportive-walking-shoes.jpg,2026-08-06T22:15:01Z,"Long days on your feet can leave your arches aching and heels sore. Take the pressure off with these ergonomic shoes, designed with cushioning and support. Shop popular picks from brands like Brooks … [+7172 chars]",fox-news,Fox News
,Tom Rahill captures 96 Burmese pythons in 10 days to win 2026 Florida Python Challenge,"Tom Rahill captured 96 Burmese pythons in Everglades National Park in just 10 days, but his real mission involved a veteran and a 17-foot snake.",https://www.foxnews.com/outkick-culture/tom-rahill-captures-96-burmese-pythons-10-days-win-2026-florida-python-challenge,https://static.foxnews.com/foxnews.com/content/uploads/2026/08/gettyimages-1142483474.jpg,2026-08-06T22:14:02Z,"It was a bad week to be a Burmese python.
Tom Rahill removed 96 of the invasive snakes from the Everglades in just 10 days more than enough to leave the rest of the field in the swamp dust.
CLICK H… [+3232 chars]",fox-news,Fox News
