author,title,description,url,urlToImage,publishedAt,content,source.id,source.name
,Reality star says 'RHOC' cost her marriage as daughter shuns show after military husband's portrayal,"Briana Culberson allegedly told Andy Cohen to ""please lose my number"" after Bravo's portrayal of her Marine Corps husband caused lasting family damage.",https://www.foxnews.com/entertainment/reality-star-says-rhoc-cost-her-marriage-daughter-shuns-show-after-military-husbands-portrayal,https://static.foxnews.com/foxnews.com/content/uploads/2026/08/rhoc-vicki-gunvalson.jpg,2026-08-05T01:53:12Z,"Vicki Gunvalson became the ""OG of the OC"" after starring on the first ever ""Real Housewives"" cast 20 years ago.
While she recently returned to the Southern California franchise and stars in ""The Rea… [+3276 chars]",fox-news,Fox News
,"NFL executives, coaches put Shedeur Sanders last in QB rankings in survey: 'Shouldn't lose to him'","Shedeur Sanders ranked dead last among 35 NFL quarterbacks by executives and coaches during a survey, with one saying he'd ""sleep like a baby"" facing him.",https://www.foxnews.com/sports/nfl-executives-coaches-put-shedeur-sanders-last-qb-rankings-survey-shouldnt-lose-him,https://static.foxnews.com/foxnews.com/content/uploads/2026/07/GettyImages-2280177069.jpg,2026-08-05T01:45:51Z,"Cleveland Browns quarterback Shedeur Sanders had flashes of great play when he finally got a chance to start during his rookie season in 2025.
But it doesnt seem to be enough in the eyes of executiv… [+2974 chars]",fox-news,Fox News
,Mom of 4 recovering after suspected spider bite leads to severe complications: reports,"Britagne Miller reportedly spent weeks hospitalized, including time in intensive care, after a suspected spider bite was followed by surgery and infections.",https://www.foxnews.com/us/mom-recovering-suspected-spider-bite-leads-severe-complications,https://static.foxnews.com/foxnews.com/content/uploads/2026/08/kansas-mom-spider-bite-.jpg,2026-08-05T01:41:17Z,"A Kansas mother of four is reportedly recovering after a suspected spider bite led to surgery, serious infections and a weeks-long hospital stay.
Britagne Miller, of Goddard about 14 miles west of W… [+2813 chars]",fox-news,Fox News
,Federal appeals court clears way for DeSantis-backed law restricting children at some drag shows,The 11th Circuit ruled 8-5 that Hamburger Mary's failed to show it would likely succeed in its First Amendment challenge to Florida's drag show law.,https://www.foxnews.com/politics/federal-appeals-court-clears-way-desantis-backed-law-restricting-children-drag-shows,https://static.foxnews.com/foxnews.com/content/uploads/2026/08/drag-performance-florida.jpg,2026-08-05T01:33:53Z,"A divided federal appeals court cleared the way for Florida to enforce a Gov. Ron DeSantis-backed law restricting children from certain sexually explicit live performances, including drag performance… [+5315 chars]",fox-news,Fox News
,'Squad' socialist scores re-election nod as radical wave continues to sweep party,Rashida Tlaib's Democratic primary win extends a surge of progressive and Democratic Socialists of America-backed candidates unseating incumbents.,https://www.foxnews.com/politics/squad-socialist-scores-reelection-nod-radical-wave-continues-sweep-party,https://static.foxnews.com/foxnews.com/content/uploads/2026/04/rashida-tlaib-capitol-speech-harassment-claims.jpeg,2026-08-05T01:26:35Z,"Rep. Rashida Tlaib, D-Mich., one of Congress most outspoken progressives and a member of the ""Squad,"" won the 12th Congressional District's Democratic primary on Tuesday evening, teeing up her reelec… [+3704 chars]",fox-news,Fox News
,Trump-backed Bronze Star veteran secures party nod in must-win district,Michael Bouchard's Trump endorsement and Bronze Star credentials face a tough test in Michigan's competitive 10th congressional district race.,https://www.foxnews.com/politics/trump-backed-bronze-star-veteran-secures-party-nod-must-win-district,https://static.foxnews.com/foxnews.com/content/uploads/2026/08/michael-bouchard-for-congress.jpg,2026-08-05T01:23:43Z,Bronze Star veteran and Republican congressional candidate Michael Bouchard won a GOP primary on Tuesday evening in a bid to represent Michigans 10th Congressional District after receiving an endorse… [+3239 chars],fox-news,Fox News
,"Urban Meyer, Colin Cowherd say Big Ten venues and fans have caught up and 'bypassed the SEC'","Urban Meyer says Big Ten stadiums, fanbases, and passion have caught up to and bypassed the SEC after three straight national championships.",https://www.foxnews.com/outkick-sports/urban-meyer-colin-cowherd-big-ten-venues-fans-caught-up-bypassed-sec,https://static.foxnews.com/foxnews.com/content/uploads/2025/11/urban-meyer-11125.jpg,2026-08-05T01:20:46Z,"It wouldn't be the college football offseason without some spirited debate over the quality of different conferences. Not only has this offseason not been any different, it might feature more debate … [+3134 chars]",fox-news,Fox News
,GOP dukes it out in red state primary to reclaim governor's mansion,"Kansas Republican primary featured Scott Schwab, Ty Masterson and Vicki Schmidt vying to reclaim the governor's mansion from Democratic control.",https://www.foxnews.com/politics/conservative-heavyweights-duked-red-state-primary-reclaim-governors-mansion-democrats,https://static.foxnews.com/foxnews.com/content/uploads/2025/07/ty-masterson.jpg,2026-08-05T01:15:14Z,"Republican voters in Kansas chose their nominee Tuesday in one of the year's highest-profile gubernatorial primaries.
Ty Mastersonwill face the Democratic nominee in the Nov. 3 general election to s… [+1609 chars]",fox-news,Fox News
,Kristin Cavallari flaunts her toned figure in bikinis during European summer vacation,Kristin Cavallari's Mediterranean vacation photos with pal Justin Anderson. The star wore a variety of swimsuits for her summer vacation.,https://www.foxnews.com/entertainment/kristin-cavallari-flaunts-her-toned-figure-bikinis-during-european-summer-vacation,https://static.foxnews.com/foxnews.com/content/uploads/2026/08/kristin-cavallari-today-show-manhattan.jpg,2026-08-05T01:12:23Z,"The ""Laguna Beach"" alum enjoyed a European getaway with longtime friend Justin Anderson after opening up about her recent dating life.
Kristin Cavallari is soaking up the Mediterranean and getting f… [+4625 chars]",fox-news,Fox News
,'Squad' member's comeback bid thwarted as establishment Dems notch victory against socialists,Wesley Bell defeated Cori Bush for the second time in Missouri as establishment Democrats scored a key victory over the DSA-linked insurgent left.,https://www.foxnews.com/politics/squad-members-comeback-bid-thwarted-establishment-dems-notch-victory-against-socialists,https://static.foxnews.com/foxnews.com/content/uploads/2025/08/wesley-bell-missouri.jpg,2026-08-05T01:09:40Z,"A comeback bid launched by former House ""Squad"" member Cori Bush was thwarted on Tuesday night, as establishment Democrats notched a key victory in the party's civil war with the insurgent left.
Rep… [+1912 chars]",fox-news,Fox News
,"Michigan’s top election official wins Democratic primary for governor, advances to battleground race",Jocelyn Benson defeated Chris Swanson in Michigan's Democratic gubernatorial primary and will face either John James or Perry Johnson this fall.,https://www.foxnews.com/politics/michigans-top-election-official-wins-democratic-primary-governor-advances-battleground-race,https://static.foxnews.com/foxnews.com/content/uploads/2026/04/Jocelyn-Benson-on-stage.jpeg,2026-08-05T01:06:01Z,"Michigan Secretary of State Jocelyn Benson on Tuesday captured the Democratic nomination of governor in the crucial Great Lakes battleground state, in the race to succeed term-limited Gov. Gretchen W… [+2100 chars]",fox-news,Fox News
,"If you're knocking out DoorDash drivers with a baseball bat after they honk at you, police would like a word","A DoorDash driver says a Range Rover followed her after she honked at a red light in Jacksonville, North Carolina, then struck her with a wooden bat.",https://www.foxnews.com/outkick-culture/knocking-out-doordash-drivers-baseball-bat-after-honk-police-word,https://static.foxnews.com/foxnews.com/content/uploads/2026/08/man-beanie-hat-bridge-baseball-bat.jpg,2026-08-05T01:02:07Z,"A typical early morning DoorDash delivery in Jacksonville, North Carolina on Saturday went off the rails when a Range Rover that was stopped at a red light didn't move when the light turned green.
T… [+1695 chars]",fox-news,Fox News
,Mamdani's property tax dubbed 'dangerous' and 'a little weird' by comedians after published list,"Dana Carvey and David Spade called the published New York City property database ""dangerous"" in light of New York City Mayor Zohran Mamdani's pied-à-terre tax.",https://www.foxnews.com/media/mamdanis-property-tax-dubbed-dangerous-a-little-weird-comedians-after-published-list,https://static.foxnews.com/foxnews.com/content/uploads/2026/07/mamdani.png,2026-08-05T00:44:18Z,"Comedians Dana Carvey and David Spade mocked the idea of New York City Mayor Zohran Mamdani's pied-à-terre tax on Sunday after the city published a searchable database of property owners.
""Well, Mam… [+3373 chars]",fox-news,Fox News
,Indiana takes full advantage of NCAA courtroom chaos with stunning roster move amid eligibility fight,Indiana Hoosiers add Stephen Daley back to the roster after a Colorado court ruling grants 2022-class athletes an additional eligibility season.,https://www.foxnews.com/outkick-sports/indiana-takes-full-advantage-ncaa-courtroom-chaos-stunning-roster-move-amid-eligibility-fight,https://static.foxnews.com/foxnews.com/content/uploads/2026/08/stephen-daley-indiana-hoosiers-football-fox-news__001.jpg,2026-08-05T00:38:53Z,The defending national champion Indiana Hoosiers are making moves in the midst of an ongoing court battle between the NCAA and plaintiffs involved in a court case that could have major ramifications … [+5355 chars],fox-news,Fox News
,Trump urges Senate to pass bill making daylight saving time permanent after overwhelming House vote,"Trump urged Republican senators to release holds on the Sunshine Protection Act, saying permanent daylight saving time would cut crime and accidents.",https://www.foxnews.com/politics/trump-urges-senate-pass-bill-making-daylight-saving-time-permanent-overwhelming-house-vote,https://static.foxnews.com/foxnews.com/content/uploads/2026/07/trump-freedom-haulers-scaled.jpg,2026-08-05T00:23:53Z,"President Donald Trump on Tuesday urged the Senate to quickly pass legislation making daylight saving time permanent, arguing that ending the twice-yearly clock changes would improve public safety, b… [+3461 chars]",fox-news,Fox News
,Dems select their candidate to face longtime GOP lawmaker who balked Virginia redistricting,A crowded seven-candidate Democratic primary in Virginia's 1st Congressional District sets up a November showdown against Rep. Rob Wittman.,https://www.foxnews.com/politics/dems-select-candidate-face-longtime-gop-lawmaker-balked-virginia-redistricting,https://static.foxnews.com/foxnews.com/content/uploads/2026/08/Virginia-flag.jpg,2026-08-05T00:05:39Z,"Shannon Taylor won the Democratic primary Tuesday in Virginia's 1st Congressional District.
The victory sets up a Nov. 3 showdown between the Democrat nominee vying to take out longtime Republican R… [+1793 chars]",fox-news,Fox News
,"Rogue parrot attacks players during Brazilian U-15 soccer game, then comes back and does it again","A large parrot attacked teenage soccer players during a Flamengo vs. Ceará Brazil Under-15 Cup match in Rio de Janeiro, halting play multiple times.",https://www.foxnews.com/outkick-sports/rogue-parrot-attacks-players-brazilian-u-15-soccer-game-comes-back-does-it-again,https://static.foxnews.com/foxnews.com/content/uploads/2026/08/parrot-head-on.jpg,2026-08-05T00:00:53Z,"With the World Cup behind us, the sport of soccer is going to need to find some new, innovative ways to put the game in front of people's eyeballs.
Well, a U-15 game down in Brazil which, from what … [+1638 chars]",fox-news,Fox News
,Tarik Skubal's Dodgers debut ends in decisive 5-1 loss to Cubs as LA drops fifth straight game,The Dodgers fell to 3-7 in their last 10 games as Chicago's Dansby Swanson and Nico Hoerner powered the Cubs past LA despite Skubal's solid start.,https://www.foxnews.com/outkick-sports/tarik-skubal-dodgers-debut-ends-decisive-5-1-loss-cubs-la-drops-fifth-straight-game,https://static.foxnews.com/foxnews.com/content/uploads/2026/08/tarik-skubal-celebrates-dugout-cubs.jpg,2026-08-05T03:40:21Z,"The Los Angeles Dodgers ruined baseball this past weekend when they attempted to make their team better, an unforgivable crime in the world of modern online baseball fandom.
With Shohei Ohtani nursi… [+4411 chars]",fox-news,Fox News
,Sunrise Movement co-founder defeats establishment-backed Dems in pivotal Michigan race,"William Lawrence, co-founder of the Sunrise Movement, defeated former ambassador Bridget Brink in Michigan's 7th Congressional District Democratic primary.",https://www.foxnews.com/politics/sunrise-movement-co-founder-defeats-establishment-backed-dems-pivotal-michigan-race,https://static.foxnews.com/foxnews.com/content/uploads/2026/08/Will_Lawrence_MI.jpg,2026-08-05T03:31:08Z,"The far-left insurgency within the Democratic Party scored another victory on Tuesday night, with a co-founder of the progressive Sunrise Movement trouncing two establishment-backed Democrats in a co… [+2376 chars]",fox-news,Fox News
,Trump-backed Republican advances to face vulnerable Democrat in key House battleground,Trump-backed John Braun advances past a jungle primary to challenge Democrat Rep. Marie Gluesenkamp Perez in one of the most competitive House races of November.,https://www.foxnews.com/politics/trump-backed-republican-advances-face-vulnerable-democrat-key-house-battleground,https://static.foxnews.com/foxnews.com/content/uploads/2025/11/gluesenkamp-looking-serious.png,2026-08-05T03:23:26Z,"Republicans just took a major step forward in their goal to keep the House majority this November.
A GOP hopeful backed by President Donald Trump advanced in a jungle primary for Washington's 3rd Co… [+2334 chars]",fox-news,Fox News
,El-Sayed's socialist allies reject GOP claims about Dems embracing the far left,"Abdul El-Sayed's allies say his Democratic primary win reflects progressive populism focused on health care and wages, not a leftward shift.",https://www.foxnews.com/politics/el-sayed-socialist-allies-dismiss-gop-claims-democrats-embracing-far-left,https://static.foxnews.com/foxnews.com/content/uploads/2026/07/Melat-Kiros-at-primary-victory.jpg,2026-08-05T03:01:36Z,"As Republicans seek to portray Democratic primary victories by progressives as evidence the party is moving sharply left, allies of Abdul El-Sayed argued Tuesday that voters are instead demanding an … [+2967 chars]",fox-news,Fox News
,Roddy White questions 49ers’ handling of Brandon Aiyuk as receiver's future in San Francisco remains unclear,"Brandon Aiyuk remains on the 49ers' reserve list as NFL training camp opens, with Commanders interest reportedly cooling after his Instagram posts.",https://www.foxnews.com/sports/roddy-white-questions-49ers-handling-brandon-aiyuk-receivers-future-san-francisco-remains-unclear,https://static.foxnews.com/foxnews.com/content/uploads/2026/08/Roddy-White-Falcons.jpg,2026-08-05T03:00:50Z,"Brandon Aiyuks unresolved status remained one of the lingering questions as the San Francisco 49ers opened training camp, with the team offering no update and the next move seemingly left to the wide… [+3449 chars]",fox-news,Fox News
,Dems rally around best hope to defend governor's mansion from GOP takeover,"Ethan Corson, Cindy Holscher, and Curt Skoog competed in the Kansas Democratic primary to succeed term-limited Gov. Laura Kelly in November.",https://www.foxnews.com/politics/dems-hope-defend-governors-mansion-gop-takeover-red-state,https://static.foxnews.com/foxnews.com/content/uploads/2026/08/kansas-state-capitol.jpg,2026-08-05T02:47:07Z,Democrats are hoping their new candidate will be able to keep the governor's mansion Democrat in deep red Kansas as they put upCindy Holscher to face the Republican nominee Ty Masterson in the Nov. 3… [+1994 chars],fox-news,Fox News
,"Yankees' George Lombard Jr, replacing embattled Anthony Volpe, mashes home run for first hit in MLB debut",George Lombard Jr. launched a solo home run for his first career hit and turned multiple double plays in a dazzling major league debut at Yankee Stadium.,https://www.foxnews.com/sports/yankees-george-lombard-jr-replacing-anthony-volpe-mashes-home-run-first-hit-mlb-debut,https://static.foxnews.com/foxnews.com/content/uploads/2026/08/george-lombard-jr-yankees-home-run-debut.jpg,2026-08-05T02:35:05Z,"The highly anticipated major league debut for New York Yankees top prospect George Lombard Jr. couldnt have gone any better on Tuesday night in the Bronx.
And while its just one game, it may be hard… [+2824 chars]",fox-news,Fox News
,"Trump-backed candidate lands GOP nod, setting up high-stakes governor showdown","John James topped Perry Johnson in Michigan's GOP gubernatorial primary, setting up a general election battle against Jocelyn Benson this fall.",https://www.foxnews.com/politics/trump-backed-candidate-lands-gop-nod-setting-up-high-stakes-governor-showdown,https://static.foxnews.com/foxnews.com/content/uploads/2026/08/Donald-Trump-Mike-Rogers-John-James-Milford-Michigan-July-27_-2026.jpg,2026-08-05T02:27:18Z,"President Donald Trump's kingmaker status in Republican primaries was on the line Tuesday in Michigan's GOP gubernatorial nomination showdown and the president passed the test.
Republican Rep. John … [+4134 chars]",fox-news,Fox News
,ESPN's Stephen A Smith says Lynx coach Cheryl Reeve hurt WNBA with trans shirt controversy,"Stephen A. Smith blasted Cheryl Reeve for wearing a ""Trans Kids Belong"" shirt during her first matchup against Fever guard Sophie Cunningham.",https://www.foxnews.com/outkick-sports/espn-stephen-smith-lynx-coach-cheryl-reeve-hurt-wnba-trans-shirt-controversy,https://static.foxnews.com/foxnews.com/content/uploads/2026/08/cheryl-reeve-minnesota-lynx-indiana-fever_001.jpg,2026-08-05T02:15:06Z,"When Stephen A. Smith finally decides to say it, chances are the rest of the country already got there first.
Minnesota Lynx head coach Cheryl Reeve found herself right in Smith's crosshairs after w… [+3412 chars]",fox-news,Fox News
,Big money propels Dem megachurch pastor to victory in longshot Kansas Senate bid,"Adam Hamilton won Kansas Democrats' 11-way primary to challenge Sen. Roger Marshall, who calls the megachurch pastor ""too woke for Kansas.""",https://www.foxnews.com/politics/big-money-propels-dem-megachurch-pastor-victory-longshot-kansas-senate-bid,https://static.foxnews.com/foxnews.com/content/uploads/2026/08/hamilton-kansas-primary.jpg,2026-08-05T02:08:34Z,"Kansas Democrats have made their choice in one of the most crowded primary battles in the nation and are backing a political newcomer with an eye-popping campaign war chest.
Adam Hamilton emerged vi… [+2876 chars]",fox-news,Fox News
,Socialist tenant organizer who blasted 'sell-out Democrats' loses Midwest primary,"Hartzell Gray built his campaign on Hasan Piker livestreams and small-dollar fundraising, but it wasn't enough to advance past the Democratic primary",https://www.foxnews.com/politics/socialist-tenant-organizer-blasted-sell-out-democrats-loses-midwest-primary,https://static.foxnews.com/foxnews.com/content/uploads/2026/08/hartzell-gray.jpg,2026-08-05T04:52:59Z,"Jordan Herrera, an attorney, Air Force veteran and former Missouri assistant attorney general, won the Democratic nomination Tuesday in Missouris newly redrawn 4th Congressional District, defeating b… [+3088 chars]",fox-news,Fox News
,Dems rally behind Michigan prosecutor to champion party in crucial House race,"In her career as a prosecutor, Christina Hines described her work as helping victims of sexual abuse and human trafficking.",https://www.foxnews.com/politics/dems-rally-behind-michigan-prosecutor-champion-party-crucial-house-race,https://static.foxnews.com/foxnews.com/content/uploads/2026/08/christina-hines-for-congress.jpg,2026-08-05T04:20:15Z,"Christina Hines, a prosecutor and Democratic candidate for Congress in Michigan's 10th Congressional District, secured her party's nomination in a primary election on Tuesday evening.
Democrats will… [+2853 chars]",fox-news,Fox News
,"2026 Midterms State of Play: Key races unfold as Stevens, El-Sayed battle in Michigan",Rep. Haley Stevens and Abdul El-Sayed battle in Michigan's Democratic senate primary as progressive and establishment wings clash over party direction.,https://www.foxnews.com/politics/2026-midterms-state-of-play-key-races-unfold-stevens-el-sayed-battle-michigan,https://static.foxnews.com/foxnews.com/content/uploads/2026/08/ae719579-el-sayed-stevens-split-2.jpg,2026-08-05T04:00:13Z,"The 2026 midterms kicked into high gear Tuesday as voters headed to the polls across five states, with Michigan's marquee Democratic Senate primary leading a slate of closely watched contests.
The c… [+2350 chars]",fox-news,Fox News
,"Lindsay Clancy strikes evidence deal as fingerprint gap opens trial debate, expert says",Lindsay Clancy agreed to a stipulation in court as a state police trooper testified no usable fingerprints were found on a knife or exercise bands.,https://www.foxnews.com/us/lindsay-clancy-strikes-evidence-deal-fingerprint-gap-opens-trial-debate-expert-says,https://static.foxnews.com/foxnews.com/content/uploads/2026/07/lindsay-clancy-listens-in-court.jpg,2026-08-05T04:00:02Z,"Lindsay Clancy spoke directly in court Tuesday, repeatedly answering, ""Yes, Your Honor,"" as she agreed to let prosecutors treat certain forensic facts as established hours before a state police troop… [+4315 chars]",fox-news,Fox News
,"Democrats' bitter civil war hits Michigan, but biggest prize still up for grabs",Abdul El-Sayed and Haley Stevens remain locked in a razor-thin Michigan senate primary as Bernie Sanders and AIPAC-backed forces clash head-on.,https://www.foxnews.com/politics/michigan-democratic-senate-primary-el-sayed-stevens,https://static.foxnews.com/foxnews.com/content/uploads/2026/07/haley-stevens-abdul-el-sayed-split.jpg,2026-08-05T07:28:00Z,"DETROIT The Democratic Party's progressive wing was aiming to notch its biggest victory yet Tuesday, hoping to deliver a high-profile blow to the center-left establishment in an intensifying ideologi… [+8937 chars]",fox-news,Fox News
Connor Markey,#853 – New York State of Mind: Big Apple Landmarks & Presidential Palates,"In today’s episode of The Quiz, we’re testing your knowledge on American monuments, presidential trivia, and iconic cartoon voices. Can you answer these? Weather Extremes: Severe storms hit many parts of the globe, but which nation experiences the highest tot…",https://radio.foxnews.com/2026/08/05/853-new-york-state-of-mind-big-apple-landmarks-presidential-palates/,https://static-radio.foxnews.com/radio.foxnews.com/content/uploads/2024/03/75dc8945-the-quiz-thursday.png,2026-08-05T07:00:30Z,"In today’s episode of The Quiz, we’re testing your knowledge on American monuments, presidential trivia, and iconic cartoon voices. Can you answer these?
<ul><li>Weather Extremes: Severe storms hit … [+551 chars]",fox-news,Fox News
,Trump warns Iran will be hit 'really hard' if nuclear negotiations collapse again,"Trump told Fox News that Iran will get hit ""really hard"" if negotiations collapse, warning that military action remains on the table if diplomacy fails.",https://www.foxnews.com/politics/trump-iran-nuclear-talks-strike-warning,https://static.foxnews.com/foxnews.com/content/uploads/2026/06/trump-iran-nuclear-bomb-deal.jpg,2026-08-05T06:28:09Z,"President Donald Trump renewed his warning to Iran on Tuesday, saying the U.S. could strike the country ""really hard"" if negotiations between Washington and Tehran collapse again.
""If they back out … [+2975 chars]",fox-news,Fox News
,Capybaras crash Brazilian lawmakers' voting session and steal the show,"Capybaras wandered through the front door of the Mato Grosso state legislature in Brazil, surprising lawmakers preparing for a vote last week.",https://www.foxnews.com/world/capybaras-crash-brazilian-lawmakers-voting-session-steal-show,https://static.foxnews.com/foxnews.com/content/uploads/2026/08/capybara-brazil-outside-lawmakers.png,2026-08-05T06:00:44Z,"Brazilian lawmakers preparing to conduct official business found themselves sharing the halls of a state legislature with several uninvited but unusually relaxed guests.
A group of capybaras entered… [+1339 chars]",fox-news,Fox News
,Iran’s regime won’t negotiate in good faith. Trump must break its grip,"Trump signals a dangerous new phase against Iran, targeting infrastructure that sustains the Islamic Republic rather than just nuclear facilities.",https://www.foxnews.com/opinion/irans-regime-wont-negotiate-good-faith-trump-must-break-its-grip,https://static.foxnews.com/foxnews.com/content/uploads/2026/02/bomber-aircraft-carrier.jpg,2026-08-05T09:00:47Z,"At Camp David, President Donald Trump signaled that Washington is entering a more dangerous phase in its confrontation with Iran. The objective is seemingly no longer limited to dismantling Irans nuc… [+9030 chars]",fox-news,Fox News
,WATCH: Smithsonian director admits she sees history as ‘tool’ of ‘social justice’ after explosive hearing,"A resurfaced video shows Smithsonian museum director Anthea Hartig calling history a ""prime tool of social justice"" and touting reparations and equity.",https://www.foxnews.com/politics/smithsonian-director-admits-sees-history-tool-social-justice-explosive-hearing,https://static.foxnews.com/foxnews.com/content/uploads/2026/08/national-museum-american-history-director-dr-anthea-hartig.jpg,2026-08-05T09:00:26Z,"After an explosive series of congressional hearings on alleged woke ""ideological capture"" at the Smithsonian, a resurfaced video of a presentation by National Museum of American History Director Anth… [+5303 chars]",fox-news,Fox News
,WATCH: Smithsonian director admits she sees history as ‘tool’ of ‘social justice’ in resurfaced 2025 clip,"A resurfaced video shows Smithsonian Museum Director Anthea Hartig calling history a ""prime tool of social justice"" and touting reparations and equity.",https://www.foxnews.com/politics/watch-smithsonian-director-admits-she-sees-history-tool-social-justice-resurfaced-2025-clip,https://static.foxnews.com/foxnews.com/content/uploads/2026/08/national-museum-american-history-director-dr-anthea-hartig.jpg,2026-08-05T09:00:26Z,"After an explosive series of congressional hearings on alleged woke ""ideological capture"" at the Smithsonian, a resurfaced video of a presentation by National Museum of American History Director Anth… [+5304 chars]",fox-news,Fox News
,Did Fauci properly take the Fifth? The Senate could put that claim to the test,"Anthony Fauci invoked the Fifth Amendment 111 times at a Senate hearing, raising questions about whether his blanket Biden pardon makes the claim improper.",https://www.foxnews.com/opinion/did-fauci-properly-take-fifth-senate-could-put-claim-test,https://static.foxnews.com/foxnews.com/content/uploads/2026/07/anthony-fauci-senate-hearing-fifth-amendment.jpg,2026-08-05T09:00:25Z,"Dr. Anthony Fauci, the point man for Americas pandemic response who was once the doyen of Hollywood (see here and here), turned in a less-than-stellar performance before the Senate Homeland Security … [+5369 chars]",fox-news,Fox News
,AMB GORDON SONDLAND: America's aid to Israel isn't charity — it's a bargain for US security,A former U.S. ambassador argues the $3.8 billion in annual security assistance to Israel yields unmatched returns in intelligence and missile defense.,https://www.foxnews.com/opinion/amb-gordon-sondland-americas-aid-israel-bargain-us-security,https://static.foxnews.com/foxnews.com/content/uploads/2026/07/israeli-prime-minister-netanyahu-us-president-trump-december-2025.jpg,2026-08-05T09:00:15Z,"Every few years, Americans ask the same question: Why do we send billions of dollars to Israel?
Given a national debt approaching $40 trillion and an annual defense budget of roughly $1 trillion, it… [+7567 chars]",fox-news,Fox News
,Marine veteran Las Vegas officer killed in shooting; armed suspect also dead,A Las Vegas police officer and Marine veteran was fatally shot responding to a suspected gunman waving a firearm at a business on East Tropicana Avenue.,https://www.foxnews.com/us/las-vegas-officer-killed-tropicana-shooting,https://static.foxnews.com/foxnews.com/content/uploads/2026/08/sheriff-vegas-shooting-officer-killed.png,2026-08-05T08:11:38Z,"A Las Vegas police officer who was a Marine veteran was killed Tuesday while responding to a report of an armed person, authorities said. The suspect was also killed in the encounter.
Officers and p… [+1923 chars]",fox-news,Fox News
,"PGA Tour 2026: Wyndham Championship best bets, 'horses for the course' for the Sedgefield Country Club","Tom Kim leads the 2026 Wyndham Championship betting card at Sedgefield Country Club, where accuracy and putting matter most for FedExCup positioning.",https://www.foxnews.com/outkick-sports/pga-tour-2026-wyndham-championship-best-bets-horses-course-sedgefield-country-club,https://static.foxnews.com/foxnews.com/content/uploads/2026/08/tom-kim-wyndham-fox-news-001.jpg,2026-08-05T11:23:08Z,"As the PGA Tour regular season reaches its thrilling conclusion, players head to Greensboro, North Carolina, for the 2026 Wyndham Championship. First held in 1938, the Wyndham is the final chance for… [+6895 chars]",fox-news,Fox News
,Takeaways from crucial primary elections across the country and more top headlines,Get all the stories you need-to-know from the most powerful name in news delivered first thing every morning to your inbox.,https://www.foxnews.com/us/takeaways-from-crucial-primary-elections-across-country-more-top-headlines,https://static.foxnews.com/foxnews.com/content/uploads/2026/08/ae719579-el-sayed-stevens-split-2.jpg,2026-08-05T11:19:34Z,"Good morning and welcome to Fox News' morning newsletter, Fox News First. And here's what you need to know to start your day ...
TOP 3
1. Takeaways from crucial primary elections across the country… [+3003 chars]",fox-news,Fox News
,Navy's Blue Angels were the stars of the Seattle Seahawks' first 'Hard Knocks' episode: 'America!',"The Blue Angels stole the show during Seattle's first padded practice since Super Bowl LX, turning NFL training camp into a air show preview.",https://www.foxnews.com/outkick-sports/navys-blue-angels-stars-seattle-seahawks-hard-knocks-episode-america,https://static.foxnews.com/foxnews.com/content/uploads/2026/07/blue-angels-2.jpg,2026-08-05T11:07:18Z,"The Seattle Seahawks are allowing the NFL's annual ""Hard Knocks"" series to take us behind the scenes and the first episode with the defending Super Bowl champions gave us a peek of the first day of t… [+3042 chars]",fox-news,Fox News
,Americans deserve to know healthcare prices before the final bill arrives,"A 2025 poll shows 96% of Americans support healthcare price transparency as Congress works to make it law, with billions in potential savings.",https://www.foxnews.com/opinion/americans-deserve-know-healthcare-prices-before-final-bill-arrives,https://static.foxnews.com/foxnews.com/content/uploads/2026/07/health-care-worker-nurse-notes.jpg,2026-08-05T11:00:57Z,"In an era of political gridlock, at least one clear area of bipartisan common ground continues to exist the desire for real healthcare price transparency. In fact, a 2025 poll showed 96% of Americans… [+5357 chars]",fox-news,Fox News
,"5 reasons more Americans are cutting off their own parents, according to psychologist","A psychologist identifies five key drivers of family estrangement, from political differences and social media influence to therapy culture and partners.",https://www.foxnews.com/health/5-reasons-more-americans-cutting-off-own-parents-according-psychologist,https://static.foxnews.com/foxnews.com/content/uploads/2026/08/mother-daughter-not-speaking.jpg,2026-08-05T11:00:45Z,"Cutting off family members is becoming more and more common, leading experts to consider the drivers of the division.
A 2025 YouGov survey found that 38% of U.S. adults are estranged from at least o… [+6619 chars]",fox-news,Fox News
,Back to school should not mean back to fear for Jewish students,"FBI statistics show Jews face 70% of religion-based hate crimes despite being 2% of the population, with 10% of those crimes occurring in schools.",https://www.foxnews.com/opinion/back-school-should-not-mean-back-fear-jewish-students,https://static.foxnews.com/foxnews.com/content/uploads/2026/03/temple-israel-aftermath-01.jpg,2026-08-05T11:00:24Z,Its back to school time and many Jewish families are worried about much more than just shopping for new shoes and school supplies. They are concerned that their children may not be safe because they … [+4695 chars],fox-news,Fox News
,Suspects in deadly Connecticut home invasion arrested in attack that rocked beach town,"The second suspect in the fatal June 3 Milford, Connecticut shooting was captured in the Bronx after a two-month investigation by U.S. Marshals.",https://www.foxnews.com/us/suspects-deadly-connecticut-home-invasion-arrested-attack-rocked-beach-town,https://static.foxnews.com/foxnews.com/content/uploads/2026/08/us-marshals-arrest-suspect-in-deadly-connecticut-beach-town-home-invasion.jpg,2026-08-05T11:00:20Z,"A suspect involved in a deadly home invasion in a coastal Connecticut beach town was captured by U.S. Marshals in New York following a two-month investigation.
On Tuesday, the U.S. Marshals New York… [+2186 chars]",fox-news,Fox News
,NCAA softball player reveals alleged encounter with pro-trans counterprotesters at Sophie Cunningham rally,"Kendall Kotzmacher alleges a counterprotester with a megaphone told her she ""should've been aborted"" at the Sophie Cunningham rally in Minneapolis.",https://www.foxnews.com/outkick-sports/ncaa-softball-player-reveals-alleged-encounter-pro-trans-counterprotesters-sophie-cunningham-rally,https://static.foxnews.com/foxnews.com/content/uploads/2026/08/Kotzmacher.jpg,2026-08-05T10:58:12Z,"Kendall Kotzmacher returned from college to her home state on Sunday to attend a Sophie Cunningham rally in Minneapolis.
She made the trip home to Minnesota just more than year after her final high … [+7176 chars]",fox-news,Fox News
,Hillary Clinton appears mesmerized by WNBA team's dancing elephant mascot,Video captures Hillary Clinton's priceless reaction to New York Liberty mascot Ellie the Elephant's halftime headstand during the Seattle Storm game.,https://www.foxnews.com/outkick-sports/hillary-clinton-mesmerized-wnba-team-dancing-elephant-mascot,https://static.foxnews.com/foxnews.com/content/uploads/2026/08/clinton-liberty.jpg,2026-08-05T10:49:41Z,"Love it or hate it, there are a lot of eyeballs on the WNBA these days, and where there are eyeballs, you can be sure Hillary Clinton and her armada of pantsuits are going to show up at some point.
… [+1876 chars]",fox-news,Fox News
,GOP governor endorses candidate challenging Trump-backed congressman in Republican US House primary,"Tennessee Gov. Bill Lee endorsed former state Agriculture Commissioner Charlie Hatcher, who is challenging U.S. Rep. Andy Ogles in a GOP U.S. House primary.",https://www.foxnews.com/politics/gop-governor-endorses-candidate-challenging-trump-backed-congressman-republican-us-house-primary,https://static.foxnews.com/foxnews.com/content/uploads/2026/08/8a341653-tennessee-gov-bill-lee.jpg,2026-08-05T10:03:17Z,"Tennessee Gov. Bill Lee endorsed former state Agriculture Commissioner Charlie Hatcher, the candidate running against President Donald Trump-backed U.S. Rep. Andy Ogles in a Republican U.S. House pri… [+1699 chars]",fox-news,Fox News
,Century-old Italian ice recipe is creating childhood memories for a whole new generation,A 111-year-old New Jersey family business is now offering franchise opportunities to expand its hand-squeezed lemon ice nationwide.,https://www.foxnews.com/food-drink/century-old-italian-ice-recipe-creating-childhood-memories-whole-new-generation,https://static.foxnews.com/foxnews.com/content/uploads/2026/08/44218290-eileen_oconnor.jpg,2026-08-05T10:00:51Z,"What started in 1915 as a neighborhood Italian ice shop without a sign is ready to expand nationwide by offering franchises.
""It was one of those, 'If you know, you know. It's that little green shac… [+4010 chars]",fox-news,Fox News
,Luigi Mangione's livestream stunt aims to get influencers to 'pressure' jurors: former prosecutor,A former federal prosecutor says Luigi Mangione's push to livestream his murder trial is designed to pressure jurors and fuel jury nullification.,https://www.foxnews.com/us/luigi-mangione-livestream-stunt-aims-get-influencers-pressure-jurors-former-prosecutor,https://static.foxnews.com/foxnews.com/content/uploads/2025/12/luigi-mangione-court-shooter-hearing-brian-thompson-unitedhealthcare-ceo-1211-003.jpg,2026-08-05T10:00:50Z,"Luigi Mangione's push to livestream his murder trial isn't about transparency, it's a stunt designed to pressure jurors, a former federal prosecutor is arguing.
Lawyers for the accused UnitedHealthc… [+3996 chars]",fox-news,Fox News
,Mamdani faces questions over ties to outlet accused of antisemitic tropes,"The ADL says Uncivilized Media pushes antisemitic conspiracy theories, raising questions about Zohran Mamdani's 2023 interview with the outlet.",https://www.foxnews.com/media/mamdani-faces-questions-ties-outlet-accused-antisemitic-tropes,https://static.foxnews.com/foxnews.com/content/uploads/2026/08/zohran-mamdani-nyc-1.jpg,2026-08-05T10:00:12Z,"New York City Mayor Zohran Mamdani is facing questions about his relationship with Uncivilized Media, a Qatar-based controversial outlet that has been accused of spreading antisemitic conspiracy theo… [+4594 chars]",fox-news,Fox News
,10-year-old boy recounts near-drowning as family reveals friendship with California teen lifeguard hero,Nathaniel Rai recalls the terrifying surf rescue that saved his life as his family opens up about the close friendship they formed with the California teen hero.,https://www.foxnews.com/us/10-year-old-california-boy-recounts-near-drowning-family-reveals-friendship-teen-lifeguard-hero,https://static.foxnews.com/foxnews.com/content/uploads/2026/08/nathaniel-rai-ryder-williams-2.jpg,2026-08-05T10:00:02Z,"The 10-year-old boy who nearly drowned after being swept into monster surf in Santa Cruz, California, late last month is sharing new details about the harrowing rescue that led to an unlikely friends… [+4980 chars]",fox-news,Fox News
Paul Steinhauser,Abdul El-Sayed defeats Rep Haley Stevens in Michigan Senate race,"Abdul El-Sayed defeated Haley Stevens in a bruising Michigan Democratic primary, but his progressive stances give Mike Rogers ammunition ahead of November.",https://www.foxnews.com/politics/republicans-get-democrat-wanted-socialist-abdul-el-sayed-wins-michigan-senate-primary,https://static.foxnews.com/foxnews.com/content/uploads/2026/08/abdul-el-sayed-campaign-event-detroit-michigan-aug.-2-2026.jpeg,2026-08-05T13:58:17Z,"After a grueling, messy campaign, a far-left progressive has taken on the Democratic establishment and won.
Abdul El-Sayed felled Rep. Haley Stevens, D-Mich., to secure the Democratic nomination for… [+5902 chars]",fox-news,Fox News
,Pro wrestling legend Dory Funk Jr dead at 85,"Dory Funk Jr. held the NWA worlds championship for over four years and trained stars like Kurt Angle, Adam Copeland, and Lita at his Funking Conservatory.",https://www.foxnews.com/sports/pro-wrestling-legend-dory-funk-jr-dead-85,https://static.foxnews.com/foxnews.com/content/uploads/2026/08/dory-funk-jr-ringside-frost-bank-center-fox-news_.jpg,2026-08-05T13:33:45Z,"Dory Funk Jr., a pro wrestling legend who competed across the globe and helped train countless stars, has died, WWE announced on Tuesday. He was 85.
Funk began his pro wrestling pursuits in 1963 aft… [+2610 chars]",fox-news,Fox News
,Fetterman gives Dems a stinging reality check as Mao-praising communists seize the spotlight,John Fetterman warns Democrats are drifting toward radical politics as communist sympathizers and anti-Israel voices gain influence after primary results.,https://www.foxnews.com/politics/fetterman-gives-dems-stinging-reality-check-mao-praising-communists-seize-spotlight,https://static.foxnews.com/foxnews.com/content/uploads/2026/08/fetterman-ajd-interview.jpg,2026-08-05T13:17:35Z,"Pennsylvania Sen. John Fetterman railed against the growing influence of socialists and communists in the Democratic Party on Tuesday, warning that figures such as socialist streamer Hasan Piker are … [+4801 chars]",fox-news,Fox News
,"Madison Beer pets Justin Herbert's face at training camp, Buc-ee's goes after illegal beaver & Ric Flair","Justin Herbert's fiancée Madison Beer was spotted petting his face at Chargers training camp, sparking NFL fans to question his football focus.",https://www.foxnews.com/outkick-sports/madison-beer-pets-justin-herbert-face-training-camp-bucees-goes-after-illegal-beaver-ric-flair,https://static.foxnews.com/foxnews.com/content/uploads/2026/05/justin-herbert-madison-beer-basketball-fox-news-001.jpeg,2026-08-05T13:13:40Z,"The sun is shining, August is in full swing and I got back to my OutKick roots on Tuesday with the trans basketball report, but my true roots at this company lie with Screencaps.
It's time to crank … [+4385 chars]",fox-news,Fox News
,Grocer-turned-lawmaker says Mamdani’s government-run stores 'might not even last a year’,"Rep. Mike Rulli, a former grocer, warns Zohran Mamdani's government-run grocery stores will bleed red and put hundreds of small businesses out.",https://www.foxnews.com/politics/grocer-turned-lawmaker-says-mamdanis-government-run-stores-might-not-even-last-year,https://static.foxnews.com/foxnews.com/content/uploads/2026/07/mamdani-socialist-grocery-food-fox-news.jpg,2026-08-05T13:00:27Z,"A former grocer is joining the chorus of criticism against New York City Mayor Zohran Mamdani's plan for government-run grocery stores, arguing it would harm hundreds of small businesses forced to co… [+2409 chars]",fox-news,Fox News
,MIKE PENCE: Congress must finish Lindsey Graham’s fight against Putin,"The Lindsey O. Graham Sanctioning Russia and Iran Act targets Putin's shadow fleet, energy exports and sanctions evasion funding the Ukraine war.",https://www.foxnews.com/opinion/mike-pence-congress-must-finish-lindsey-graham-fight-against-putin,https://static.foxnews.com/foxnews.com/content/uploads/2025/03/trump-graham-handshake.jpg,2026-08-05T13:00:10Z,"Freedom has lost one of its fiercest defenders, and I have lost a dear friend.
For more than three decades, South Carolina Republican Sen. Lindsey Graham stood at the center of the great debates ove… [+4347 chars]",fox-news,Fox News
,Rand Paul's calls for Fauci to to face imprisonment continue after contentious hearing,Sen. Rand Paul said Anthony Fauci lied to Congress about gain-of-function research last week and should face felony charges if convicted of the serious crime.,https://www.foxnews.com/media/rand-pauls-calls-fauci-face-imprisonment-continue-after-contentious-hearing,https://static.foxnews.com/foxnews.com/content/uploads/2026/07/6aef4ecd-fauci-rand-paul.png,2026-08-05T12:53:14Z,"Sen. Rand Paul, R-Ky., has frequently suggested that Dr. Anthony Fauci should face prison time, and he was still open to the idea Tuesday when pressed about his past calls on that front.
Paul spoke … [+3612 chars]",fox-news,Fox News
,GOP Rep Chuck Edwards drops re-election bid after House ethics report recommends censure,Republican Rep. Chuck Edwards of North Carolina dropped his re-election bid in the wake of the release of a House Ethics Committee report.,https://www.foxnews.com/politics/gop-rep-chuck-edwards-drops-re-election-bid-house-ethics-report-recommends-censure,https://static.foxnews.com/foxnews.com/content/uploads/2026/08/11b2309e-chuck-edwards-march-2025.jpg,2026-08-05T12:45:47Z,"Rep. Chuck Edwards, R-N.C., announced early on Wednesday morning that he was dropping his re-election bid.
""After much prayer and reflection, Ive decided to withdraw from my re-election campaign. I … [+2504 chars]",fox-news,Fox News
,Trump's remarks on recruiting LeBron James to women's basketball resurface amid WNBA trans athlete debate,Donald Trump's 2022 comments about recruiting LeBron James for a women's basketball team resurfaced as Sophie Cunningham's stance on girls sports ignites debate.,https://www.foxnews.com/outkick-sports/trumps-remarks-recruiting-lebron-james-womens-basketball-resurface-amid-wnba-trans-athlete-debate,https://static.foxnews.com/foxnews.com/content/uploads/2026/08/Trump-LeBron-WNBA-080526-1.jpg,2026-08-05T12:38:36Z,"The WNBA is in the midst of a firestorm as sports fans have rallied around Indiana Fever guard Sophie Cunningham and her stance that women and girls shouldnt have to compete against males.
WNBA coac… [+2323 chars]",fox-news,Fox News
,"Angel Reese put up one of the worst basketball shots of all time, and then something amazing happened","Angel Reese's viral shot attempt may be the worst in basketball history, but she finished with 23 points and 16 rebounds in the loss to the Aces.",https://www.foxnews.com/outkick-sports/angel-reese-worst-basketball-shots-all-time-amazing-happened,https://static.foxnews.com/foxnews.com/content/uploads/2026/08/angel-reese-shoots-las-vegas-aces.jpg,2026-08-05T12:32:43Z,"Angel Reese saw all the attention Sophie Cunningham has been getting the past few weeks, and decided to let her play on the court do all the talking.
And buddy, that has proved to be just an awful s… [+2415 chars]",fox-news,Fox News
,A real college football team is letting one fan call plays in an actual game this season,"The Akron Zips will let one fan call plays during their first offensive series against Robert Morris, and season ticket holders are automatically entered.",https://www.foxnews.com/outkick-sports/real-college-football-team-letting-one-fan-call-plays-actual-game-season,https://static.foxnews.com/foxnews.com/content/uploads/2026/08/akron-zips-fans-cheer.jpg,2026-08-05T12:20:54Z,"One brave college football team is letting all you armchair quarterbacks out there put your money where your mouth is this season.
The Akron Zips announced this week that they will let one fan call … [+2881 chars]",fox-news,Fox News
,Archaeologists uncover sprawling Roman estate buried for centuries beneath farmland,"The fourth-century Roman villa in Devon, in the U.K., yielded a striking mosaic, a copper-alloy bracelet, an engraved gemstone and an elaborate bathhouse complex.",https://www.foxnews.com/travel/archaeologists-uncover-sprawling-roman-estate-buried-centuries-beneath-farmland,https://static.foxnews.com/foxnews.com/content/uploads/2026/08/UK-ROMAN-VILLA-FOUND-ARCHAEOLOGY-HISTORY-ANCIENT-DISCOVERY-1.jpg,2026-08-05T12:00:51Z,"Archaeologists in the United Kingdom recently uncovered the remains of a sprawling ancient Roman villa dating back over 1,600 years.
The fourth-century villa was found on farmland between the villag… [+3340 chars]",fox-news,Fox News
,Ariana Grande sets record straight after announcing break from spotlight,"PR expert says Ariana Grande's strategic absence after her ""Eternal Sunshine Tour"" could build anticipation and make her return an event.",https://www.foxnews.com/entertainment/ariana-grande-sets-record-straight-announcing-break-spotlight,https://static.foxnews.com/foxnews.com/content/uploads/2026/08/ariana-grande-governors-awards.jpg,2026-08-05T12:00:10Z,"Ariana Grande is taking control of her own narrative.
While performing in Chicago on Monday, the Grammy Award winner addressed concertgoers directly after news broke that she plans to take a break f… [+6684 chars]",fox-news,Fox News
,Hawaii Democratic House candidate faces felony threat charges after beach fight caught on video,Video captures Hawaii candidate Kirill Basin in a profanity-laced beach confrontation where he was knocked unconscious before facing felony charges.,https://www.foxnews.com/us/hawaii-democratic-house-candidate-faces-felony-threat-charges-beach-fight-caught-video,https://static.foxnews.com/foxnews.com/content/uploads/2026/08/hi-congress-candidate-fight.gif,2026-08-05T15:38:32Z,A Hawaii Democratic congressional candidate was knocked unconscious during a profanity-laced beach confrontation captured on video days before he appeared in court on two felony terroristic threateni… [+3782 chars],fox-news,Fox News
,DARLINE GRAHAM: I'm South Carolina's newest senator. This is who I am and what I believe,"Darline Graham outlines her conservative platform on illegal immigration, girls' sports, DEI, and the SAVE America Act in her South Carolina Senate bid.",https://www.foxnews.com/opinion/darline-graham-south-carolina-newest-senator-who-i-am-what-i-believe,https://static.foxnews.com/foxnews.com/content/uploads/2026/08/darlene-graham-nordone-walks-into-Senate.jpg,2026-08-05T15:36:49Z,"To everyone who has reached out over the past few weeks with condolences, stories about my brother Lindsey, and prayers thank you. You have helped me and my family get through some of the hardest wee… [+4429 chars]",fox-news,Fox News
,How 'Sopranos' star Vincent Pastore helped create the single greatest television season of all time,"Vincent Pastore's Big Pussy drove the finest season of television ever made, from FBI informant reveals to fever dreams and a final boat ride.",https://www.foxnews.com/outkick-culture/how-sopranos-star-vincent-pastore-helped-create-single-greatest-television-season-all-time,https://static.foxnews.com/foxnews.com/content/uploads/2026/08/the-sopranos.jpg,2026-08-05T15:28:52Z,"Fans of the ""Sopranos"" are still reeling from the loss of beloved star Vincent Pastore over the weekend.
The veteran actor known for playing Salvatore ""Big Pussy"" Bonpensiero on the HBO crime drama … [+6680 chars]",fox-news,Fox News
,Republican who reportedly dropped out defeats Trump's pick in key swing-district primary,"Trump-endorsed Amir Hassan lost the Republican primary in Michigan's 8th District to Thomas J. Smith, who will now face Rep. Kristen McDonald-Rivet.",https://www.foxnews.com/politics/republicans-choose-challenger-freshman-democrat-key-midwest-battleground,https://static.foxnews.com/foxnews.com/content/uploads/2026/06/california-election-voting-booths.jpg,2026-08-05T15:06:45Z,Republican voters in Michigan's 8th Congressional District chose Thomas J. Smith as their challenger to freshman Democratic Rep. Kristen McDonald-Rivet on Wednesday defying President Donald Trump's e… [+1948 chars],fox-news,Fox News
,Brandt Snedeker is right to shut down the outside demand for younger Presidents Cup picks,Brandt Snedeker played a practice round with Jackson Koivun but says he won't pick young players for the Presidents Cup just for the sake of youth.,https://www.foxnews.com/outkick-sports/brandt-snedeker-right-shut-down-outside-demand-younger-presidents-cup-picks,https://static.foxnews.com/foxnews.com/content/uploads/2026/08/snedeker-featured.jpg,2026-08-05T15:05:03Z,"There are bad problems, and there are good problems, and Brandt Snedeker has a whole bunch of the latter.
In less than 50 days, the 2026 Presidents Cup will get underway at Medinah Country Club, whe… [+4234 chars]",fox-news,Fox News
,House GOP civil war grows as Republicans strike in embattled Florida rep's primary,"Reps. Cory Mills, Chuck Edwards, and Max Miller face misconduct allegations that now threaten GOP control of Congress heading into midterms. Edwards has dropped his campaign.",https://www.foxnews.com/politics/house-gop-civil-war-grows-republicans-strike-embattled-florida-reps-primary,https://static.foxnews.com/foxnews.com/content/uploads/2026/07/cory-mills-congress.jpg,2026-08-05T15:03:44Z,"House GOP divisions are erupting on the midterm campaign trail as Republicans fight an uphill battle to keep control of Congress for the latter half of President Donald Trump's term.
The infighting … [+3493 chars]",fox-news,Fox News
,Republicans move to oust embattled Florida GOP lawmaker in bitter primary fight,"Reps. Cory Mills, Chuck Edwards and Max Miller face misconduct allegations that now threaten GOP control of Congress heading into midterms. Edwards has dropped his campaign.",https://www.foxnews.com/politics/republicans-move-oust-embattled-florida-gop-lawmaker-in-bitter-primary-fight,https://static.foxnews.com/foxnews.com/content/uploads/2024/08/cory-mills.jpg,2026-08-05T15:03:44Z,"House GOP divisions are erupting on the midterm campaign trail as Republicans fight an uphill battle to keep control of Congress for the latter half of President Donald Trump's term.
The infighting … [+3490 chars]",fox-news,Fox News
,Political newcomer seeks to unseat twin of Trump impeachment foe in swing Virginia district,"Three GOP political newcomers battled it out in Virginia 7th Congressional District to challenge Rep. Eugene Vindman, twin brother of Trump impeachment witness Alexander Vindman.",https://www.foxnews.com/politics/political-newcomer-seeks-unseat-twin-trump-impeachment-foe-swing-virginia-district,https://static.foxnews.com/foxnews.com/content/uploads/2026/02/virginia-voters-ballot.jpg,2026-08-05T14:58:28Z,"Douglas Ollivant decisively beat two fellow political newcomers in the Republican primary contest to take on incumbent Rep. Eugene Vindman, D-Va., in November.
Vindman, whose twin brother is a high-… [+3176 chars]",fox-news,Fox News
,"Secret FBI probe cast Trump as possible Russian asset after Comey firing, memos show","Declassified FBI memos reveal the bureau opened a counterintelligence probe codenamed ""Oxferd Comma"" after Trump fired James Comey in 2017.",https://www.foxnews.com/politics/secret-fbi-probe-cast-trump-possible-russian-asset-after-comey-firing-memos-show,https://static.foxnews.com/foxnews.com/content/uploads/2026/07/Donald-Trump-Election-Security-Speech-1.jpg,2026-08-05T14:57:59Z,The White House released newly declassified FBI memos showing that the bureau opened a 2017 counterintelligence investigation into whether President Donald Trumps firing of James Comey was connected … [+896 chars],fox-news,Fox News
,"Shaquille O'Neal talks LeBron James' Lakers legacy, why his new 76ers might be extremely 'dangerous'",Shaquille O'Neal ranks LeBron James in the Lakers hierarchy and raises concerns about the Philadelphia 76ers' ball-sharing with Joel Embiid.,https://www.foxnews.com/sports/shaquille-oneal-talks-lebron-james-lakers-legacy-why-new-76ers-might-extremely-dangerous,https://static.foxnews.com/foxnews.com/content/uploads/2026/08/shaq-lebron-all-star-game.jpg,2026-08-05T14:54:52Z,"In an unprecedented 24th season in the NBA, LeBron James will try to make even more history with his new fourth team.
James signed a two-year deal with the Philadelphia 76ers late last month, joinin… [+3331 chars]",fox-news,Fox News
,"Astros player belts home run, rounds the bases and then gets devastating news after touching home",Taylor Trammell's head-down home run trot at Daikin Park turned into an embarrassing moment when the ball was caught at the wall against Toronto.,https://www.foxnews.com/outkick-sports/astros-player-belts-home-run-rounds-bases-devastating-news-touching-home,https://static.foxnews.com/foxnews.com/content/uploads/2026/08/taylor-trammell-three-run-home-run-astros.jpg,2026-08-05T14:44:17Z,"Houston Astros outfielder Taylor Trammell took a useless jog around the bases in a game against the Toronto Blue Jays earlier this week.
Talk about a brutal plot twist.
Trammell belted what he thou… [+2409 chars]",fox-news,Fox News
,Perez Hilton under involuntary psych hold after apparent self-harm livestream: source,Miami-Dade deputies responded to Perez Hilton's home after receiving multiple reports about an apparent self-harm incident during a TikTok livestream.,https://www.foxnews.com/entertainment/perez-hilton-under-involuntary-psych-hold-after-apparent-self-harm-livestream-source,https://static.foxnews.com/foxnews.com/content/uploads/2026/08/perez-hilton.jpg,2026-08-05T14:35:25Z,"This story discusses suicide. If you or someone you know is having thoughts of suicide, please contact the National Suicide Prevention Lifeline at 988 or 1-800-273-TALK (8255).
Law enforcement was c… [+5137 chars]",fox-news,Fox News
,Why the Bears could take a step back despite Caleb Williams' breakout season and playoff run,"Caleb Williams showed flashes of brilliance last season, but losing DJ Moore and defensive concerns raise questions about the Bears' 2025 outlook.",https://www.foxnews.com/sports/why-bears-could-take-step-back-despite-caleb-williams-breakout-season-playoff-run,https://static.foxnews.com/foxnews.com/content/uploads/2025/09/nfl-bears-ben-johnson-092925-2.jpg,2026-08-05T14:33:52Z,"Some teams seem to have a franchise identity. Maybe thats because a coach has been there forever and he is a defensive- or offense-focused coach. If you think of the Steelers, you probably think of d… [+3078 chars]",fox-news,Fox News
,Fake party invitation scam can hijack your computer,Fake party invitations trick victims into downloading malware that gives criminals remote access to computers and spreads through contact lists.,https://www.foxnews.com/tech/fake-party-invitation-scam-hijack-computer,https://static.foxnews.com/foxnews.com/content/uploads/2026/08/woman-working-laptop-sofa.jpg,2026-08-05T14:33:21Z,You sit down at your computer to clear out your inbox. Then you spot a party invitation from someone you recognize. Maybe it appears to come from a friend. Perhaps the sender belongs to a group you k… [+11558 chars],fox-news,Fox News
,Dems' leftward lurch gets legs as El-Sayed's Michigan Senate victory sparks party debate,Abdul El-Sayed's win over Haley Stevens in the Michigan Senate primary hands Republicans like Mike Rogers fresh ammunition in a crucial battleground.,https://www.foxnews.com/politics/dems-leftward-lurch-gets-legs-el-sayeds-michigan-senate-victory-sparks-party-debate,https://static.foxnews.com/foxnews.com/content/uploads/2026/08/abdul-el-sayed-campaign-event-detroit-michigan-aug.-2-2026.jpeg,2026-08-05T14:30:15Z,"DETROIT, MI - Abdul El-Sayed's victory over moderate Rep. Haley Stevens in Michigan's high-stakes Democratic Senate primary is a massive boost for the party's left-wing in its ideological battle with… [+6480 chars]",fox-news,Fox News
,McConnell's absence puts Trump agenda at risk as Kentucky succession questions grow,"Andy Beshear says the Aug. 3 deadline has no legal impact on his options, but Mitch McConnell's absence leaves Republicans one vote short on key items.",https://www.foxnews.com/politics/mcconnells-absence-puts-trump-agenda-risk-kentucky-succession-questions-grow,https://static.foxnews.com/foxnews.com/content/uploads/2026/03/mitch-mcconnell-march-4-2026.jpg,2026-08-05T14:29:36Z,"A deadline that could have determined Sen. Mitch McConnells future in the Senate has come and gone as the timeline for the Kentucky Republicans return remains in the air.
Speculation swirled over Au… [+3271 chars]",fox-news,Fox News
,Angels vs Orioles preview with player prop picks and under 8 runs analysis,Reid Detmers faces Trevor Rogers as the Los Angeles Angels and Baltimore Orioles clash in a post-deadline matchup with more trades likely ahead.,https://www.foxnews.com/outkick-sports/angels-vs-orioles-preview-player-prop-picks-under-8-runs-analysis,https://static.foxnews.com/foxnews.com/content/uploads/2025/08/mlb-angels-zach-neto-081325.jpg,2026-08-05T14:23:54Z,"It is a getaway day for most teams as we have every team in baseball playing, and most will end their series today. This has been a week of a lot of travel for many baseball players with the trade de… [+3582 chars]",fox-news,Fox News
,DSA-backed candidate topples millionaire Dem incumbent,"DSA-backed Donavan McKinney unseated Rep. Shri Thanedar in Michigan's 13th district Democratic primary, extending a wave of socialist wins nationwide.",https://www.foxnews.com/politics/dsa-backed-candidate-topples-millionaire-dem-incumbent,https://static.foxnews.com/foxnews.com/content/uploads/2026/08/donavan-mckinney-detroit-march-many-scaled.jpg,2026-08-05T14:07:38Z,"Donavan McKinney, a congressional candidate backed by the Democratic Socialists of America (DSA) in Michigans 13th Congressional District, won his Democratic primary on Tuesday night, unseating incum… [+3070 chars]",fox-news,Fox News
,Denise Richards says Sami 'stands up' to dad Charlie Sheen and that he needs it,"Denise Richards laughed when Bunnie Xo called Sami Sheen Charlie Sheen's ""karma"" on the ""Dumb Blonde"" podcast, revealing how her daughter stands up to him.",https://www.foxnews.com/entertainment/denise-richards-says-sami-stands-up-dad-charlie-sheen-he-needs,https://static.foxnews.com/foxnews.com/content/uploads/2026/08/sheens.jpg,2026-08-05T14:00:41Z,"Denise Richards agrees with Bunnie Xo's take that her oldest daughter, Sami Sheen, is Charlie Sheen's ""karma.""
During a recent appearance on Bunnie's ""Dumb Blonde"" podcast, Richards detailed her rel… [+4359 chars]",fox-news,Fox News
,Bigfoot hunter suggests there's a conspiracy after Cornell University denies conducting DNA tests on remains,"Cornell University denies conducting a DNA test on alleged Bigfoot remains found in the Adirondack Mountains, contradicting Snake the Bigfoot Hunter.",https://www.foxnews.com/outkick-culture/bigfoot-hunter-suggests-conspiracy-cornell-university-denies-conducting-dna-tests-remains,https://static.foxnews.com/foxnews.com/content/uploads/2026/06/bigfoot_neanderthal-human_hybrid_dna.jpg,2026-08-05T17:59:55Z,"I hope you're sitting down for this one. The claims that a DNA test was conducted on the supposed remains of a Bigfoot by Cornell's Veterinary DNA Lab have been called into question.
This has taken … [+2640 chars]",fox-news,Fox News
,Bernie Sanders tells James Carville to start his own party as moderate Dems warn against 'embracing extremism',"Bernie Sanders told James Carville to start his own party after the strategist vowed he wouldn't share one with Hasan Piker, who once said America deserved 9/11.",https://www.foxnews.com/media/bernie-sanders-tells-james-carville-start-his-own-party-moderate-dems-warn-against-embracing-extremism,https://static.foxnews.com/foxnews.com/content/uploads/2026/08/SANDESR-CARVILLE.jpg,2026-08-05T17:55:22Z,"Sen. Bernie Sanders, I-Vt., stood by far-left streamer Hasan Piker on Tuesday when pressed about a Democratic Party that included both someone like Piker and Democratic strategist James Carville, as … [+5218 chars]",fox-news,Fox News
,"Tlaib moves to block ICE airport arrests, says TSA helping target immigrants","Rashida Tlaib's bill would block ICE and Border Patrol from accessing TSA passenger screening data, travel records, and data broker information.",https://www.foxnews.com/politics/tlaib-moves-block-ice-airport-arrests-says-tsa-helping-target-immigrants,https://static.foxnews.com/foxnews.com/content/uploads/2026/08/rashida-tlaib-airport.jpg,2026-08-05T17:53:49Z,"Progressive Democrats are taking their war against President Donald Trump's handling of Immigration and Customs Enforcement (ICE) to the skies with a new effort led by far-left Rep. Rashida Tlaib, D-… [+2837 chars]",fox-news,Fox News
,Exclusive: Grieving mom reveals deadly cost of illegal immigration as daughter's killer seeks parole,"Angel Mom Kathy Hall recounts the night an illegal immigrant's speeding truck killed her 18-year-old daughter Hailey King in Fayetteville, Arkansas.",https://www.foxnews.com/politics/exclusive-grieving-mom-reveals-deadly-cost-illegal-immigration-daughters-killer-seeks-parole,https://static.foxnews.com/foxnews.com/content/uploads/2026/08/kathy-hall-at-gravesite.png,2026-08-05T17:45:33Z,"GRAPHIC CONTENT WARNING
FIRST ON FOX: After her 18-year-old daughter, Hailey King, was run over by an illegal immigrant driving a truck 36 mph above the speed limit, Angel Mom Kathy Hall promised he… [+4836 chars]",fox-news,Fox News
,"Multiple people dead in North Carolina shooting, official says",,https://www.foxnews.com/us/multiple-people-dead-north-carolina-shooting-official-says,https://static.foxnews.com/foxnews.com/content/uploads/2026/08/nc-mass-shooting.jpg,2026-08-05T17:41:50Z,"Multiple people were killed and at least one person was hospitalized in what's being described as a ""mass shooting"" in Prospect Hill, North Carolina.
The North Carolina State Bureau of Investigation… [+824 chars]",fox-news,Fox News
,Barry Manilow cancels concert 45 minutes before start amid ongoing lung cancer recovery,"Barry Manilow canceled his Lexington show just 45 minutes before showtime, citing unforeseen circumstances amid his ongoing lung cancer battle.",https://www.foxnews.com/entertainment/barry-manilow-cancels-concert-45-minutes-before-start-amid-ongoing-lung-cancer-recovery,https://static.foxnews.com/foxnews.com/content/uploads/2026/03/barry-manilow-smiling-stage.jpg,2026-08-05T17:29:57Z,"Barry Manilow canceled his Kentucky show on Tuesday just 45 minutes before it was scheduled to start.
""Due to unforeseen circumstances tonights show in Lexington has been rescheduled,"" Manilow, who … [+3637 chars]",fox-news,Fox News
,DAVID MARCUS: Experts crowned El-Sayed — then Michigan voters turned his win into a near-disaster,"Polls gave Abdul El-Sayed double-digit leads, but Haley Stevens nearly pulled off a stunning upset in Michigan's Democratic Senate primary race.",https://www.foxnews.com/opinion/david-marcus-experts-crowned-el-sayed-michigan-voters-turned-win-near-disaster,https://static.foxnews.com/foxnews.com/content/uploads/2026/04/voters-2024-michigan.jpeg,2026-08-05T17:24:43Z,"Over the past week, prior to far-left candidate Abdul El-Sayed squeaking to a possible victory over Rep. Haley Stevens in Tuesdays Democratic Senate primary, the contest was treated by almost everyon… [+4307 chars]",fox-news,Fox News
,"Cleveland's new WNBA team rejects 'Lady Cavaliers' identity in unveiling of name, color scheme","Cleveland's new WNBA expansion team unveiled its name, logo and two shades of blue — rejecting the Cavaliers' wine and gold for a Lake Erie identity.",https://www.foxnews.com/outkick-sports/clevelands-new-wnba-team-rejects-lady-cavaliers-identity-unveiling-name-color-scheme,https://static.foxnews.com/foxnews.com/content/uploads/2026/08/allison-howard-cleveland-sirens-wnba-logo-reveal.jpg,2026-08-05T17:17:25Z,"Sirens: mythical creatures who perched along rocky shores, using their beautiful, hypnotic songs to lure unsuspecting sailors to their deaths.
Also, Clevelands new WNBA team.
CLICK HERE FOR MORE OU… [+3267 chars]",fox-news,Fox News
,"Controversial socialist chef flip-flops on abolish the police, says she’s ‘serious about public safety’","Francesca Hong now says she is ""serious about public safety"" after previously calling to defund and abolish the police in her 2020 tweets.",https://www.foxnews.com/politics/controversial-socialist-chef-flip-flops-abolish-police-says-serious-public-safety,https://static.foxnews.com/foxnews.com/content/uploads/2026/08/francesca-hong.png,2026-08-05T17:00:16Z,"Controversial chef and democratic socialist candidate Francesca Hong has reversed her position on defunding and abolishing the police, saying in a recent podcast interview that she has become ""seriou… [+3676 chars]",fox-news,Fox News
,"Puka Nacua, due for new contract, hires Zay Flowers' agency after Ravens star's massive $140 million deal","Puka Nacua hired Zay Flowers' agent after the Ravens star's $140 million extension, positioning himself to potentially top the highest-paid receiver.",https://www.foxnews.com/sports/puka-nacua-due-new-contract-hires-zay-flowers-agency-ravens-star-massive-140-million-deal,https://static.foxnews.com/foxnews.com/content/uploads/2024/11/puka-nacua-1.jpg,2026-08-05T16:54:39Z,"Puka Nacua is taking notes.
The Los Angeles Rams wide receiver is beginning his fourth NFL season next month, making him due for quite a payday.
Nacua's 95.3 receiving yards per game are the most a… [+2572 chars]",fox-news,Fox News
,White House pushes 'watershed' fraud-fighting reform in Congress as Vance convenes task force,"Vice President JD Vance participated in an anti-fraud task force roundtable event on Wednesday, proposing reforms to help crackdown on fraud.",https://www.foxnews.com/politics/white-house-pushes-watershed-fraud-fighting-reform-congress-vance-convenes-task-force,https://static.foxnews.com/foxnews.com/content/uploads/2026/08/85dc1c88-jd-vance-stephen-miller.jpg,2026-08-05T16:52:22Z,"Vice President JD Vance, who chairs President Donald Trump's Task Force To Eliminate Fraud, said during remarks on Wednesday that the effort has identified $230 billion of suspected fraud so far.
""W… [+1793 chars]",fox-news,Fox News
,LIV Golf CEO quiets speculation with announcement of new investor to keep circuit afloat into 2027,"Scott O'Neil says a lead investor has been secured to keep LIV Golf alive beyond 2026, with players set to become majority equity holders in the league.",https://www.foxnews.com/outkick-sports/liv-golf-ceo-quiets-speculation-announcement-new-investor-keep-circuit-afloat-2027,https://static.foxnews.com/foxnews.com/content/uploads/2026/04/scott-oneil-og-molefe-liv-golf-fox-news-001.jpeg,2026-08-05T16:42:24Z,"Long live LIV?
The Saudi Public Investment Fund (PIF) announced in April that it would stop funding LIV Golf following the 2026 season. With the sole funder of the breakaway circuit cutting off the … [+2522 chars]",fox-news,Fox News
,Government-run grocery stores face renewed scrutiny after Chicago's experiment fizzles,Chicago spent $13.5 million on government-run grocery stores now on the brink of collapse after Save A Lot terminated its Yellow Banana agreement.,https://www.foxnews.com/media/government-run-grocery-stores-face-renewed-scrutiny-chicago-experiment-fizzles,https://static.foxnews.com/foxnews.com/content/uploads/2025/06/gettyimages-1664340843.jpg,2026-08-05T16:23:27Z,"The idea of government-run grocery stores is facing renewed scrutiny as Chicago abandons plans for a municipal supermarket, raising questions about whether taxpayer-funded markets can survive.
""Chic… [+5024 chars]",fox-news,Fox News
,Anthony Fauci’s lawyer says Aaron Rodgers 'should stick to football’ after scorching him on Pat McAfee's show,"Aaron Rodgers called Anthony Fauci an ""absolute coward"" for pleading the Fifth 111 times, and Fauci's attorney fired back with a pointed response.",https://www.foxnews.com/outkick-sports/anthony-fauci-lawyer-aaron-rodgers-stick-football-pat-mcafee-show,https://static.foxnews.com/foxnews.com/content/uploads/2026/04/aaron-rodgers-steelers-wild-card-fox-news-001.jpeg,2026-08-05T16:20:45Z,"Anthony Fauci may have taken the Fifth in the nation's capital, but his legal team isn't afraid to keep swinging.
Days after Fauci pleaded the Fifth 111 times during a Senate hearing on the advice o… [+2683 chars]",fox-news,Fox News
,Anthony Fauci’s lawyer says Aaron Rodgers 'should stick to football’ after scorching him on Pat McAfee's show,"Aaron Rodgers called Anthony Fauci an ""absolute coward"" for pleading the Fifth 111 times, and Fauci's attorney fired back with a pointed response.",https://www.foxnews.com/sports/anthony-fauci-lawyer-aaron-rodgers-stick-football-pat-mcafee-show,https://static.foxnews.com/foxnews.com/content/uploads/2026/04/aaron-rodgers-steelers-wild-card-fox-news-001.jpeg,2026-08-05T16:20:45Z,"Anthony Fauci may have taken the Fifth in the nation's capital, but his legal team isn't afraid to keep swinging.
Days after Fauci pleaded the Fifth 111 times during a Senate hearing on the advice o… [+2680 chars]",fox-news,Fox News
,Two brothers deliver storybook moment by homering in respective debuts on same day in incredible fashion,George Lombard Jr. hit a home run in his Yankees debut while brother Jacob went deep in his pro debut with the Marlins on the same unforgettable day.,https://www.foxnews.com/sports/two-brothers-deliver-storybook-moment-homering-respective-debuts-same-day-incredible-fashion,https://static.foxnews.com/foxnews.com/content/uploads/2026/08/george-lombard-jr-home-run-yankees.jpg,2026-08-05T16:14:59Z,"Aug. 4, 2026 is a day the Lombard family will remember for a long time.
Not one, but two brothers made their pro baseball debuts. George Lombard Jr. made his major league debut with the New York Yan… [+5643 chars]",fox-news,Fox News
,Israeli President Herzog calls antisemitism a 'contamination of societies' as hate crimes surge,NYPD data shows anti-Jewish incidents account for 56.9% of all hate crimes in 2026 as Israeli President Isaac Herzog warns antisemitism is a global contamination.,https://www.foxnews.com/world/israeli-president-herzog-calls-antisemitism-contamination-societies-hate-crimes-surge,https://static.foxnews.com/foxnews.com/content/uploads/2026/07/israeli-president-isaac-herzog-fox-news-digital-interview.jpg,2026-08-05T16:00:14Z,"Israeli President Isaac Herzog issued a stern warning about the global spread of antisemitism in an exclusive interview with Fox News Digital at his Jerusalem residence.
""Antisemitism is an age-old … [+4964 chars]",fox-news,Fox News
,The late-summer deals we'd shop before everyone else catches on,"We rounded up the best deals worth shopping now, from Samsung’s latest Galaxy phone to editor-approved home, style and tech finds.",https://www.foxnews.com/deals/fox-news-deals-newsletter-august-6,https://static.foxnews.com/foxnews.com/content/uploads/2026/08/samsung_galaxy-z-fold8_lavender_open_dynamic_90bend_back_rgb.web-1.jpeg,2026-08-05T19:50:44Z,"Welcome to your weekly shopping guide, curated by the FOX News Deals team
FOX News Deals may be compensated for or earn a commission if you buy through our links.
As summer winds down, its a great … [+3118 chars]",fox-news,Fox News
,"NASCAR's Natalie Decker gives fans a peak under her firesuit and they see red, 'Hard Knocks' is back & Carrie!",NASCAR's Natalie Decker peels back her firesuit for a jewelry partnership while Taylor Trammell's embarrassing MLB moment stuns Houston fans.,https://www.foxnews.com/outkick-sports/nascars-natalie-decker-gives-fans-peak-under-firesuit-they-see-red-hard-knocks-back-carrie,https://static.foxnews.com/foxnews.com/content/uploads/2026/04/natalie-decker-daytona-qualifying-fox-news-001.jpeg,2026-08-05T19:40:28Z,"'Nightcaps' is a daily column that catches you up on the biggest sports, news and culture stories you may have missed while pretending to do work at your desk. It runs MondayFriday on OutKick.com.
F… [+6148 chars]",fox-news,Fox News
,'We thought we would die': Passengers thrown into ceiling during terrifying flight,"Thirteen flight passengers and four crew members were hospitalized after severe turbulence struck an Air India plane, triggering an aviation investigation.",https://www.foxnews.com/travel/we-thought-we-would-die-passengers-thrown-into-ceiling-during-terrifying-flight,https://static.foxnews.com/foxnews.com/content/uploads/2026/08/air-india-interior-plane.jpg,2026-08-05T19:34:42Z,"Seventeen people were injured after an Air India flight experienced severe turbulence, sending passengers into the ceiling and aisle during a sudden loss of altitude.
The flight traveling from Phuke… [+3583 chars]",fox-news,Fox News
,Nuclear experts urge Trump not to let Iran steer talks away from regime's atomic threat,"Nuclear experts urged President Trump to keep Iran’s nuclear program at the center of talks, warning Tehran could seek sanctions relief before addressing its remaining nuclear capabilities.",https://www.foxnews.com/world/nuclear-experts-urge-trump-not-let-iran-steer-talks-away-from-regimes-atomic-threat,https://static.foxnews.com/foxnews.com/content/uploads/2026/06/trump-iran-nuclear-bomb-deal.jpg,2026-08-05T19:32:19Z,"Irans top Revolutionary Guard commander declared Wednesday that Tehran would continue working on nuclear weapons as long as the United States and Israel possess them, intensifying concerns that Iran … [+7345 chars]",fox-news,Fox News
,"LEE CARTER: Election shocker: The winners had a slogan, the losers just had résumés","Political candidates Abdul El-Sayed, Wesley Bell, and Trump's 2016 playbook reveal why Tuesday's primary winners had a sentence and the losers had a résumé to read.",https://www.foxnews.com/opinion/lee-carter-election-shocker-winners-had-slogan-losers-just-had-resumes,https://static.foxnews.com/foxnews.com/content/uploads/2026/08/John-James-for-governor-campaign-event.jpg,2026-08-05T19:27:47Z,"Tuesday night, the left won. The right won. The establishment won. The insurgents won.
In other words, nobody won.
Except for the message.
100 DAYS UNTIL MIDTERMS AND DEMOCRATS ARE WINNING BECAUSE… [+7301 chars]",fox-news,Fox News
,WNBA silent on whether French transgender star dominating women's league would be eligible to play,"Julie Tétart led France's LF2 in scoring and rebounding, but the WNBA and WNBPA won't say if the transgender player is eligible under the CBA.",https://www.foxnews.com/outkick-sports/wnba-silent-whether-french-transgender-star-dominating-womens-league-eligible-play,https://static.foxnews.com/foxnews.com/content/uploads/2026/08/julie-tetart-monaco-basketball-reims_001.jpg,2026-08-05T19:22:06Z,The WNBA and the Womens National Basketball Players Association still have not said whether the most dominant player in a French womens professional basketball league would be eligible to play in the… [+4064 chars],fox-news,Fox News
,49ers star Dre Greenlaw lambasts Denver's altitude after Broncos' tenure: 'Fighting demons',"Dre Greenlaw reveals how Denver's altitude, a quad strain, and Sean Payton's frustration made his Broncos tenure feel isolating before his 49ers return.",https://www.foxnews.com/sports/49ers-star-dre-greenlaw-lambasts-denver-altitude-broncos-tenure-fighting-demons,https://static.foxnews.com/foxnews.com/content/uploads/2026/08/dre-greenlaw-denver-broncos-stretches.jpg,2026-08-05T19:21:36Z,"Home is where the heart is. For linebacker Dre Greenlaw, that certainly was not with the Denver Broncos.
Greenlaw spent last season with the Broncos after signing a three-year, $31.5 million contrac… [+2811 chars]",fox-news,Fox News
,Senate confirms new CDC director as diarrhea-causing parasite outbreak sweeps US,Dr. Erica Schwartz was confirmed as CDC director along party lines amid concerns over whether she would stand up to Robert F. Kennedy Jr. on vaccines.,https://www.foxnews.com/politics/senate-confirms-new-cdc-director-diarrhea-causing-parasite-outbreak-sweeps-us,https://static.foxnews.com/foxnews.com/content/uploads/2026/08/dr-erica-schwartz-cdc-confirmed.jpg,2026-08-05T19:13:37Z,"The Senate confirmed the next director of the Centers for Disease Control and Prevention (CDC) as viral outbreaks wreak havoc across the country, and as lawmakers worry whether theyve found someone t… [+2742 chars]",fox-news,Fox News
,"Commanders filling wide receiver need with Stefon Diggs, leaving Brandon Aiyuk to stew in his odd behavior","The Commanders chose Stefon Diggs over Brandon Aiyuk, whose off-putting behavior has NFL teams privately expressing concerns about his locker room fit.",https://www.foxnews.com/sports/commanders-filling-wide-receiver-need-stefon-diggs-leaving-brandon-aiyuk-stew-odd-behavior,https://static.foxnews.com/foxnews.com/content/uploads/2025/08/new-england-patriots-stefon-diggs-081425.jpg,2026-08-05T19:12:06Z,"The Washington Commanders, desperately wanting to add wide receiver help for their offense, had basically two obvious and productive veteran options from which to pick Stefon Diggs or Brandon Aiyuk.… [+2865 chars]",fox-news,Fox News
,"FAA investigating possible violation of safety protocol involving Trump, Marine One",The FAA is reviewing a loss of separation between a commercial plane departing Reagan National Airport and Marine One carrying Trump to Los Angeles.,https://www.foxnews.com/us/faa-investigating-possible-violation-safety-protocol-involving-trump-marine-one,https://static.foxnews.com/foxnews.com/content/uploads/2026/08/trump-marine-one-fox-news_.jpg,2026-08-05T19:05:59Z,The Federal Aviation Administration (FAA) said it is reviewing a potential violation of a new safety protocol after an incident Tuesday involving a commercial plane and the Marine One helicopter with… [+1800 chars],fox-news,Fox News
,"5 Mexican cartel bosses charged in weapons, drug trafficking, timeshare fraud schemes, DOJ says","CJNG cartel members face federal indictments for drug trafficking, weapons charges, and a timeshare fraud scheme that stole $400M from seniors.",https://www.foxnews.com/us/mexican-cartel-bosses-charged-timeshare-fraud-scheme-targeting-elderly-americans-doj,https://static.foxnews.com/foxnews.com/content/uploads/2026/08/todd-blanche-department-of-justice-mexican-cartel.jpg,2026-08-05T19:02:53Z,"The U.S. Department of Justice (DOJ), along with the heads of numerous other federal agencies, announced Wednesday indictments of members of the Jalisco New Generation Cartel (CJNG) for drug traffick… [+6676 chars]",fox-news,Fox News
,Clay Travis sets sights on French trans phenom Julie Tetart for proposed 'inclusive' WNBA expansion team,Clay Travis announced plans to sign French trans basketball star Julie Tetart as the face of his proposed Nashville Balls WNBA franchise bid.,https://www.foxnews.com/outkick-sports/clay-travis-sets-sights-french-trans-phenom-julie-tetart-proposed-inclusive-wnba-expansion-team,https://static.foxnews.com/foxnews.com/content/uploads/2026/08/Clay-Travis-Julie-Tetart.jpg,2026-08-05T18:33:40Z,"French trans basketball player Julie Tetart's childhood dream to play in the WNBA is one more step to becoming a reality.
On Wednesday, during an appearance on ""Don't @ Me"" with Dan Dakich, OutKick … [+2566 chars]",fox-news,Fox News
,Houston Texans star practices in pads for first time in nearly two years after 2024 career-threatening injury,"Tank Dell practiced in full pads at Houston Texans training camp on Wednesday, his first NFL action in pads since a December 2024 knee injury.",https://www.foxnews.com/sports/houston-texans-star-practices-pads-first-time-nearly-two-years-after-2024-career-threatening-injury,https://static.foxnews.com/foxnews.com/content/uploads/2026/08/tank-dell-training-camp-houston-texans.jpg,2026-08-05T18:33:23Z,"The snapshot of Tank Dell crumpled in that end zone and desperately pointing at his dislocated knee in December of 2024 is something to recall but not relive because it was horrible to witness.
Dell… [+3069 chars]",fox-news,Fox News
,"Dem drops US Senate bid, leaving independent candidate as lone challenger to incumbent GOP Sen Mike Rounds","Democratic Senate candidate Julian Beaudion dropped out of the South Dakota race, leaving only GOP Sen. Mike Rounds and independent challenger Brian Bengs in the contest.",https://www.foxnews.com/politics/dem-drops-us-senate-bid-leaving-independent-candidate-lone-challenger-incumbent-gop-sen-mike-rounds,https://static.foxnews.com/foxnews.com/content/uploads/2026/08/290d6299-julian-beaudion-june-2026.jpg,2026-08-05T18:19:12Z,"Julian Beaudion, the Democratic candidate who was challenging Republican Sen. Mike Rounds of South Dakota, announced that he is dropping his election bid, a move that leaves independent candidate Bri… [+2523 chars]",fox-news,Fox News
,"El-Sayed campaign backed by over $100,000 from dozens of members of group with alleged terror ties","Abdul El-Sayed's Senate campaign collected over $115,000 from CAIR officials and leaders, including an executive who praised Hamas on Oct. 7.",https://www.foxnews.com/politics/el-sayed-campaign-backed-100000-dozens-members-group-alleged-terror-ties,https://static.foxnews.com/foxnews.com/content/uploads/2026/08/Abdul-El-Sayed-Detroit-Michigan-August-5_-2026_001.jpg,2026-08-05T18:09:27Z,"FIRST ON FOX: GRAND RAPIDS, MI - Michigan Democratic Senate nominee Abdul El-Sayed's campaign has collected more than $115,000 from individuals who work for or have held leadership roles with the Cou… [+5173 chars]",fox-news,Fox News
,Schumer claims victory as Senate moves to avert shutdown — GOP says he got played,"The Senate advanced a continuing resolution unanimously, but Republicans and Democrats clash over whether the deal blocks Trump's federal grants rule.",https://www.foxnews.com/politics/schumer-claims-victory-senate-moves-avert-shutdown-gop-says-he-got-played,https://static.foxnews.com/foxnews.com/content/uploads/2026/07/Senate-Minority-Leader-Chuck-Schumer-NDAA.jpg,2026-08-05T18:07:28Z,"The Senate quietly moved its solution to halt a government shutdown through another key step as the tenuous truce between Republicans and Democrats continues to hold.
In the midst of a hectic, albei… [+2487 chars]",fox-news,Fox News
,Hasan Piker unloads on 'Islamophobic pieces of s---' Democrats as El-Sayed faces party unity test,"Hasan Piker called Democrats who opposed Abdul El-Sayed ""Islamophobic"" at his election night event, demanding party unity ahead of the general election.",https://www.foxnews.com/media/hasan-piker-unloads-islamophobic-pieces-democrats-el-sayed-faces-party-unity-test,https://static.foxnews.com/foxnews.com/content/uploads/2026/08/hasan-piker-el-sayed-primary-party.jpg,2026-08-05T18:04:01Z,Left-wing Twitch streamer Hasan Piker rejected calls for Abdul El-Sayed to repair relationships with skeptical Democrats during the candidates Tuesday night election event at the Majestic Theatre in … [+3337 chars],fox-news,Fox News
,Former Disney star Bella Thorne says cruel accusations after nude photo blackmail attempt 'really broke me',"Bella Thorne revealed on ""Call Her Daddy"" how the FBI traced her alleged hacker's identity through the screenshots she posted on social media.",https://www.foxnews.com/entertainment/former-disney-star-bella-thorne-says-cruel-accusations-after-nude-photo-blackmail-attempt-really-broke-me,https://static.foxnews.com/foxnews.com/content/uploads/2026/08/bella-thorne-trainer-rome-film-festival.jpg,2026-08-05T21:54:39Z,"Bella Thorne fought back against an alleged blackmailer by releasing her own nude photos in 2019 but the former Disney star said it was the flood of victim-blaming accusations that ultimately ""really… [+2501 chars]",fox-news,Fox News
,"Ride malfunctions at popular Jersey Shore boardwalk, leaving riders hanging upside down",Video captures passengers trapped upside down on the Wipe Out ride at Ocean City Boardwalk after an apparent malfunction halted the attraction mid-cycle.,https://www.foxnews.com/us/ride-malfunctions-popular-jersey-shore-boardwalk-leaving-riders-hanging-upside-down,https://static.foxnews.com/foxnews.com/content/uploads/2026/08/nj-boardwalk.gif,2026-08-05T21:53:34Z,"Visitors looking for thrills at a popular boardwalk got more than they bargained for after a ride unexpectedly ground to a halt, forcing passengers to wait in a situation few would want to find thems… [+1807 chars]",fox-news,Fox News
,Illegal immigrants among 70 arrested in Mississippi child exploitation crackdown: Feds,"Operation Muddy Waters netted 70 arrests across Mississippi, targeting child exploitation offenders and illegal immigrants who allegedly abused minors.",https://www.foxnews.com/us/illegal-immigrants-among-70-arrested-mississippi-child-exploitation-crackdown-feds,https://static.foxnews.com/foxnews.com/content/uploads/2026/08/ICE-operation.jpg,2026-08-05T21:46:06Z,"EXCLUSIVE: Seventy people were arrested across Mississippi in a two-week statewide operation targeting child exploitation offenders and previously convicted sex offenders, including illegal immigrant… [+3448 chars]",fox-news,Fox News
,"Miranda Kerr's ultra-specific diet includes venison for breakfast, no eggs or seed oils","Miranda Kerr revealed her strict diet, including venison for breakfast, no eggs and zero seed oils or dairy. She said eating better has helped her feel better.",https://www.foxnews.com/entertainment/miranda-kerr-ultra-specific-diet-includes-venison-breakfast-no-eggs-seed-oils,https://static.foxnews.com/foxnews.com/content/uploads/2026/08/miranda-kerr-jr-evan-spiegel-party.jpg,2026-08-05T21:36:39Z,"Miranda Kerr recently detailed her ultra healthy, if a bit unique, diet, which includes eating venison for breakfast and cutting out eggs altogether.
""I love food, but when I got sick I had to learn… [+4366 chars]",fox-news,Fox News
,Search for Amelia Earhart's long-lost plane reignites with ambitious new expedition,The Taraia Object Expedition departs on Oct. 7 for Nikumaroro Island to investigate a satellite-imaged anomaly believed to be Amelia Earhart's long-missing plane.,https://www.foxnews.com/travel/search-amelia-earharts-long-lost-plane-reignites-ambitious-new-expedition,https://static.foxnews.com/foxnews.com/content/uploads/2026/03/amelia-earhart-in-the-cockpit.jpg,2026-08-05T21:30:50Z,"Researchers are gearing up to resume their search for Amelia Earhart's lost plane in the Pacific Ocean after setbacks delayed the search.
Purdue University officials said in a recent statement that … [+2591 chars]",fox-news,Fox News
,Spokane fire survivor finds 'joy' through Jesus after alleged arson destroys home and belongings,Christopher Guyton says losing his home in the Spokane wildfire strengthened his Christian faith and inspired him to spread the Gospel to others.,https://www.foxnews.com/media/spokane-fire-survivor-finds-joy-jesus-alleged-arson-destroys-home-belongings,https://static.foxnews.com/foxnews.com/content/uploads/2026/08/ccc52006-guyton-fire-victim.png,2026-08-05T21:30:06Z,"Spokane wildfire survivor Christopher Guyton said losing his home to one of Washington states most devastating wildfires strengthened his faith and inspired him to spread the Gospel.
Guyton shared h… [+3142 chars]",fox-news,Fox News
,"Brewery behind Trump, McConnell death promotions now unveils 'Antifa Octoberfist' beer","Minocqua Brewing Company released its ""Antifa Octoberfist"" beer after Abdul El-Sayed won Michigan's Democratic primary for a Senate nomination.",https://www.foxnews.com/media/brewery-behind-trump-mcconnell-death-promotions-unveils-antifa-octoberfist-beer,https://static.foxnews.com/foxnews.com/content/uploads/2026/06/beer-tap-pouring-bar.png,2026-08-05T21:24:02Z,"The Wisconsin brewery that previously drew national attention for promising free beer ""the day"" President Donald Trump dies and later announcing plans for a ""half-price beer day"" when Sen. Mitch McCo… [+3720 chars]",fox-news,Fox News
,Russia deploys North Korean missile unit to Ukraine; Moscow-Pyongyang axis deepens: report,A Ukrainian intelligence official says Russia is deploying a North Korean unit with up to 120 ballistic missiles in its war against Ukraine.,https://www.foxnews.com/world/russia-deploys-north-korean-missile-unit-ukraine-moscow-pyongyang-axis-deepens,https://static.foxnews.com/foxnews.com/content/uploads/2025/06/trump-kim-post-ian.jpg,2026-08-05T21:20:29Z,"Russia has begun deploying a North Korean missile unit equipped with up to 120 ballistic missiles and six launchers for use in its war against Ukraine, a Ukrainian intelligence official told told Reu… [+3439 chars]",fox-news,Fox News
,Three teams ranked outside the top-12 of the Coaches Poll who will make the College Football Playoff,"Three teams ranked outside the top-12 in the coaches poll are poised for college football playoff berths, including LSU Tigers and SMU Mustangs.",https://www.foxnews.com/outkick-sports/three-teams-ranked-outside-top-12-coaches-poll-make-college-football-playoff,https://static.foxnews.com/foxnews.com/content/uploads/2026/07/williefritz.png,2026-08-05T21:15:07Z,"There are certain indicators that the college football season is right around the corner, and one of the biggest telltale signs is the release of the preseason polls.
Earlier this week, the USA Toda… [+4904 chars]",fox-news,Fox News
,AEW star Adam Copeland reflects on opportunity to compete at iconic Mexican venue,Adam Copeland calls Arena México 'The Wrestling Cathedral' as he prepares for his first match in Mexico since 2008 at AEW Grand Slam: Mexico.,https://www.foxnews.com/sports/aew-star-adam-copeland-reflects-opportunity-compete-iconic-mexican-venue,https://static.foxnews.com/foxnews.com/content/uploads/2026/05/lee-south-cage-cope-aew-double-or-nothing-fox-news-001.jpeg,2026-08-05T21:02:34Z,"Its hard to believe someone as legendary as Adam Copeland has never competed in an iconic venue like Arena México, but on Wednesday night he will get his first opportunity.
Copeland will be a part o… [+1554 chars]",fox-news,Fox News
,Abdul El-Sayed’s Medicare-for-all crusade collides with an awkward contradiction involving his wife,"Abdul El-Sayed pushes Medicare for All, but his wife's psychiatry practice refuses all insurance, forcing patients to pay entirely out of pocket.",https://www.foxnews.com/politics/abdul-el-sayeds-medicare-for-all-crusade-collides-awkward-contradiction-involving-his-wife,https://static.foxnews.com/foxnews.com/content/uploads/2026/07/abdul-el-sayed-standing-in-front-of-podium.jpg,2026-08-05T21:00:46Z,"Michigan Senate nominee Abdul El-Sayed has campaigned on passing Medicare-for-all, but his wifes private psychiatry practice appears to operate outside the insurance system entirely.
El-Sayed, who s… [+3775 chars]",fox-news,Fox News
,"JD Vance warns 'limousine socialists' will destroy Michigan auto jobs, depress American wages","JD Vance labels Abdul El-Sayed a ""limousine socialist,"" claiming the Michigan Senate candidate's policies on immigration and tariffs hurt auto workers.",https://www.foxnews.com/media/jd-vance-warns-limousine-socialists-destroy-michigan-auto-jobs-depress-american-wages,https://static.foxnews.com/foxnews.com/content/uploads/2026/08/el-sayed-vance-fox-news.jpg,2026-08-05T21:00:05Z,"Vice President JD Vance branded Democratic Senate candidate Abdul El-Sayed a ""limousine socialist,"" on Wednesday, warning that the far-left is using wealth redistribution and open-border immigration … [+3075 chars]",fox-news,Fox News
,MLB player Adley Rutschman's Red Sox trade ruined 'Spider-Man' movie plans with Orioles teammates,"Adley Rutschman and three Orioles teammates were headed to see ""Spider-Man: Brand New Day"" when the MLB trade deadline call changed everything.",https://www.foxnews.com/outkick-sports/mlb-player-adley-rutschman-red-sox-trade-ruined-spider-man-movie-plans-orioles-teammates,https://static.foxnews.com/foxnews.com/content/uploads/2026/08/adley-rutschman-orioles-royals-camden-yards.jpg,2026-08-05T20:50:15Z,"The big-league movie plans were over before they ever began.
Adley Rutschman, Colton Cowser, Ryan Mountcastle and Gunnar Henderson had plans to see ""Spider-Man: Brand New Day.""
Then Rutschman's pho… [+3035 chars]",fox-news,Fox News
,Trump's antitrust point man could reshape Big Tech cases against Google and Apple if confirmed,Adam Candeub's Senate confirmation hearing could reshape landmark antitrust cases against Google and Apple as he pushes for Section 230 reform.,https://www.foxnews.com/politics/trumps-antitrust-pointman-could-reshape-big-tech-cases-against-google-apple-confirmed,https://static.foxnews.com/foxnews.com/content/uploads/2026/08/donald-trump-apple-logo.jpg,2026-08-05T20:44:48Z,President Donald Trump's pick to lead the Justice Department's Antitrust Division testified before the Senate on Wednesday in a confirmation hearing that could shape the future direction of the gover… [+4600 chars],fox-news,Fox News
,"Rita Wilson ignored her mother's old-school marriage advice, and it led her to Tom Hanks",Rita Wilson revealed on Michelle Obama's podcast the outdated marriage advice her mom gave before she found love with Tom Hanks on set in 1984.,https://www.foxnews.com/entertainment/rita-wilson-ignored-her-mothers-old-school-marriage-advice-led-her-tom-hanks,https://static.foxnews.com/foxnews.com/content/uploads/2026/08/rita-wilson-sparkles.jpg,2026-08-05T20:41:06Z,"Rita Wilson is sharing the marriage advice her mom gave that didn't sit right with her.
During a recent appearance on Michelle Obama's podcast, ""In My Opinion,"" the 69-year-old actress spoke about t… [+2939 chars]",fox-news,Fox News
,Viagra could do more than advertised as study reveals surprising health superpower,"Sildenafil, Viagra's active ingredient, may restrict cancer metastasis by limiting cancer cells' cholesterol access, a new study has found.",https://www.foxnews.com/health/viagra-could-do-more-than-advertised-study-reveals-surprising-health-superpower,https://static.foxnews.com/foxnews.com/content/uploads/2021/12/viagrapill.jpg,2026-08-05T20:31:31Z,"Viagra could do more than give men a boost in the bedroom, as new research suggests it may have benefits for cancer patients.
The prescription medication, which is manufactured and distributed by Vi… [+3629 chars]",fox-news,Fox News
,Gabby Forza joins TNA Wrestling's Knockouts Division: 'I'm over the moon',Gabby Forza announced she signed her first-ever TV contract with TNA Wrestling after three-and-a-half years on the independent wrestling scene.,https://www.foxnews.com/sports/gabby-forza-joins-tna-wrestling-knockouts-division-over-moon,https://static.foxnews.com/foxnews.com/content/uploads/2026/08/TNA-Gabby-Forza-080526-4.jpg,2026-08-05T20:21:44Z,"Gabby Forza is Total Nonstop Action Wrestlings (TNA) newest member of its Knockouts Division.
Forza told Instinct Culture she was joining TNA on Wednesday. TNA later confirmed the new signing.
COMP… [+1727 chars]",fox-news,Fox News
,Fauci slapped with subpoena as COVID doc probed for 'profiting' off federal guidance,"The subpoena seeks documents on Anthony Fauci's book deals, awards and alleged self-dealing tied to COVID-19 guidance that impacted Florida businesses.",https://www.foxnews.com/politics/fauci-slapped-subpoena-covid-doc-probed-profiting-federal-guidance,https://static.foxnews.com/foxnews.com/content/uploads/2026/07/anthony-fauci-senate-hearing-fifth-amendment.jpg,2026-08-05T20:21:13Z,"FIRST ON FOX: A top Florida official is slapping Anthony Fauci with a subpoena over alleged ""profiting"" from federal guidance that hurt businesses, residents.
Florida Attorney General James Uthmeier… [+4038 chars]",fox-news,Fox News
,Terrifying 'human safaris' on display in shocking video that reveals depths of Russia's deadly campaign,"Video shows a Russian drone stalking a vegetable vendor through a Kherson market before detonating near him, in what Zelenskyy calls a ""safari.""",https://www.foxnews.com/world/terrifying-human-safaris-display-shocking-video-reveals-depths-russias-deadly-campaign,https://static.foxnews.com/foxnews.com/content/uploads/2026/02/ukraine-coal-miners-bus-attack.jpg,2026-08-05T20:12:55Z,"Ukrainian President Volodymyr Zelenskyy accused Russia of going ""mad"" following the release of a video showing a Ukrainian vegetable vendor being stalked by a Russian military drone before the drone … [+3323 chars]",fox-news,Fox News
,"Sophie Cunningham calls out WNBA media for non-basketball focus, and talks viral Cheryl Reeve conversation","Sophie Cunningham says WNBA media covers ""everything except basketball"" as rallies at Fever games thrust the league into the trans athletes debate.",https://www.foxnews.com/outkick-sports/sophie-cunningham-calls-out-wnba-media-non-basketball-focus-viral-cheryl-reeve-conversation,https://static.foxnews.com/foxnews.com/content/uploads/2026/08/riley-gaines-sophie-cunningham-jen-sey-xx-xy-athletics-indiana-fever.jpg,2026-08-05T20:11:29Z,"Sophie Cunningham said of the WNBA media ""all we ever do is cover everything except basketball,"" while speaking to reporters on Wednesday.
""The WNBA media, all we ever do is cover everything except … [+4039 chars]",fox-news,Fox News
,"Getting busted hooking up in a bar's bathroom is enough of a mood killer, you don't need to assault a manager","Hayley Serball allegedly spit on a manager's face after being confronted for having sexual intercourse in a bar bathroom in St. Petersburg, Florida.",https://www.foxnews.com/outkick-culture/getting-busted-hooking-bar-bathroom-enough-mood-killer-dont-need-assault-manager,https://static.foxnews.com/foxnews.com/content/uploads/2026/08/woman-caught-having-sex-bathroom-spit-on-bar-manager-arrested.jpg,2026-08-05T20:10:40Z,"The mood is already ruined after you get busted hooking up in a bar's bathroom. There's no need to make matters worse for yourself, especially if there's any chance you can pick back up where you lef… [+1841 chars]",fox-news,Fox News
,SEE IT: Michigan Dem predicts far-left El-Sayed will win Senate race after backing his primary rival,Sen. Gary Peters says Abdul El-Sayed will beat Mike Rogers in the Michigan Senate race despite backing Haley Stevens in the Democratic primary.,https://www.foxnews.com/politics/michigan-dem-predicts-far-left-el-sayed-win-senate-race-backing-primary-rival,https://static.foxnews.com/foxnews.com/content/uploads/2026/08/gary-peters-el-sayed.jpg,2026-08-05T20:10:37Z,"Sen. Gary Peters, D-Mich., is confident that far-left Democratic Senate nominee Abdul El-Sayed will defeat Republican nominee Mike Rogers in the race to replace him in the Senate, despite having endo… [+3346 chars]",fox-news,Fox News
,Lane Kiffin knows there aren’t excuses at LSU. Now comes the test of making it worth the price of admission,"Lane Kiffin says he lives for pressure as LSU's new era begins, but selling tickets and winning in the SEC are two very different challenges.",https://www.foxnews.com/outkick-sports/lane-kiffin-knows-no-excuses-lsu-now-comes-test-making-worth-price-admission,https://static.foxnews.com/foxnews.com/content/uploads/2026/08/lane-kiffin-lsu-tigers-sec-football-kickoff.jpg,2026-08-05T20:06:24Z,"One of the benefits of bringing Lane Kiffin to LSU as head coach has already paid off from a marketing standpoint, thanks to the circus-like atmosphere that followed him from Ole Miss to Baton Rouge … [+5629 chars]",fox-news,Fox News
,Alex Murdaugh’s lawsuit against Rebecca Hill dismissed by judge who says clerk doesn’t owe him for defense,"Alex Murdaugh's $600,000 lawsuit against Rebecca Hill was dismissed after a federal judge ruled he lacked standing to recover defense costs from the clerk.",https://www.foxnews.com/us/alex-murdaugh-lawsuit-rebecca-hill-dismissed-judge-clerk-owes-defense,https://static.foxnews.com/foxnews.com/content/uploads/2026/05/alex-murdaugh-becky-hill-split-fox-news-01.jpg,2026-08-05T20:02:28Z,"A federal judge on Wednesday dismissed a lawsuit filed by Alexander Murdaugh seeking to recover $600,000 in legal expenses from the county clerk accused of interfering with the jury in his murder tri… [+1395 chars]",fox-news,Fox News
,DoorDash gets FAA approval for its own delivery drones,"DoorDash earned FAA Part 135 air carrier certification and launched DoorDash Air, but several operational approvals remain before drones reach customers.",https://www.foxnews.com/tech/doordash-gets-faa-approval-delivery-drones,https://static.foxnews.com/foxnews.com/content/uploads/2026/08/doordash-wing-drone-partnership.jpg,2026-08-05T20:00:03Z,"Your next DoorDash order could arrive with a flight path instead of a driver. DoorDash has earned FAA Part 135 air carrier certification and launched DoorDash Air, its in-house drone delivery program… [+9117 chars]",fox-news,Fox News
,Taxpayer-funded housing for illegal immigrants in GOP's crosshairs: 'It's got to stop',Sen. Bill Hagerty's bill would require citizenship verification for public housing and block sanctuary cities from community development block grants.,https://www.foxnews.com/politics/taxpayer-funded-housing-illegal-immigrants-gops-crosshairs-got-to-stop,https://static.foxnews.com/foxnews.com/content/uploads/2026/08/hagerty-in-hearing-2.jpg,2026-08-05T23:54:30Z,"EXCLUSIVE: Sen. Bill Hagerty, R-Tenn., is introducing new legislation that works to restrict illegal aliens from reaping federal housing benefits, blocking loopholes and cutting off access for sanctu… [+4465 chars]",fox-news,Fox News
,"Explosive drone forces shutdown at major German airport serving NATO, Ukraine flights","An explosive-armed drone was found near a Ukrainian plane at Leipzig/Halle Airport, prompting Germany's interior minister to warn of a hybrid attack.",https://www.foxnews.com/world/explosive-drone-forces-shutdown-major-german-airport-serving-nato-ukraine-flights,https://static.foxnews.com/foxnews.com/content/uploads/2026/08/1c78f982-ukraine-airline-drone-german-airport.jpg,2026-08-05T23:32:23Z,"A drone carrying explosives was found near a Ukrainian plane at Germany's Leipzig/Halle Airport late Tuesday, prompting officials to warn the incident represented ""a new quality of danger,"" authoriti… [+3461 chars]",fox-news,Fox News
,"In Nevada speech, Trump chases after toddler on stage before joking he doesn't want him to 'be Biden and fall'","Trump invited a Las Vegas casino waitress and police officer's family on stage, where their toddler delivered an adorable Trump Account thank-you.",https://www.foxnews.com/politics/nevada-speech-trump-chases-after-toddler-stage-joking-doesnt-want-him-biden-fall,https://static.foxnews.com/foxnews.com/content/uploads/2026/08/toddlerruns.gif,2026-08-05T23:30:41Z,"President Donald Trump shared a pair of lighthearted moments with a toddler during a Nevada event Wednesday, first stepping in to stop the young boy from wandering off-stage before joking, ""I don't w… [+2019 chars]",fox-news,Fox News
,Chiefs coach Andy Reid has a blunt response to everyone freaking out over Travis Kelce's dad bod,"Andy Reid insists Travis Kelce came back in good shape, but practice footage and declining 2025 stats tell a different story for fantasy football owners.",https://www.foxnews.com/outkick-sports/chiefs-coach-andy-reid-blunt-response-everyone-freaking-travis-kelce-dad-bod,https://static.foxnews.com/foxnews.com/content/uploads/2026/08/travis-kelce-chiefs-nfl-1.jpg,2026-08-05T23:29:49Z,"NFL training camp is barely a week old, and the Kansas City Chiefs already find themselves embroiled in a full-blown investigation: Has Travis Kelce succumbed to the dreaded dad bod?
The internet's … [+2441 chars]",fox-news,Fox News
,Kennedy Center board member knocks Sen Whitehouse for ignoring invites as Dem feuds with Trump-run landmark,"In a letter obtained by Fox News Digital, Kennedy Center Board of Trustees member Brian Ballard called out Sen. Sheldon Whitehouse, D-R.I.",https://www.foxnews.com/media/kennedy-center-board-member-knocks-sen-whitehouse-ignoring-invites-dem-feuds-trump-run-landmark,https://static.foxnews.com/foxnews.com/content/uploads/2026/08/Kennedy-Center-Sheldon-Whitehouse.jpg,2026-08-05T23:29:03Z,"FIRST ON FOX A member of the Kennedy Center's board of trustees called out Sen. Sheldon Whitehouse, D-R.I., who continues to level ""mismanagement"" allegations while refusing to accept multiple invita… [+4998 chars]",fox-news,Fox News
,"Trump has become America's most targeted leader, facing threats every few months","President Donald Trump has survived three assassination attempts and nearly 20 known threats total, making him the most targeted U.S. president on public record.",https://www.foxnews.com/politics/trump-become-americas-most-targeted-leader-facing-threats-every-few-months,https://static.foxnews.com/foxnews.com/content/uploads/2024/07/Trump-Assassination-Attempt-in-Photos_17.jpg,2026-08-05T23:14:30Z,"President Donald Trump has become the most targeted U.S. leader on record among both sitting and former presidents, facing threat-related incidents roughly every two to three months in recent years.… [+8605 chars]",fox-news,Fox News
,Diddy's federal prison release delayed weeks after reported solitary confinement stint,"Sean Diddy Combs' federal prison release date was pushed back to Feb. 20, 2028, after he was reportedly sent to solitary confinement following a prison fight.",https://www.foxnews.com/entertainment/diddys-federal-prison-release-delayed-weeks-after-reported-solitary-confinement-stint,https://static.foxnews.com/foxnews.com/content/uploads/2026/08/diddy-combs.jpg,2026-08-05T23:12:38Z,"Sean ""Diddy"" Combs' federal prison release date was changed once again.
Diddy, 56, is now expected to leave prison on Feb. 20, 2028, nearly one month after his previously scheduled release date, acc… [+2532 chars]",fox-news,Fox News
,Social media users are having a hard time processing LaMelo Ball's Charlotte penthouse,"A viral video from movers packing up LaMelo Ball's Charlotte penthouse reveals alien mannequins, neon lights and an interior unlike anything else.",https://www.foxnews.com/outkick-sports/social-media-users-hard-time-processing-lamelo-ball-charlotte-penthouse,https://static.foxnews.com/foxnews.com/content/uploads/2026/08/lamelo-ball-charlotte.jpg,2026-08-05T23:10:36Z,"The Charlotte Hornets traded LaMelo Ball to the Minnesota Timberwolves this offseason after six seasons with the team, which means that at least a portion of his offseason activities has involved mov… [+1777 chars]",fox-news,Fox News
,"Martha Stewart gets candid about plastic surgery, dating as she turns 85",Martha Stewart shared a hot tub photo from her Maine estate on her 85th birthday and revealed to People magazine she has never had plastic surgery.,https://www.foxnews.com/entertainment/martha-stewart-candid-plastic-surgery-dating-turns-85,https://static.foxnews.com/foxnews.com/content/uploads/2026/08/MARTHA-STEWART-THEN-NOW.jpg,2026-08-05T22:55:58Z,"Martha Stewart isn't planning to go under the knife or settle down with an older partner.
The lifestyle icon is embracing turning 85 on her own terms, opening up about plastic surgery, dating and ag… [+4346 chars]",fox-news,Fox News
,World Cup hero throws out first pitch at Yankee Stadium and sets the bar high for all other athletes,"Ferran Torres brought his World Cup athleticism to Yankee Stadium, delivering one of the cleanest first pitches seen before the Yankees-Cardinals game.",https://www.foxnews.com/outkick-sports/world-cup-hero-throws-first-pitch-yankee-stadium-sets-bar-high-athletes,https://static.foxnews.com/foxnews.com/content/uploads/2026/08/ferran-torres-pitch.jpg,2026-08-05T22:51:13Z,"Spanish soccer player Ferran Torres got the nod to throw out the first pitch ahead of Tuesday's New York Yankees game against the St. Louis Cardinals at Yankee Stadium.
It's a big honor to throw out… [+1684 chars]",fox-news,Fox News
,"Livvy Dunne still has it: the bikini model, actress and MLB WAG dusts off her gymnastics skills at beach",Livvy Dunne proved she can still execute elite gymnastics skills in a beach bikini video despite retiring to focus on acting and MLB WAG life.,https://www.foxnews.com/outkick-sports/livvy-dunne-still-has-it-bikini-model-actress-mlb-wag-dusts-off-gymnastics-skills-beach,https://static.foxnews.com/foxnews.com/content/uploads/2026/07/livvy-dunne-sports-illustrated-swimsuit_001.jpg,2026-08-05T22:49:39Z,"Once a gymnast, always a gymnast is the sort of saying you can hear a gym mom regurgitating at any weekend meet as if it has some deep meaning. When it comes to retired gymnast Livvy Dunne, it's true… [+1879 chars]",fox-news,Fox News
,Aaron Donald takes major step toward Los Angeles Rams return; decision expected soon,"Aaron Donald completed a formal 45-minute workout in helmet and pads with the Rams, and a decision on his return to the NFL could be imminent.",https://www.foxnews.com/sports/aaron-donald-takes-major-step-toward-los-angeles-rams-return-decision-expected-soon,https://static.foxnews.com/foxnews.com/content/uploads/2022/11/Aaron-Donald.jpg,2026-08-05T22:38:51Z,"When Aaron Donald retired from the Los Angeles Rams in 2024, his next stop seemed destined to be an induction ceremony into the Pro Football Hall of Fame. But now, that journey might include one more… [+3075 chars]",fox-news,Fox News
,American Airlines flight attendant's alleged killers tied to gang accused of preying on tourists: officials,Two suspects captured in Peru months after allegedly drugging and killing American Airlines flight attendant Eric Fernando Gutierrez Molina in Medellín.,https://www.foxnews.com/us/american-airlines-flight-attendant-alleged-killers-tied-gang-accused-preying-tourists-officials,https://static.foxnews.com/foxnews.com/content/uploads/2026/08/american-airlines-flight-attendant-eric-gutierrez-molina-colombia.jpg,2026-08-05T22:23:13Z,"Two men accused of drugging and killing an American Airlines flight attendant during a layover in Colombia have been arrested months after the slaying, authorities said, with the suspects allegedly t… [+4263 chars]",fox-news,Fox News
,Clay Travis tells Dan Dakich about his $10 million offer to the Las Vegas Aces and how Elon Musk could help,Clay Travis explains his $10 million challenge to the Las Vegas Aces and suggests Elon Musk could raise the stakes to $100 million to force a response.,https://www.foxnews.com/outkick-sports/clay-travis-tells-dan-dakich-10-million-offer-las-vegas-aces-elon-musk-could-help,https://static.foxnews.com/foxnews.com/content/uploads/2025/10/aja-wilson-tropphy-101125.jpg,2026-08-05T22:10:12Z,"OutKickfounder Clay Travis set the WNBA and sports world on fire recently when he made a compelling financial and social offer to the league and its best team, the Las Vegas Aces.
Play a state champ… [+3729 chars]",fox-news,Fox News
,"Pete Buttigieg distances himself from Biden amid 2028 talk, suggests 'Build Back Better' doesn't work","Pete Buttigieg distanced himself from former President Joe Biden's ""Build Back Better"" message and rejected a ""return to normal"" strategy amid 2028 rumors.",https://www.foxnews.com/media/pete-buttigieg-distances-himself-biden-amid-2028-talk-suggests-build-back-better-doesnt-work,https://static.foxnews.com/foxnews.com/content/uploads/2026/07/pete-buttigieg-politics-democrats-fox-news-2.jpg,2026-08-05T22:07:53Z,"Former Transportation Secretary and potential 2028 presidential candidate Pete Buttigieg appeared to distance himself from former President Joe Biden and rejected the idea of a ""return to normal"" dur… [+3859 chars]",fox-news,Fox News
,Dems in the hot seat for skipping crucial hearing on radical group hiding in US: 'Embarrassment',"Every Democratic Party member of a Senate Judiciary subcommittee boycotted a hearing on the Muslim Brotherhood's alleged U.S. network, describing the hearing as 'a political creepshow.'",https://www.foxnews.com/politics/dems-hot-seat-skipping-crucial-hearing-radical-group-hiding-us-embarrassment,https://static.foxnews.com/foxnews.com/content/uploads/2026/08/dems-boycott-hearing-muslim-brotherhood.jpg,2026-08-05T22:07:33Z,"Democratic lawmakers were missing during Wednesday's Senate Judiciary subcommittee hearing as they skipped a hearing on the Muslim Brotherhoods alleged network inside the United States, drawing a bli… [+3837 chars]",fox-news,Fox News
,"The Left wants Caitlin Clark, Sophie Cunningham to shut up and dribble when it comes to trans sports",Liberal sports media now wants Caitlin Clark to shut up and dribble on transgender athletes after demanding she speak on cultural issues for years.,https://www.foxnews.com/outkick-sports/left-wants-caitlin-clark-sophie-cunningham-shut-up-dribble-trans-sports,https://static.foxnews.com/foxnews.com/content/uploads/2026/07/cunningham-clark-fever-wnba.jpg,2026-08-05T22:04:35Z,"All of a sudden, it is liberal members of the sports media who want athletes like Caitlin Clark and Sophie Cunningham to stick to sports.
""Caitlin Clark just wants to shut up and dribble, and it's t… [+4802 chars]",fox-news,Fox News
