author,title,description,url,urlToImage,publishedAt,content,source.id,source.name
,"Surrogate, California couple clash in court as newborn fights for life after heart surgery",Nausheen Gilkar told a Dallas court her newborn is suffering after open-heart surgery as the surrogate custody fight with McKenna West intensifies.,https://www.foxnews.com/us/surrogate-california-couple-clash-court-newborn-fights-life-after-heart-surgery,https://static.foxnews.com/foxnews.com/content/uploads/2026/08/mckenna-west-dallas-court-legal-team.jpg,2026-08-26T01:40:44Z,"The critically ill newborn at the center of a bitter surrogate custody fight was placed back on a breathing tube after his condition worsened following open-heart surgery, according to newly filed co… [+4998 chars]",fox-news,Fox News
,Hochul remains defiant after sheriffs sue over law banning cooperation with ICE: 'Bring it on',More than a dozen New York sheriffs are suing state officials over a new state law that prohibits law enforcement from cooperating with ICE.,https://www.foxnews.com/politics/hochul-remains-defiant-sheriffs-sue-law-banning-cooperation-ice-bring-it-on,https://static.foxnews.com/foxnews.com/content/uploads/2025/09/new-york-ice-agents-kathy-hochul.png,2026-08-26T01:36:05Z,"More than a dozen New York sheriffs are suing over a state law prohibiting law enforcement from entering into or maintaining certain agreements with ICE for civil immigration enforcement, as Gov. Kat… [+3911 chars]",fox-news,Fox News
,"Attempted drone incursion at Virginia prison leads to $324K contraband haul with meth, 17 cellphones","A drone smuggling attempt at a Virginia prison led to a $324,000 contraband seizure including methamphetamine and 17 cellphones, officials said.",https://www.foxnews.com/us/attempted-drone-incursion-virginia-prison-leads-324k-contraband-haul-meth-17-cellphones,https://static.foxnews.com/foxnews.com/content/uploads/2026/08/virginia-prison-drone-324k-contraband.jpg,2026-08-26T01:32:38Z,"Virginia prison officials intercepted a package containing an estimated $324,000 worth of contraband, including a pound of suspected methamphetamine and more than a dozen cellphones, following an att… [+2358 chars]",fox-news,Fox News
,Falcons' starting QB post is Michael Penix Jr's to lose amid Tua Tagovailoa's struggles: report,Tua Tagovailoa's inconsistent play in training camp and preseason has reportedly made the Atlanta Falcons' starting job Michael Penix Jr.'s to lose.,https://www.foxnews.com/outkick-sports/falcons-starting-qb-post-michael-penix-jr-lose-amid-tua-tagovailoa-struggles-report,https://static.foxnews.com/foxnews.com/content/uploads/2026/08/tua-tagovailoa-falcons-warmup-fox-news_.jpg,2026-08-26T01:28:16Z,"Tua Tagovailoas next chapter in the NFL isnt going well at all, so much so that the Atlanta Falcons may have to rush Michael Penix Jr. back faster than they hoped.
When Tagovailoa joined the Falcons… [+2541 chars]",fox-news,Fox News
,"Timberwolves’ LaMelo Ball hires driver following reckless driving incidents in Charlotte, brother Lonzo says",Lonzo Ball revealed that LaMelo Ball has a driver to help with his many road situations after buying $1 million cars and finding ways to damage them.,https://www.foxnews.com//timberwolves-lamelo-ball-hires-driver-following-reckless-driving-incidents-in-charlotte-brother-lonzo-says-2,,2026-08-26T01:10:10Z,This should point to Fox News managed Homepage,fox-news,Fox News
,"Timberwolves’ LaMelo Ball hires driver following reckless driving incidents in Charlotte, brother Lonzo says",Lonzo Ball revealed that LaMelo Ball has a driver to help with his many road situations after buying $1 million cars and finding ways to damage them.,https://www.foxnews.com/outkick-sports/timberwolves-lamelo-ball-hires-driver-following-reckless-driving-incidents-charlotte-brother-lonzo-says,https://static.foxnews.com/foxnews.com/content/uploads/2026/08/lamelo-ball-lonzo-ball-cavaliers-hornets.jpg,2026-08-26T01:09:00Z,LaMelo Balls extensive car collection has drawn attention since his rise to basketball stardom. But the Minnesota Timberwolves guard has now decided to employ a personal driver to help him get around… [+2560 chars],fox-news,Fox News
,Trump endorsement boosts sister of late Lindsey Graham to historic runoff victory,"President Donald Trump's endorsement and an $800,000 MAGA Inc. blitz helped Darline Graham defeat Ralph Norman in the South Carolina Senate runoff.",https://www.foxnews.com/politics/trump-endorsement-boosts-sister-late-lindsey-graham-historic-runoff-win,https://static.foxnews.com/foxnews.com/content/uploads/2026/08/darline-graham-florence-south-carolina.jpg,2026-08-26T01:08:17Z,"A powerful name and an endorsement from President Donald Trump proved more than enough to score an unlikely candidate a win in the latest runoff election in South Carolina.
Sen. Darline Graham, R-S.… [+3061 chars]",fox-news,Fox News
,Trump endorsement boosts sister of late Lindsey Graham to historic runoff victory,"President Donald Trump's endorsement and an $800,000 MAGA Inc. blitz helped Darline Graham defeat Ralph Norman in the South Carolina Senate runoff.",https://www.foxnews.com/politics/trump-endorsement-boosts-sister-late-lindsey-graham-historic-runoff-victory,https://static.foxnews.com/foxnews.com/content/uploads/2026/08/darline-graham-florence-south-carolina.jpg,2026-08-26T01:08:17Z,"A powerful name and an endorsement from President Donald Trump proved more than enough to score an unlikely candidate a win in the latest runoff election in South Carolina.
Sen. Darline Graham, R-S.… [+3061 chars]",fox-news,Fox News
,"Democratic newcomer scores runoff upset in Oklahoma, vows to impeach Trump if elected",N’Kiyla Jasmine Thomas defeated Jim Priest in the runoff race for the Democratic Senate nomination in Oklahoma.,https://www.foxnews.com/politics/democratic-newcomer-scores-runoff-upset-oklahoma-vows-impeach-trump-elected,https://static.foxnews.com/foxnews.com/content/uploads/2026/08/donald-trump-rose-garden-school-choice.jpg,2026-08-26T01:01:03Z,"A political newcomer just scored a victory in ruby-red Oklahoma, and, if elected, she would put all her energy into impeaching President Donald Trump.
NKiyla Jasmine Thomas, a nurse who has never ru… [+3038 chars]",fox-news,Fox News
,Seattle man allegedly targeted governor after telling hospital of murderous plan: docs,A Seattle man allegedly told authorities he planned to surveil Washington Gov. Bob Ferguson's mansion and harm anyone standing in his way inside.,https://www.foxnews.com/politics/seattle-man-allegedly-targeted-governor-telling-hospital-murderous-plan-docs,https://static.foxnews.com/foxnews.com/content/uploads/2025/12/bob-ferguson-governor-of-washington.png,2026-08-26T00:59:24Z,"A Seattle man accused of threatening Washington Gov. Bob Ferguson allegedly laid out a deadly plan during a hospital stay one authorities say put the governor and those around him in danger.
The all… [+3329 chars]",fox-news,Fox News
,Daughter of late House Dem loses runoff bid to finish father's term,Marcye Scott fell short against former Gwinnett County school board chairman Everton Blair in her bid to finish the final months of her late father’s House term after leading the first round of voting.,https://www.foxnews.com/politics/daughter-late-house-dem-goes-down-swinging-bid-serve-remainder-fathers-term,https://static.foxnews.com/foxnews.com/content/uploads/2026/07/david-scott-congress-2.jpg,2026-08-26T00:51:08Z,"Marcye Scott, the daughter of late Rep. David Scott, D-Ga., fell short Tuesday in her bid to succeed her father in Congress for the final few months of his term, despite leading the first-round of vo… [+2572 chars]",fox-news,Fox News
,Haters of fashion attack Aryna Sabalenka with 'streetwalker' insult simply because she wore fishnet at US Open,"Aryna Sabalenka's bold mesh dress at the US Open sparked fierce backlash, but the tennis star had a defiant response ready for her fashion critics.",https://www.foxnews.com/outkick-sports/haters-fashion-attack-aryna-sabalenka-streetwalker-insult-fishnet-us-open,https://static.foxnews.com/foxnews.com/content/uploads/2026/08/us-open-Aryna-Sabalenka-mesh-dress.jpg,2026-08-26T00:30:14Z,"Good luck being a leader and trying something new, especially when it comes to fashion. I've said it before, I'm not an expert nor will I pretend to be one. That doesnt mean there aren't others more … [+2245 chars]",fox-news,Fox News
,"IndyCar's Freedom 250 Grand Prix spectacle in Washington, DC draws massive TV ratings","IndyCar's Freedom 250 Grand Prix in Washington, DC, attracted 3.282 million viewers, making it the most-watched non-Indy 500 race since 2008.",https://www.foxnews.com/outkick-sports/indycar-freedom-250-grand-prix-spectacle-washington-dc-draws-massive-tv-ratings,https://static.foxnews.com/foxnews.com/content/uploads/2026/08/kyle-kirkwood-freedom-250-gp.jpg,2026-08-26T00:26:42Z,"Race fans turned out in droves to check out the NTT IndyCar Series' Freedom 250 Grand Prix around the streets of Washington, DC, and a whole lot more were watching at home.
How many?
Well, enough t… [+1978 chars]",fox-news,Fox News
,California school district sued over field trip to mosque where students allegedly donned Muslim garb,Multi-faith parents sued Palo Alto High School claiming students were given hijabs and Qurans during a mosque field trip last year without parental consent.,https://www.foxnews.com/media/california-school-district-sued-field-trip-mosque-students-allegedly-donned-muslim-garb,https://static.foxnews.com/foxnews.com/content/uploads/2026/05/hijab-high-school-students.png,2026-08-26T00:18:28Z,A group of multi-faith parents has filed a joint lawsuit against Palo Alto Unified School District in California and Palo Alto High School's principal Brent Kline over a field trip to a local mosque … [+4488 chars],fox-news,Fox News
,NYC manhunt underway for suspect accused of deadly shootings across 2 boroughs days apart,"The NYPD released surveillance images of Jesus Acosta, wanted in a fatal Bronx deli robbery and a deadly Brooklyn shooting two days earlier.",https://www.foxnews.com/us/nyc-manhunt-underway-suspect-accused-deadly-shootings-across-2-boroughs-days-apart,https://static.foxnews.com/foxnews.com/content/uploads/2026/08/jesus-acosta-shootings-new-york.jpg,2026-08-26T03:39:42Z,"A man accused of gunning down a customer during a Bronx deli robbery is also wanted in connection with a deadly Brooklyn shooting two days earlier, police said.
The suspect, identified by the NYPD a… [+2626 chars]",fox-news,Fox News
,Trump-endorsed candidate clears key hurdle in red state gubernatorial race,"Mike Mazzei secured Trump's endorsement and defeated Genter Drummond in Oklahoma's GOP governor runoff, promising to eliminate the state's income tax.",https://www.foxnews.com/politics/trump-endorsed-candidate-clears-key-hurdle-red-state-gubernatorial-race,https://static.foxnews.com/foxnews.com/content/uploads/2026/06/Mike-Mazzei.jpeg,2026-08-26T03:05:27Z,"Mike Mazzei, a former Oklahoma state senator and financial planner, won a primary election runoff on Tuesday evening with the backing of President Donald Trump to secure the GOP nomination for govern… [+4470 chars]",fox-news,Fox News
,Newly released texts confirm Anthony Fauci and other 'experts' always knew mask mandates wouldn't work,Michael Osterholm texted Anthony Fauci and Rochelle Walensky that cloth face masks offered very limited protection against COVID transmission.,https://www.foxnews.com/outkick-analysis/newly-released-texts-confirm-anthony-fauci-other-experts-always-knew-mask-mandates-wouldnt-work,https://static.foxnews.com/foxnews.com/content/uploads/2026/07/anthony-fauci-senate-hearing-fifth-amendment.jpg,2026-08-26T02:50:05Z,"When Sen. Rand Paul released private texts and messages from Anthony Fauci to the public several weeks ago, it brought the now-former head of the National Institutes of Allergy and Infectious Disease… [+7790 chars]",fox-news,Fox News
,"Dolly Parton refused to pick political sides for decades: ‘I’m not in politics, I’m an entertainer’","Dolly Parton, who died Tuesday at 80, built a career on refusing to take political sides despite repeated pressure involving Trump and Clinton.",https://www.foxnews.com/politics/dolly-parton-refused-pick-political-sides-decades-im-not-politics-im-entertainer,https://static.foxnews.com/foxnews.com/content/uploads/2026/08/dolly-parton-glastonbury.jpg,2026-08-26T02:03:18Z,"Dolly Parton spent decades singing about love, heartbreak, faith and working ""9 to 5,"" but there was one arena the country music legend repeatedly resisted entering: partisan politics.
""I am not pol… [+5871 chars]",fox-news,Fox News
,"College athletics' latest mess: Court orders say athletes can play, but SEC and Big Ten ready to fight","The SEC and Big Ten voted to bar athletes with pro sports experience, but attorney Ryan Downton says the move violates multiple court orders.",https://www.foxnews.com/outkick-sports/college-athletics-latest-mess-court-orders-say-athletes-can-play-sec-big-ten-ready-fight,https://static.foxnews.com/foxnews.com/content/uploads/2026/08/greg-sankey-sec-football-media-day-fox-news_.jpg,2026-08-26T02:00:03Z,The college athletics world is reeling after the SEC and Big Ten created new guidelines governing the eligibility of athletes who planned to join teams this week following injunctions and temporary r… [+5229 chars],fox-news,Fox News
,Prosecutor in infamous killer mom case says women on Lindsay Clancy jury may bring ‘strange twist’ to verdict,"Rep. Tommy Pope, who prosecuted Susan Smith, says women jurors may be less sympathetic to Lindsay Clancy's postpartum psychosis defense than expected.",https://www.foxnews.com/us/prosecutor-infamous-killer-mom-case-says-women-lindsay-clancy-jury-may-bring-strange-twist-verdict,https://static.foxnews.com/foxnews.com/content/uploads/2026/08/Clancy-Smith.jpg,2026-08-26T04:00:44Z,"A South Carolina lawmaker who prosecuted Susan Smith in her infamous double-murder case says the women on Lindsay Clancy's jury could prove to be a ""strange twist,"" and may be less sympathetic to her… [+5815 chars]",fox-news,Fox News
,Trump admin pauses visa appointments worldwide amid heightened screening for applicants,The State Department paused all visa interviews at embassies and consulates worldwide as officers undergo training on new public charge guidance.,https://www.foxnews.com/politics/trump-immigrant-visa-interview-pause,https://static.foxnews.com/foxnews.com/content/uploads/2026/08/rubio-trump-state-department.png,2026-08-26T07:41:57Z,"The Trump administration has directed U.S. embassies and consulates around the world to postpone immigrant visa interviews while consular officers complete training on new public-charge guidance, tem… [+2956 chars]",fox-news,Fox News
Gabrielle Brothers,#874 – Sign of the Times: National Flags & Olympic Hosts,"In today’s episode of The Quiz, we’re testing your knowledge on everything from international flags to landmark constitutional shifts. Can you answer these? World Flags: One famous national flag prominently features a single red maple leaf directly in its cen…",https://radio.foxnews.com/2026/08/26/874-sign-of-the-times-national-flags-olympic-hosts/,https://static-radio.foxnews.com/radio.foxnews.com/content/uploads/2024/03/75dc8945-the-quiz-thursday.png,2026-08-26T07:00:28Z,"In today’s episode of The Quiz, we’re testing your knowledge on everything from international flags to landmark constitutional shifts. Can you answer these?
<ul><li>World Flags: One famous national … [+585 chars]",fox-news,Fox News
,"Dog treat founder eats her own products, even packs them in her kids' lunches","In celebration of National Dog Day, Lord Jameson's founder says the MAHA movement should extend to pets with organic, whole-food treats free of artificial additives.",https://www.foxnews.com/food-drink/dog-treat-founder-eats-her-own-products-even-packs-them-her-kids-lunches,https://static.foxnews.com/foxnews.com/content/uploads/2026/08/Lord_Jameson_NY.jpg,2026-08-26T09:00:57Z,"It's National Dog Day, and one dog treat creator thinks dogs should be included in the Make America Healthy Again (MAHA) initiative, which emphasizes whole, nutrient-dense foods.
""We have never used… [+4179 chars]",fox-news,Fox News
,"Trump’s Economic D-Day can hammer Iran, but will Tehran ever surrender?","Scott Bessent's ""Economic D-Day"" Iran sanctions echo World War II's D-Day, but history shows punishing Tehran and forcing surrender are vastly different.",https://www.foxnews.com/opinion/trumps-economic-d-day-hammer-iran-tehran-surrender,https://static.foxnews.com/foxnews.com/content/uploads/2026/02/president-donald-trump-february-1-2026.jpg,2026-08-26T09:00:44Z,"I lived in Europe for years, studying World War II not only in books but on the ground, walking battlefields and cemeteries and listening to veterans who had fought their way across the continent.
F… [+7793 chars]",fox-news,Fox News
,"AOC says ‘Woke 1 was crazy,’ but Democrats still owe voters an explanation","New York Democrat Rep. Alexandria Ocasio-Cortez's ""Woke 1"" label lets Democrats compartmentalize 2020 progressive politics without a reckoning.",https://www.foxnews.com/opinion/aoc-says-woke-1-crazy-democrats-owe-voters-explanation,https://static.foxnews.com/foxnews.com/content/uploads/2026/01/democrats-worried-about-abolish-ice-slogan.jpg,2026-08-26T09:00:27Z,"""Woke 1 was crazy.""
New York Democrat Rep. Alexandria Ocasio-Cortez recently borrowed the phrase from New York City Councilman Chi Ossé to describe the politics of 2020. ""Woke 1"" gives Democrats a c… [+4715 chars]",fox-news,Fox News
,JONATHAN TURLEY: Abdul El-Sayed’s wealth-tax fantasy could wreck the Michigan economy,"Democratic Senate candidate Abdul El-Sayed frames extreme wealth as an existential threat, but critics warn his tax plan could trigger an exodus of top earners from Michigan.",https://www.foxnews.com/opinion/jonathan-turley-abdul-el-sayed-wealth-tax-fantasy-wreck-michigan-economy,https://static.foxnews.com/foxnews.com/content/uploads/2026/07/abdul-el-sayed-february-2026.jpg,2026-08-26T09:00:19Z,"Dr. Abdul El-Sayed is tackling a new national crisis: the excess of money held by some tragically wealthy citizens.
In his interview this week with Fox News Jesse Watters, the Michigan Democratic Se… [+8262 chars]",fox-news,Fox News
,Grocers issue warning over Mamdani’s taxpayer-backed stores: 'We're going to go after' them,Frank Garcia's coalition threatens to sue any operator joining Zohran Mamdani's NYC government-owned grocery store program in new legal fight.,https://www.foxnews.com/politics/grocers-issue-warning-mamdanis-taxpayer-backed-stores-going-after-them,https://static.foxnews.com/foxnews.com/content/uploads/2026/08/mamdani-bronx-market.jpg,2026-08-26T09:00:17Z,"Private operators looking to run New York Citys planned government-owned grocery stores are being put on notice: Join Mayor Zohran Mamdanis program, and grocers fighting the plan say they could face … [+6776 chars]",fox-news,Fox News
,Michigan GOP lawmaker casts doubt on El-Sayed’s socialist denial as policies tell another story: ‘Sharp odds’,"Abdul El-Sayed denies the socialist label, but a Michigan lawmaker says his policies on ICE, Medicare for All, and taxing billionaires say otherwise.",https://www.foxnews.com/politics/michigan-gop-lawmaker-casts-doubt-el-sayeds-socialist-denial-policies-tell-another-story-sharp-odds,https://static.foxnews.com/foxnews.com/content/uploads/2026/08/abdul-el-sayed-senate-campaign.jpg,2026-08-26T09:00:16Z,"Despite Michigan Democratic Senate nominee Abdul El-Sayed denying ties to socialism, a Republican Michigan lawmaker warned his policy agenda tells a different story and predicted voters will reject i… [+4813 chars]",fox-news,Fox News
,Pro wrestling star Austin Aries shares thoughts on celebrities entering the sport,MLW openweight champion Austin Aries calls celebrity involvement in pro wrestling potentially insulting to those who put in years of hard work.,https://www.foxnews.com/outkick-sports/pro-wrestling-star-austin-aries-shares-thoughts-celebrities-entering-sport,https://static.foxnews.com/foxnews.com/content/uploads/2026/06/MLW-Austin-Aries-061926-1.jpeg,2026-08-26T11:59:33Z,"Celebrities and professional athletes from outside the ring have been a part of the pro wrestling world for quite some time.
The first WrestleMania featured Mr. T, Cyndi Lauper, Muhammad Ali, Billy … [+2226 chars]",fox-news,Fox News
,"US kills 4 alleged drug smugglers on boat in Caribbean, bringing total to 227 in 68 strikes","SOUTHCOM's latest Caribbean strike killed four narco-terrorists, bringing the roughly one-year total to at least 227 dead across 68 reported operations.",https://www.foxnews.com/politics/us-kills-4-alleged-drug-smugglers-boat-caribbean-bringing-total-227-68-strikes,https://static.foxnews.com/foxnews.com/content/uploads/2026/08/caribbean-boat-strike.gif,2026-08-26T11:48:24Z,"U.S. Southern Command announced another strike on ""narco-terrorists,"" killing four in the Caribbean, bringing the roughly one-year totals to at least 227 dead among the 68 reported strikes, including… [+2513 chars]",fox-news,Fox News
,California Dems trigger outrage after siding with convicted child sex offenders in shocking vote,"California Senate Democrats rejected a Republican effort to ban all sex offender registry tiers from holding public office, including school board seats, in a party-line vote.",https://www.foxnews.com/politics/california-dems-trigger-outrage-after-siding-convicted-child-sex-offenders-shocking-vote,https://static.foxnews.com/foxnews.com/content/uploads/2025/09/scott-wiener-california.jpg,2026-08-26T11:16:24Z,"California Senate Democrats rejected Republican Sen. Suzette Valladares effort to close a ""loophole"" allowing some people convicted of sex crimes against minors to seek public office, including schoo… [+4171 chars]",fox-news,Fox News
,WNBA coach leaves it to the league to handle transgender eligibility issue amid mounting criticism,Nate Tibbetts deferred to the WNBA league office on the transgender eligibility policy after Charles Barkley criticized Adam Silver and Cathy Engelbert.,https://www.foxnews.com/outkick-sports/wnba-coach-leaves-league-handle-transgender-eligibility-issue-amid-mounting-criticism,https://static.foxnews.com/foxnews.com/content/uploads/2026/08/WNBA-Mercury-Nate-Tibbetts-082626-1.jpg,2026-08-26T11:10:12Z,"Phoenix Mercury head coach Nate Tibbetts said Tuesday night its up to the league office when it comes to the WNBAs transgender eligibility policy as the league faced criticism from Charles Barkley.
… [+1559 chars]",fox-news,Fox News
,"Four teens kill couple in head-on crash after stealing G-Wagon, leading cops on hours-long chase: police","A stolen Mercedes G Wagon's joyride ended in tragedy in New Jersey when the SUV struck a sedan, killing a beloved mother and her longtime partner.",https://www.foxnews.com/us/four-teens-kill-couple-head-on-crash-stealing-g-wagon-leading-cops-hours-long-chase-police,https://static.foxnews.com/foxnews.com/content/uploads/2026/08/new-jersey-teen-crash.jpg,2026-08-26T11:00:47Z,"Four teens allegedly stole a luxury SUV and took it on a joyride before it crashed head-on into another vehicle in New Jersey, killing a beloved grandmother and her longtime partner, authorities said… [+3312 chars]",fox-news,Fox News
,‘Captain Canada’ firebrand unloads on Trump with profane one-liner as trade war escalates,"Ontario Premier Doug Ford told President Donald Trump to ""kiss my as*"" on CP24 after Trump mocked him as less impressive than late brother Rob Ford.",https://www.foxnews.com/politics/captain-canada-firebrand-unloads-trump-profane-one-liner-trade-war-escalates,https://static.foxnews.com/foxnews.com/content/uploads/2022/09/doug-ford.jpg,2026-08-26T11:00:47Z,A simmering trade rift between President Donald Trump and Canadian officials burst into the open Monday as Ontario premier Doug Ford sharply escalated his attacks on the president amid a widening tar… [+2638 chars],fox-news,Fox News
,The Left’s constitutional hypocrisy is on full display in its war on Trump,"Trump's resistance to judicial rulings on birthright citizenship and tariffs echoes Jefferson, Lincoln, and Roosevelt's departmentalist tradition.",https://www.foxnews.com/opinion/lefts-constitutional-hypocrisy-full-display-war-trump,https://static.foxnews.com/foxnews.com/content/uploads/2026/08/donald-trump-rose-garden-school-choice.jpg,2026-08-26T11:00:46Z,"Progressives have spent months insisting that President Trump is ""ignoring the rule of law"" whenever he resists or questions judicial rulings on birthright citizenship, trade policy, the removal of F… [+5433 chars]",fox-news,Fox News
,The bravest Jews in America are 15 years old — and they’re going back to school,"Every August American parents add new worries to back-to-school lists, but Jewish Student Union teens are building community instead of hiding identity.",https://www.foxnews.com/opinion/bravest-jews-america-15-years-old-theyre-going-back-school,https://static.foxnews.com/foxnews.com/content/uploads/2025/09/protest-against-antisemitism-in-schools.jpg,2026-08-26T11:00:38Z,"Every August, American parents make back-to-school lists. Notebooks. Sneakers. A new backpack.
For many Jewish parents, another set of questions has joined that list. Should my daughter wear her Sta… [+6200 chars]",fox-news,Fox News
,Dolly Parton's life in her own words: from Smoky Mountains poverty to country music immortality,"Dolly Parton's life in her own words reveals her Smoky Mountains childhood, faith, marriage to Carl Dean and her views on aging and what comes after.",https://www.foxnews.com/entertainment/dolly-parton-life-own-words-smoky-mountains-poverty-country-music-immortality,https://static.foxnews.com/foxnews.com/content/uploads/2026/08/dolly.jpg,2026-08-26T11:00:33Z,"Country music icon Dolly Parton died peacefully in Nashville on Tuesday at 80 years old. Parton's team shared a statement with Fox News Digital on Tuesday night and confirmed that she died after a ""b… [+10707 chars]",fox-news,Fox News
,Eating less of common ingredient early in life may slash cancer risk decades later,Researchers found that early-life sugar rationing in post-war Britain correlated with lower cancer risk and slower aging roughly 50 years later.,https://www.foxnews.com/health/eating-less-common-ingredient-early-life-may-slash-cancer-risk-decades-later,https://static.foxnews.com/foxnews.com/content/uploads/2026/08/grandpa-giving-toddler-ice-cream.jpg,2026-08-26T11:00:30Z,"Limiting sugar consumption during the first 1,000 days of life, from conception through a childs second birthday, may result in slower biological aging and a lower risk of cancer up to five decades l… [+5046 chars]",fox-news,Fox News
,California man arrested after guillotine spotted in back of pickup truck across from US Capitol,Capitol Police arrested a California man after a massive guillotine was found upright in an illegally parked pickup truck near the US Capitol.,https://www.foxnews.com/us/california-man-arrested-guillotine-back-pickup-truck-across-from-us-capitol,https://static.foxnews.com/foxnews.com/content/uploads/2026/08/guillotine-f3.jpg,2026-08-26T10:56:11Z,"The United States Capitol Police (USCP) on Tuesday arrested a California man after officers spotted a guillotine in the back of a pickup truck in broad daylight, just steps from the U.S. Capitol.
US… [+1867 chars]",fox-news,Fox News
,Dolly Parton's cause of death revealed and more top headlines,Get all the stories you need-to-know from the most powerful name in news delivered first thing every morning to your inbox.,https://www.foxnews.com/us/dolly-parton-cause-of-death-revealed-more-top-headlines,https://static.foxnews.com/foxnews.com/content/uploads/2025/04/dolly3.png,2026-08-26T10:35:24Z,"Good morning and welcome to Fox News' morning newsletter, Fox News First. And here's what you need to know to start your day ...
TOP 3
1. Dolly Parton's cause of death revealed
2.Darline Graham se… [+2842 chars]",fox-news,Fox News
,Rams' Sean McVay reacts to wild college football controversy: 'Feel like I took a freakin' gummy',"Sean McVay said he ""can't even comprehend"" the college football eligibility chaos as SEC and Big Ten block former NFL players from returning.",https://www.foxnews.com/outkick-sports/rams-sean-mcvay-reacts-wild-college-football-controversy-feel-like-i-took-freakin-gummy,https://static.foxnews.com/foxnews.com/content/uploads/2026/08/sean-mcvay-rams-sofi-stadium.jpg,2026-08-26T10:33:26Z,"Los Angeles Rams head coach Sean McVay has one way to view the current college football landscape.
Tight end DaeQuan Wright was expected to become the first-ever player to go from an NFL roster back… [+2766 chars]",fox-news,Fox News
,Washington Redskins gear is available to fans in the Commanders' team shop at stadium and online,The Washington Commanders are selling throwback jerseys and T-shirts bearing the Redskins name the franchise discarded in 2020 as racist or offensive.,https://www.foxnews.com/outkick-sports/washington-redskins-gear-available-fans-commanders-team-shop-stadium-online,https://static.foxnews.com/foxnews.com/content/uploads/2022/02/John-Riggins.jpg,2026-08-26T10:31:51Z,The Washington Redskins name and iconic logo that the NFL team in the nation's capital abandoned in 2020 is back in a manner of speaking. It's on full display and for sale in the team's current merch… [+4112 chars],fox-news,Fox News
,"Prince Harry and Meghan Markle won’t ‘hijack’ Prince George’s historic Eton debut, royal expert says","Royal experts say Prince Harry and Meghan Markle will likely ""lay low"" when Prince George starts at Eton College this September.",https://www.foxnews.com/entertainment/prince-harry-meghan-markle-wont-hijack-prince-george-historic-eton-debut-royal-expert-says,https://static.foxnews.com/foxnews.com/content/uploads/2026/08/prince-harry-meghan-markle-prince-george.jpg,2026-08-26T10:00:58Z,"Prince Harry and Meghan Markle are expected to steer clear of releasing photos, making comments or generating other news that could overshadow Prince Georges highly anticipated first day at Eton Coll… [+5606 chars]",fox-news,Fox News
,"Missouri grandma ordered to stop serving free breakfasts refuses to back down, 'They are my family'","Kathy Kite says she won't stop serving free breakfast in Harrisburg, Missouri, despite a health department letter saying she needs a permit",https://www.foxnews.com/media/missouri-grandma-ordered-stop-serving-free-breakfasts-refuses-back-down-they-are-my-family,https://static.foxnews.com/foxnews.com/content/uploads/2026/08/katie-kite-burritos.png,2026-08-26T10:00:55Z,"A Missouri grandmother says she was frightened she could end up in legal trouble after county health officials told her to stop serving free homemade breakfasts without a permit, but she told Fox New… [+4953 chars]",fox-news,Fox News
,"College baseball player fatally shot after trying to enter wrong house, mom says","Glenwood ""Bubba"" Pysher IV was fatally shot by police after allegedly mistaking a stranger's home for a friend's house following a night out.",https://www.foxnews.com/us/college-baseball-player-fatally-shot-trying-enter-wrong-house-mom-says,https://static.foxnews.com/foxnews.com/content/uploads/2026/08/college-baseball-player-shot-by-police-killed-1.jpg,2026-08-26T10:00:35Z,"A college baseball player was fatally shot by police in Pennsylvania after he accidentally tried to enter the wrong home after a night out, his family said.
The Office of Montgomery County District … [+3136 chars]",fox-news,Fox News
,"SEEING DOUBLE: Second Dan Sullivan advances, setting up bizarre Alaska Senate ballot","Dan Sullivan Jr. advances to Alaska's general election, complicating the race for Sen. Dan Sullivan as ranked-choice voting amplifies name confusion.",https://www.foxnews.com/politics/seeing-double-second-dan-sullivan-advances-setting-up-bizarre-alaska-senate-ballot,https://static.foxnews.com/foxnews.com/content/uploads/2026/06/dan-sullivan-alaska-senate-fox-news-001.jpeg,2026-08-26T13:55:01Z,"Dan J. Sullivan Jr., a Senate candidate in Alaska who has made headlines for sharing a name with incumbent Sen. Dan S. Sullivan, R-Alaska, has officially advanced to the general election, the Associa… [+3633 chars]",fox-news,Fox News
,El-Sayed's tribute to Dolly Parton after her death sparks internet fury as critics cry foul: 'Gimme a break',Abdul El-Sayed's Dolly Parton tribute on X was ratioed after critics accused the Michigan Senate candidate of exploiting her death for political gain.,https://www.foxnews.com/politics/el-sayeds-tribute-dolly-parton-after-her-death-sparks-internet-fury-critics-cry-foul-gimme-break,https://static.foxnews.com/foxnews.com/content/uploads/2026/08/el-sayed-dolly.jpg,2026-08-26T13:48:02Z,"As millions of Americans across the country issued heartfelt tributes following the death of country music superstar Dolly Parton, Michigan Democratic Senate nominee Abdul El-Sayed is facing heat onl… [+3455 chars]",fox-news,Fox News
,First preview drops for 'Brothers' as 'True Detective' stars reunite on Apple TV this September,"The preview for ""Brothers"" shows Matthew McConaughey and Woody Harrelson playing themselves as they discover they might actually be related.",https://www.foxnews.com/outkick-culture/first-preview-drops-brothers-true-detective-stars-reunite-apple-tv-september,https://static.foxnews.com/foxnews.com/content/uploads/2026/08/Brothers.jpg,2026-08-26T13:42:18Z,"The first preview is out for Apple TV's new series ""Brothers"" with Woody Harrelson and Matthew McConaughey.
Basic info:
<ul><li>Plot: ""Brothers"" follows McConaughey and Harrelson, who play fictiona… [+2455 chars]",fox-news,Fox News
,Wyndham Clark addresses cheating allegations after being accused of improving lie during BMW Championship win,"Wyndham Clark addressed the viral BMW Championship moment where he placed multiple irons behind his ball, defending the integrity of his actions.",https://www.foxnews.com/outkick-sports/wyndham-clark-addresses-cheating-allegations-accused-improving-lie-bmw-championship-win,https://static.foxnews.com/foxnews.com/content/uploads/2026/08/wyndham-clark-featured-cheating-accusation.jpg,2026-08-26T13:40:32Z,Wyndham Clark came under a bit of scrutiny during the final round of the BMW Championship on Sunday before stepping into the winner's circle. It's not the first time he's been caught in the crosshair… [+2899 chars],fox-news,Fox News
,"Towering 6-foot-4 11-year-old football player stuns the Internet, Paige Spiranac cooks up content & Slim Luka","Dolly Parton's Imagination Library donated over 330 million books, and her passing now unites political rivals in a rare moment of national peace.",https://www.foxnews.com/outkick-sports/towering-6-foot-4-11-year-old-football-player-stuns-internet-paige-spiranac-cooks-content-slim-luka,https://static.foxnews.com/foxnews.com/content/uploads/2026/07/paige-spiranac-golf-content-fourth-of-july.jpg,2026-08-26T13:16:25Z,"Let's get this Wednesday Screencaps started with an observation: The world right now is unified as it honors our beloved Dolly Parton and what she meant to all of us. Now, I fully expect political si… [+7929 chars]",fox-news,Fox News
,$50 trillion in debt is not a distant threat. America is speeding towards it,America's national debt hit $40 trillion and could reach $50 trillion by 2030 as CBO projects deficits totaling over $23 trillion through 2035.,https://www.foxnews.com/opinion/50-trillion-debt-not-distant-threat-america-speeding-towards-it,https://static.foxnews.com/foxnews.com/content/uploads/2026/07/captiol-building-money-.png,2026-08-26T13:00:11Z,"In the 1999 movie The Matrix, Agent Smith hears a train approaching and delivers one of the iconic movie lines:
""That is the sound of inevitability.""
America, listen closely.
THE ODYSSEY REMINDS U… [+5262 chars]",fox-news,Fox News
,Alarming photo of Caitlin Clark's arm shows the beating she takes during WNBA cat fights,"A photo reveals the claw marks on Caitlin Clark's arms after Indiana's win over Chicago, adding fuel to the physical play debate in the WNBA this season.",https://www.foxnews.com/outkick-sports/alarming-photo-caitlin-clarks-arm-shows-beating-she-takes-during-wnba-cat-fights,https://static.foxnews.com/foxnews.com/content/uploads/2026/08/caitlin-clark-indiana-fever-chicago-sky-fox-news_.jpg,2026-08-26T12:28:28Z,"Lost in all the other nonsense in Indiana's win over Chicago earlier this week was Caitlin Clark, once again, showing the WNBA she is easily easily the best player in the league.
Clark finished with… [+2153 chars]",fox-news,Fox News
,"Montana man who killed 4 children, 4 other family members at Sunday dinner was asked to move out: relative","Charlotte Ghekiere, 12, called 911 during a shooting near Billings, Montana, that left eight family members and the suspect dead, according to a report.",https://www.foxnews.com/us/montana-man-killed-4-children-4-family-members-sunday-dinner-asked-move-out-relative,https://static.foxnews.com/foxnews.com/content/uploads/2026/08/Montana-shooting-2.jpg,2026-08-26T12:27:26Z,"A Montana man who killed eight of his relatives, including four children, during a Sunday dinner at a home in Montana had been asked by his parents weeks earlier to move out of the property, accordin… [+4262 chars]",fox-news,Fox News
,At least 14 newborns killed in Pakistan nursery hospital fire,Video shows grieving families at Pakistan Institute of Medical Sciences after a nursery fire killed 14 infants when an AC unit compressor exploded.,https://www.foxnews.com/world/least-14-newborns-killed-pakistan-nursery-hospital-fire,https://static.foxnews.com/foxnews.com/content/uploads/2026/08/Pakistan_nursery_explosion.jpg,2026-08-26T12:26:40Z,"At least 14 babies at the Pakistan Institute of Medical Sciences died in nursery fire Wednesday, while one infant was rescued, according to hospital officials.
The blaze at the major government hosp… [+1705 chars]",fox-news,Fox News
,3 Secret Service officials under internal investigation for potential misconduct,Three U.S. Secret Service officials placed on leave amid a misconduct probe as the agency confirms awareness of an Iranian threat against Barron Trump.,https://www.foxnews.com/us/3-secret-service-officials-internal-investigation-potential-misconduct,https://static.foxnews.com/foxnews.com/content/uploads/2026/08/secret-service.jpg,2026-08-26T12:26:39Z,"Three U.S. Secret Service officials were placed on administrative leave on Tuesday pending an internal investigation into potential misconduct.
The agency's Office of Professional Responsibility was… [+2657 chars]",fox-news,Fox News
,Florida Dem backed by DSA claims billionaires want to defund schools to exploit future prison labor,Angie Nixon claimed that billionaires want to defund public schools to fuel the school-to-prison pipeline and exploit prison labor in for-profit prisons.,https://www.foxnews.com/media/florida-dem-backed-dsa-claims-billionaires-want-defund-schools-exploit-future-prison-labor,https://static.foxnews.com/foxnews.com/content/uploads/2026/08/Angie-Nixon-speaks-at-event.png,2026-08-26T12:22:10Z,"Florida Democratic Senate nominee Angie Nixon said during an interview Monday that billionaires want to defund public schools to fuel the ""school-to-prison pipeline"" and exploit prison labor.
While … [+3026 chars]",fox-news,Fox News
,Philadelphia man in 'Chucky' mask accused of terrorizing citizens nabbed in Las Vegas after manhunt,Zymire Hughes allegedly fled Philadelphia through multiple states before surveillance footage led U.S. Marshals to a Las Vegas apartment complex.,https://www.foxnews.com/us/philadelphia-man-chucky-mask-accused-terrorizing-citizens-nabbed-las-vegas-manhunt,https://static.foxnews.com/foxnews.com/content/uploads/2026/08/us-marshals-zymire-hughes.png,2026-08-26T12:19:53Z,"The man accused of terrorizing pedestrians in downtown Philadelphia while wearing a ""Chucky""-style mask was arrested in Las Vegas after a multi-state search, the U.S. Marshals Service said.
Zymire H… [+2454 chars]",fox-news,Fox News
,FBI wraps up cybercrime operation targeting global networks preying on Americans,FBI Director Kash Patel told Fox News Digital that Operation Riptide dismantled global cybercrime networks that stole over $20 billion from Americans.,https://www.foxnews.com/us/fbi-wraps-cybercrime-operation-targeting-global-networks-preying-americans,https://static.foxnews.com/foxnews.com/content/uploads/2026/08/cybercrime-hacking-laptop-pirate-paris.jpg,2026-08-26T12:00:59Z,"EXCLUSIVE: A 60-day FBI operation targeting cybercriminals, online fraud, and illicit digital infrastructure resulted in numerous arrests and disrupted vast global criminal networks that preyed on Am… [+4482 chars]",fox-news,Fox News
,"Ancient Christian amulet unearthed after 1,500 years may hold biblical secret","Likely containing a biblical passage, a 1,500-year-old Christian amulet with a paper-thin gold sheet was unearthed by archaeologists at Türkmen Karahöyük in Turkey.",https://www.foxnews.com/travel/ancient-christian-amulet-unearthed-1500-years-may-hold-biblical-secret,https://static.foxnews.com/foxnews.com/content/uploads/2026/08/TURKEY-ANCIENT-AMULET-BIBLE-VERSE-HISTORY-ARCHAEOLOGY-DISCOVERY-1.jpg,2026-08-26T12:00:52Z,"Archaeologists in Turkey have unearthed a 1,500-year-old Christian amulet containing a paper-thin sheet of gold and experts believe it may contain a biblical passage.
The discovery, made at the Türk… [+3157 chars]",fox-news,Fox News
,Anna Kepner’s stepbrother blames ‘very unfortunate’ family dynamic to push murder trial as plea deadline looms,"Timothy Hudson's defense lawyers cited a ""unique"" family dynamic as Judge Beth Bloom moved the federal murder trial to November in Anna Kepner's death.",https://www.foxnews.com/us/anna-kepner-stepbrother-blames-unfortunate-family-dynamic-push-murder-trial-plea-deadline-looms,https://static.foxnews.com/foxnews.com/content/uploads/2026/05/Anna-Kepner-Timothy-Hudson-01.jpeg,2026-08-26T12:00:07Z,"Content warning: This article includes descriptions of sexual assault that some readers may find distressing.
Defense lawyers for Timothy Hudson, the teen charged in the killing of his stepsister, A… [+4481 chars]",fox-news,Fox News
,"Federal judge strikes down Texas restriction on drag shows, offers people a 'simple' solution","Judge David Hittner blocked Ken Paxton from enforcing Texas Senate Bill 12, citing First Amendment protections for drag shows and free speech.",https://www.foxnews.com/politics/federal-judge-strikes-down-texas-restriction-drag-shows-offers-people-simple-solution,https://static.foxnews.com/foxnews.com/content/uploads/2024/03/drag-queen.jpg,2026-08-26T15:49:50Z,"A federal judge in Texas struck down a state-level ban on drag shows Tuesday, saying the law violated the First Amendment.
The ruling from U.S. District Judge David Hittner, a Reagan appointee, prev… [+2556 chars]",fox-news,Fox News
,The ultimate dog-friendly road trip on Minnesota's North Shore from Duluth to Grand Marais,"From Split Rock Lighthouse to Pincushion Mountain, a dog-friendly road trip reveals why Minnesota's North Shore demands more than three days.",https://www.foxnews.com/outkick-analysis/ultimate-dog-friendly-road-trip-minnesotas-north-shore-duluth-grand-marais,https://static.foxnews.com/foxnews.com/content/uploads/2026/08/german-shepherd-grand-marais.jpg,2026-08-26T15:42:22Z,"A few weeks ago, I set out with the intention of writing an itinerary for the ultimate dog-friendly vacation on the Minnesota North Shore. Turns out, that's not as easy as I thought.
Not for a lack … [+10595 chars]",fox-news,Fox News
,"Seven-year-old boy forced to hike Mt. Fuji alone after dad, older brother abandon him","A father left his 7-year-old son alone at 8,000 feet on Mt. Fuji after the boy complained of fatigue, prompting police to intervene amid fog and rain.",https://www.foxnews.com/outkick-analysis/seven-year-old-boy-forced-hike-mt-fuji-alone-dad-older-brother-abandon-him,https://static.foxnews.com/foxnews.com/content/uploads/2024/06/Mount-Fuji-2.png,2026-08-26T15:29:49Z,"Hiking is often viewed as a strenuous activity that only the most seasoned athletes can partake in, but the truth of the matter is that it's actually for everyone.
Even families can enjoy hiking as … [+2154 chars]",fox-news,Fox News
,'He's so thirsty': Newsom's 'enthusiastic' praise for Trump policy turns heads,Gavin Newsom's public praise for Trump Accounts is raising 2028 presidential campaign speculation as observers question the California governor's motives.,https://www.foxnews.com/politics/hes-so-thirsty-newsoms-enthusiastic-praise-trump-policy-turns-heads,https://static.foxnews.com/foxnews.com/content/uploads/2025/09/trump-newsom-shake-hands.png,2026-08-26T15:28:35Z,"California Gov. Gavin Newsom's unusual public praise for President Donald Trump is raising political eyebrows, with observers suggesting the break from his usual posture could foreshadow how the Demo… [+4862 chars]",fox-news,Fox News
,Hurricane Katrina taught me how to prepare for any storm,Kurt Knutsson shares seven emergency preparedness lessons from surviving Hurricane Katrina inside a New Orleans hotel as conditions turned desperate.,https://www.foxnews.com/tech/hurricane-katrina-taught-me-how-to-prepare-for-any-storm,https://static.foxnews.com/foxnews.com/content/uploads/2026/08/Kurt-CyberGuy-Knutsson-Hurricane-Katrina-Coverage.jpg,2026-08-26T15:17:48Z,"Aug. 29 marks 21 years since Hurricane Katrina struck the Gulf Coast in 2005. I had gone to New Orleans expecting a fun weekend with my parents. Instead, I ended up trapped inside a hotel during one … [+16429 chars]",fox-news,Fox News
,ESPN reporter takes unprompted shot at Enes Kanter Freedom during NBA analysis,Enes Kanter Freedom drew an unprompted jab from ESPN's Tim MacMahon during analysis of Klay Thompson's move to the Miami Heat on a recent podcast.,https://www.foxnews.com/outkick-sports/espn-reporter-takes-unprompted-shot-enes-kanter-freedom-during-nba-analysis,https://static.foxnews.com/foxnews.com/content/uploads/2026/08/enes-kanter-freedom-cloud.jpg,2026-08-26T15:11:34Z,"ESPN reporter Tim MacMahon took a random shot at Enes Kanter Freedom while breaking down Klay Thompsons move to the Miami Heat.
MacMahon was breaking down how Thompson fit with the Heat before takin… [+3752 chars]",fox-news,Fox News
,Baltimore mayor backs ballot measure creating taxpayer-funded 'Baby Fund' for newborn families,Brandon Scott backs the Baltimore Baby Fund ballot measure that could fund direct cash payments to parents of newborns through a dedicated property tax.,https://www.foxnews.com/media/baltimore-mayor-backs-ballot-measure-creating-taxpayer-funded-baby-fund-newborn-families,https://static.foxnews.com/foxnews.com/content/uploads/2026/02/baltimore-mayor-scott.jpg,2026-08-26T15:05:12Z,"Baltimore Mayor Brandon Scott is backing a ballot measure to establish a municipal fund that could provide direct cash payments, subsidies, or supplies to parents of newborns.
Recently, Scott and th… [+3691 chars]",fox-news,Fox News
,Dak Prescott emerges as NFL MVP dark horse as Cowboys rebuild both sides of the ball for 2026,America's Team added Von Miller and new defensive coordinator Christian Parker to fix a unit that allowed a league-worst 511 points last season.,https://www.foxnews.com/outkick-sports/dak-prescott-emerges-nfl-mvp-dark-horse-cowboys-rebuild-both-sides-ball-2026,https://static.foxnews.com/foxnews.com/content/uploads/2025/08/dak-prescott-parsons-trade.jpg,2026-08-26T14:46:40Z,"When a franchise carries the immense expectations of ""Americas Team,"" back-to-back years without playoff runs can ignite immediate urgency across the entire organization. Few teams in the NFL have op… [+4033 chars]",fox-news,Fox News
,Can your smartphone detect gunfire? Chicago startup puts new technology to the test,"SplitSec CEO Sri Deivasigamani says the app's AI model runs entirely on users' phones with no continuous recording, addressing privacy concerns.",https://www.foxnews.com/media/smartphone-detect-gunfire-chicago-startup-puts-new-technology-test,https://static.foxnews.com/foxnews.com/content/uploads/2026/08/CHICAGO-PHONE-TRANSIT-1.jpg,2026-08-26T14:39:22Z,"A Chicago-based startup is testing a new approach to gunshot detection technology that transforms smartphones into acoustic sensors, potentially saving lives. The testing comes almost two years after… [+4952 chars]",fox-news,Fox News
,Army vet lawmaker marks Abbey Gate anniversary with blistering message for Biden-Harris: 'Abject failure',"Former Army aviator Rep. Matt Van Epps introduced a resolution marking five years since the deadly Abbey Gate bombing in Kabul, Afghanistan.",https://www.foxnews.com/politics/army-vet-lawmaker-marks-abbey-gate-anniversary-blistering-message-biden-harris-abject-failure,https://static.foxnews.com/foxnews.com/content/uploads/2026/08/biden-abbey-gate-anniversary.jpg,2026-08-26T14:33:26Z,"FIRST ON FOX: Former Army aviator Rep. Matt Van Epps, R-Tenn., said he ""vividly"" remembers the moment five years ago when he heard the U.S. was withdrawing from Afghanistan with scant shreds of a pla… [+3506 chars]",fox-news,Fox News
,SEE IT: LA Dem candidates torched by disgusted residents after ‘disgraceful’ debate: ‘Both bad’,"Los Angeles Democratic mayoral candidates Karen Bass and Nithya Raman face voter fury after a debate one resident called ""disgraceful"" for the city.",https://www.foxnews.com/politics/la-dem-candidates-torched-disgusted-residents-disgraceful-debate-both-bad,https://static.foxnews.com/foxnews.com/content/uploads/2026/08/bass-raman.png,2026-08-26T14:30:26Z,"Los Angeles Democratic mayoral candidates were torched by residents after a debate night in Americas second-most populous city that one voter described as ""disgraceful.""
Besides being home to Hollyw… [+6185 chars]",fox-news,Fox News
,"Rutgers research dean accused of secretly recording 'upskirt' videos with cellphone, prosecutors say","Joshua Kohut, a Rutgers University research dean, faces invasion of privacy charges after investigators say they found upskirt videos on his device.",https://www.foxnews.com/us/rutgers-research-dean-accused-secretly-recording-upskirt-videos-cellphone-prosecutors-say,https://static.foxnews.com/foxnews.com/content/uploads/2026/08/rutgers-research-dean-facing-charges-for-allegedly-filming-upskirt-videos-1.jpg,2026-08-26T14:09:42Z,"A dean at Rutgers University in New Jersey is facing charges after investigators say he was illegally recording ""up-skirt"" videos while working at the school.
Joshua Kohut, 51, from Cranberry faces … [+2005 chars]",fox-news,Fox News
,"EXCLUSIVE: State Dept reveals Portland Antifa connection to Hamas, Iran’s IRGC in sweeping terror action","A State Department memo reveals how an Italy-based tech collective built encrypted tools used by Antifa, Hamas, and Hezbollah to organize attacks.",https://www.foxnews.com/politics/exclusive-state-dept-reveals-portland-antifa-connection-hamas-irans-irgc-sweeping-terror-action,https://static.foxnews.com/foxnews.com/content/uploads/2026/08/demonstrators-burn-flag-ice-detention-center_001.jpg,2026-08-26T14:00:10Z,"EXCLUSIVE: A State Department memo reveals that an international technology collective, now under a U.S. global terrorism designation, provided services to overseas terrorist groups and violent far-l… [+8338 chars]",fox-news,Fox News
,Unlicensed Miami surgeon 'Dr. Frankenstein' vanishes days before trial over botched procedures: authorities,Joao Batista Cunha De Araujo's ankle monitor triggered a tamper alert days before his trial on 14 charges tied to unlicensed plastic surgery in Miami.,https://www.foxnews.com/us/unlicensed-miami-surgeon-dr-frankenstein-vanishes-days-before-trial-botched-procedures-authorities,https://static.foxnews.com/foxnews.com/content/uploads/2026/08/joao-araujo-mugshot-instagram-split.png,2026-08-26T17:56:46Z,"A Brazilian national accused of performing plastic surgeries without a license in Miami has allegedly vanished days before he was set to go on trial for more than a dozen charges connected to theft, … [+3975 chars]",fox-news,Fox News
,Terrifying video captures people fleeing incoming mudslide at Nepal-China border,"Video captures mudslides engulfing buildings in Gyirong, Tibet, minutes after a 4.4 magnitude earthquake triggered flash flooding near Nepal's border.",https://www.foxnews.com/world/terrifying-video-captures-people-fleeing-incoming-mudslide-nepal-china-border,https://static.foxnews.com/foxnews.com/content/uploads/2026/08/Nepal_Rescue.jpg,2026-08-26T17:49:05Z,"A video taken after flash flooding on the border between Nepal and China shows mudslides enveloping multiple buildings as people fled in Gyirong, Tibet near China's border with Nepal.
The mudslides … [+3868 chars]",fox-news,Fox News
Elizabeth Elkind,Trump scores court win against Rep LaMonica McIver in ICE assault case,"A Biden-appointed judge sided with Trump's DOJ, rejecting House Democrat LaMonica McIver's legislative immunity argument for getting her case thrown out.",https://www.foxnews.com/politics/trump-scores-federal-court-win-against-house-progressive-accused-assaulting-ice,https://static.foxnews.com/foxnews.com/content/uploads/2026/08/trump-ivf-order-fox-news.png,2026-08-26T17:47:05Z,A federal judge appointed by former President Joe Biden is siding with the Trump administration in refusing to dismiss a case against a House Democrat accused of assaulting federal immigration office… [+2907 chars],fox-news,Fox News
,Reset your kitchen with these end-of-summer deals,"Refresh your kitchen for the season ahead with significant markdowns on knife sets, heirloom cookware, wine collections and more for fall cooking and entertaining.",https://www.foxnews.com/deals/fox-news-deals-newsletter-august-27,https://static.foxnews.com/foxnews.com/content/uploads/2026/08/henckels-lifestyle.jpg,2026-08-26T17:45:14Z,"Welcome to your weekly shopping guide, curated by the FOX News Deals team 
FOX News Deals may be compensated for or earn a commission if you buy through our links.
As summer winds down and weeknigh… [+3550 chars]",fox-news,Fox News
,Amazon just dropped this $120 walking pad to $90 — its lowest price this year,"Get your steps in with this walking pad while it’s less than $100, plus more home fitness finds.",https://www.foxnews.com/deals/walking-pad-amazon-deal,https://static.foxnews.com/foxnews.com/content/uploads/2026/08/amazon-just-dropped-this-120-walking-pad-to-90-its-lowest-price-this-year.jpg,2026-08-26T17:40:33Z,"If you can't make it to the gym every day, this walking pad offers a storable solution that helps you get your steps in. It's currently $90 its lowest price in a year making it a long-lasting investm… [+2749 chars]",fox-news,Fox News
,Teen planned middle school massacre before making deadly ‘last-minute choice’ to kill mom: official,"Lilyana Wagner, 16, pleaded guilty to killing her mother after abandoning plans for a school shooting, listing six shooters in her confession.",https://www.foxnews.com/us/teen-planned-middle-school-massacre-before-making-deadly-last-minute-choice-kill-mom-official,https://static.foxnews.com/foxnews.com/content/uploads/2026/08/lilyana-wagner-001.jpg,2026-08-26T17:40:14Z,"A teenage Georgia girl was convicted of brutally killing her mother after abandoning a plan to commit a school shooting, following an obsession with mass casualty events, authorities said.
Lilyana R… [+2559 chars]",fox-news,Fox News
,Watchdog demands apology after UN memorial erroneously honors Hamas terrorist,UN Watch says UNRWA teacher Imad Youssif El Samhouri glorified terrorism for years before the United Nations honored him at a memorial service.,https://www.foxnews.com/world/watchdog-demands-apology-after-un-memorial-erroneously-honors-hamas-terrorist,https://static.foxnews.com/foxnews.com/content/uploads/2026/08/un-memorial-guterres.jpg,2026-08-26T17:36:38Z,A solemn candle-lighting ceremony honoring United Nations employees who died in 2025 while working for the world body has sparked criticism after it unwittingly named an employee who was later reveal… [+7849 chars],fox-news,Fox News
,Livvy Dunne selflessly passes along three keys to 'Baywatch' slow motion run to NFL quarterback's girlfriend,Livvy Dunne shares her three keys to pulling off the iconic Baywatch slow motion run in a video with Olivia Ponton that became instant content.,https://www.foxnews.com/outkick-sports/livvy-dunne-passes-three-keys-baywatch-slow-motion-run-nfl-quarterbacks-girlfriend,https://static.foxnews.com/foxnews.com/content/uploads/2026/08/iconic-baywatch-slow-motion-run-livvy-dunne-olivia-ponton.jpg,2026-08-26T17:36:29Z,"What good is acquiring knowledge if you can't share it with others? Now, those in the real world who are working with others for a living have run into the person who tries to learn everything for jo… [+2044 chars]",fox-news,Fox News
,Second lady Usha Vance keeps 'open mind' amid JD Vance 2028 speculation,"Usha Vance reveals she's keeping an ""open mind"" about JD Vance's political future amid 2028 presidential speculation, saying the family will adapt.",https://www.foxnews.com/media/second-lady-usha-vance-keeps-open-mind-amid-jd-vance-2028-speculation,https://static.foxnews.com/foxnews.com/content/uploads/2024/07/GettyImages-2161997393-scaled.jpg,2026-08-26T17:15:17Z,"Second lady Usha Vance is keeping an ""open mind and open heart"" about what could come next for her family as speculation builds around Vice President JD Vances political future.
""Whatever it is that… [+2163 chars]",fox-news,Fox News
,Twins star Taj Bradley becomes first pitcher in franchise history to achieve rare pitching feat,"Minnesota Twins starter Taj Bradley struck out three Athletics batters on nine pitches in the fifth inning, becoming the first pitcher in franchise history to achieve the feat.",https://www.foxnews.com/outkick-sports/twins-star-taj-bradley-becomes-first-pitcher-franchise-history-achieve-rare-pitching-feat,https://static.foxnews.com/foxnews.com/content/uploads/2026/08/taj-bradley-twins-pitcher-athletics-fox-news_.jpg,2026-08-26T17:08:01Z,"Nine pitches, nine strikes and into the record books went Minnesota Twins starter Taj Bradley.
Bradley became the first pitcher in Twins franchise history to throw an immaculate inning in the fifth … [+2340 chars]",fox-news,Fox News
,"Scottie Scheffler shares a perfectly imperfect assessment of work-life balance, the challenges of fatherhood",Scottie Scheffler opens up about the grind of raising two young kids while competing as the world's No. 1 golfer ahead of the Tour Championship.,https://www.foxnews.com/outkick-sports/scottie-scheffler-shares-perfectly-imperfect-assessment-work-life-balance-challenges-fatherhood,https://static.foxnews.com/foxnews.com/content/uploads/2026/08/scheffler-kid-featured.jpg,2026-08-26T16:51:18Z,"Scottie Scheffler is the No. 1-ranked golfer on Earth. He is also a husband and father to two children under the age of three. While that first fact about Scheffler is as unrelatable as they come, th… [+3900 chars]",fox-news,Fox News
,Philadelphia DA says he'll keep piece of Trump's White House ballroom 'after we all blow it up',"Philadelphia District Attorney Larry Krasner said Tuesday he expects President Donald Trump’s White House ballroom to one day be blown up in an “official ceremony.""",https://www.foxnews.com/politics/philadelphia-da-keep-piece-trump-white-house-ballroom-after-we-all-blow-it-up,https://static.foxnews.com/foxnews.com/content/uploads/2026/08/white_house_ballroom_krasner-3.jpg,2026-08-26T16:46:03Z,"Philadelphia District Attorney Larry Krasner said Tuesday he was going to keep a piece of President Donald Trump's White House ballroom as a paperweight ""after we all blow it up.""
""In about 10 to 15… [+3857 chars]",fox-news,Fox News
,"Maverick Democrat surges with Republicans as his own party turns on him, stoking talk of GOP switch","John Fetterman now holds a 73% favorability among Pennsylvania Republicans, surpassing Dave McCormick's 63%, as party switch speculation grows.",https://www.foxnews.com/politics/maverick-democrat-surges-republicans-party-turns-stoking-talk-gop-switch,https://static.foxnews.com/foxnews.com/content/uploads/2026/07/John-Fetterman-reporters.jpg,2026-08-26T16:35:59Z,"Sen. John Fetterman of Pennsylvania, a centrist Democrat known for bashing his party's left flank, is more popular among Keystone State Republicans than their own GOP senator, Sen. Dave McCormick, ac… [+3640 chars]",fox-news,Fox News
,"Maverick Democrat surges with Republicans as his own party turns on him, stoking talk of GOP switch","John Fetterman now holds a 73% favorability among Pennsylvania Republicans, surpassing Dave McCormick's 63%, as party switch speculation grows.",https://www.foxnews.com/politics/maverick-democrat-surges-republicans-his-own-party-turns-him-stoking-talk-gop-switch,https://static.foxnews.com/foxnews.com/content/uploads/2026/07/John-Fetterman-reporters.jpg,2026-08-26T16:35:59Z,"Sen. John Fetterman of Pennsylvania, a centrist Democrat known for bashing his party's left flank, is more popular among Keystone State Republicans than their own GOP senator, Sen. Dave McCormick, ac… [+3640 chars]",fox-news,Fox News
,Vanity Fair drops journalist Brittany Romano after viral wink during Lindsay Clancy murder trial,Brittany Romano was dropped by Vanity Fair after viral video showed her smiling and winking at a camera during the Lindsay Clancy trial proceedings.,https://www.foxnews.com/us/vanity-fair-drops-journalist-brittany-romano-viral-wink-lindsay-clancy-murder-trial,https://static.foxnews.com/foxnews.com/content/uploads/2026/08/magazine-drops-journalist-birttany-romano-for-smiling-winking-at-lindsay-clancy-trial.jpg,2026-08-26T16:35:46Z,The woman at the center of a viral video who was seen winking and smiling at a camera during the Lindsay Clancy trial this week has been dropped by the magazine she was credentialed to cover the tria… [+2676 chars],fox-news,Fox News
,"Tim Curry, 'The Rocky Horror Picture Show' actor, dead at 80","Tim Curry, the British actor who portrayed Dr. Frank-N-Furter in ""The Rocky Horror Picture Show,"" died Tuesday at 80 after years of stroke recovery.",https://www.foxnews.com/entertainment/tim-curry-the-rocky-horror-picture-show-actor-dead-80,https://static.foxnews.com/foxnews.com/content/uploads/2026/08/tim-curry.jpg,2026-08-26T16:31:57Z,"Tim Curry, the British actor who became a pop-culture icon as Dr. Frank-N-Furter in ""The Rocky Horror Picture Show,"" has died at 80.
Curry's death was confirmed by his publisher, Jimmy Franco, senio… [+534 chars]",fox-news,Fox News
,11 visitors trapped as dangerous flash flooding tears through iconic national park,"Eleven hikers became stranded at Bryce Canyon National Park during flash flooding Monday, with two people showing signs of hypothermia after their rescue.",https://www.foxnews.com/travel/11-visitors-trapped-flash-flooding-tears-iconic-national-park,https://static.foxnews.com/foxnews.com/content/uploads/2026/08/tourists-bryce-canyon-national-park.jpg,2026-08-26T16:27:45Z,"Eleven visitors became stranded during flash flooding at Bryce Canyon National Park in Utah after heavy rain swept through the area.
The hikers, all adults traveling in four separate groups, became … [+2779 chars]",fox-news,Fox News
,Pumpkin spice invades summer as Americans kickstart fall traditions earlier than ever,"Demand for pumpkin spice latte spiked two weeks earlier than 2021, and 49% of consumers now start Halloween shopping before October even begins.",https://www.foxnews.com/food-drink/pumpkin-spice-invades-summer-americans-kickstart-fall-traditions-earlier-than-ever,https://static.foxnews.com/foxnews.com/content/uploads/2026/08/pumpkin_spice.jpg,2026-08-26T16:16:12Z,"If it seems like fall décor and seasonal food and drinks are arriving earlier each year, it's not just in your head.
Data show consumers are increasingly embracing ""season creep"" shopping for season… [+3904 chars]",fox-news,Fox News
,Dodgers and Braves offenses should have a field day with two questionable pitchers on the mound,Roki Sasaki takes the mound for the Los Angeles Dodgers against AJ Smith-Shawver and the Atlanta Braves in a pivotal National League matchup.,https://www.foxnews.com/outkick-sports/dodgers-braves-offenses-field-day-questionable-pitchers-mound,https://static.foxnews.com/foxnews.com/content/uploads/2026/07/Mookie-Betts-on-first-base.jpg,2026-08-26T16:15:27Z,"It was not a very fun day on the diamond for me. The bullpens got me in both games last night, and I went 0-2. It was a very frustrating thing to watch. Basically, picture yourself building a tower o… [+3593 chars]",fox-news,Fox News
,"Jelly Roll unleashes crude jokes about Trump's weight on 'Kimmel', 'from one fat pig to another'","Jelly Roll mocked Trump's weight and approval ratings while guest-hosting ""Jimmy Kimmel Live!"" using the Freedom 250 Grand Prix as material.",https://www.foxnews.com/media/jelly-roll-unleashes-crude-jokes-trump-weight-kimmel-fat-pig,https://static.foxnews.com/foxnews.com/content/uploads/2024/12/donald-trump-jelly-roll.jpg,2026-08-26T16:11:12Z,"Country music star Jelly Roll, who previously said he was not political, mocked President Donald Trump's weight, physical fitness and approval ratings Monday night in Los Angeles while guest-hosting … [+3733 chars]",fox-news,Fox News
,Green New Dodge: El-Sayed runs from policy as newly surfaced deleted posts show years of support,"Abdul El-Sayed refused to defend the Green New Deal on air, but deleted posts show he once wrote ""I believe in a Green New Deal"" in all caps.",https://www.foxnews.com/politics/green-new-dodge-el-sayed-runs-from-policy-newly-surfaced-deleted-posts-show-years-support,https://static.foxnews.com/foxnews.com/content/uploads/2026/08/abdul-el-sayed-senate-campaign.jpg,2026-08-26T16:05:02Z,Michigan Democratic Senate nominee Abdul El-Sayed told Fox News host Jesse Watters on Monday that he would not defend the Green New Deal when confronted with his past support for the progressive clim… [+4012 chars],fox-news,Fox News
,Liam Neeson and Zachary Levi lead ex-CIA heist in Tehran in new trailer for 'The Fix',"Liam Neeson and Zachary Levi star as disgraced ex-CIA operators heading to Tehran for a life-changing heist in the new trailer for ""The Fix.""",https://www.foxnews.com/outkick-culture/liam-neeson-zachary-levi-lead-ex-cia-heist-tehran-new-trailer-fix,https://static.foxnews.com/foxnews.com/content/uploads/2026/07/Liam_Neeson_The_Fix.jpg,2026-08-26T16:03:43Z,"A new trailer is out for Liam Neeson's upcoming CIA film ""The Fix.""
Basic info:
<ul><li>Plot: Disillusioned by the end of the war in Afghanistan, a group of disgraced, war-torn ex-CIA operators set… [+1470 chars]",fox-news,Fox News
,"Female Little Leaguer is smashing records, CBS's new college football reporter & heartbreaking sports moments!",Kinley Rasmus set the LLWS record for most hits by a girl while her dad Cory Rasmus and uncle Colby Rasmus both played in MLB as pros.,https://www.foxnews.com/outkick-sports/female-little-leaguer-smashing-records-cbss-new-college-football-reporter-heartbreaking-sports-moments,https://static.foxnews.com/foxnews.com/content/uploads/2026/08/kinley-rasmus-little-league-world-series_001.jpg,2026-08-26T19:47:00Z,"'Nightcaps' is a daily column that catches you up on the biggest sports, news and culture stories you may have missed while pretending to do work at your desk. It runs MondayFriday on OutKick.com.
F… [+6334 chars]",fox-news,Fox News
,Judge clears path for ICE agent accused in Minnesota shooting case to leave Texas jail,"A federal judge denied Minnesota's temporary restraining order, potentially clearing ICE agent Christian Castro's release from Cameron County Jail.",https://www.foxnews.com/us/judge-clears-path-ice-agent-accused-minnesota-shooting-case-leave-texas-jail,https://static.foxnews.com/foxnews.com/content/uploads/2026/01/ice-out-protest-strike-fox-news-.jpg,2026-08-26T19:44:53Z,"A federal judge on Wednesday handed Minnesota a major setback in its fight to keep ICE agent Christian Castro behind bars in Texas, denying an emergency request that would have blocked his release Th… [+4518 chars]",fox-news,Fox News
,"Illegal immigrant charged with abusing her kids, setting fire in house while making mental health defense","Meliza Campos-Sanchez, a Cuban illegal immigrant, faces child abuse and arson charges after videos show her pouring hot wax on her young daughter.",https://www.foxnews.com/us/illegal-immigrant-charged-abusing-kids-setting-fire-house-mental-health-defense,https://static.foxnews.com/foxnews.com/content/uploads/2026/08/florida-influncer-fire-zoom.gif,2026-08-26T19:43:12Z,"A Cuban illegal immigrant is facing child-abuse, child-neglect and arson charges after authorities say she poured hot wax on one of her young daughters and set a fire inside her Miami home.
Meliza C… [+3274 chars]",fox-news,Fox News
,"Prince Harry and Meghan Markle arrive in UK with kids, marking dramatic return 6 years after royal exit","Prince Harry and Meghan Markle arrived at Birmingham Airport with Archie and Lilibet, but no visible police presence was reported at the scene.",https://www.foxnews.com/entertainment/prince-harry-meghan-markle-arrive-uk-kids-marking-dramatic-return-6-years-after-royal-exit,https://static.foxnews.com/foxnews.com/content/uploads/2026/04/Prince-Harry-Meghan-Markle-Australia-2026.jpeg,2026-08-26T19:42:58Z,"Prince Harry and Meghan Markle are back in Britain six years after leaving royal life behind for California.
The Duke and Duchess of Sussex arrived at Birmingham International Airport around noon We… [+2940 chars]",fox-news,Fox News
,JONATHAN TURLEY: Social media addiction will easily outlast Meta's massive multibillion dollar settlement,"Meta's proposed $17 billion social media settlement may actually benefit the company, given potential penalties that were estimated at $1.4 trillion.",https://www.foxnews.com/opinion/jonathan-turley-social-media-addiction-outlast-metas-massive-multibillion-dollar-settlement,https://static.foxnews.com/foxnews.com/content/uploads/2026/04/meta-photo-privacy-zuckerberg.jpg,2026-08-26T19:33:31Z,"It is not every day that a company can settle a case for over $17 billion and celebrate. However, Metas proposed settlement of claims brought by a coalition originally led by 29 states on Wednesday i… [+5368 chars]",fox-news,Fox News
,America’s heartland comes face-to-face with 9/11 history as 25th anniversary nears,"The ""Steel Across America"" tour brought a 16,900-pound South Tower beam to Cincinnati as Scott Nokes, a double amputee veteran, shared his story.",https://www.foxnews.com/politics/americas-heartland-comes-face-to-face-9-11-history-25th-anniversary-nears,https://static.foxnews.com/foxnews.com/content/uploads/2026/08/tunnel-to-towers-911-rememberance.jpg,2026-08-26T19:32:05Z,"A nearly 17,000-pound piece of steel from the World Trade Centers South Tower made its way to Cincinnati, giving people hundreds of miles from Ground Zero a rare chance to stand face-to-face with a p… [+2966 chars]",fox-news,Fox News
,2028 Dem hopeful slaps Trump admin with lawsuit over mail-in-voting after major SCOTUS victory,"Pennsylvania Gov. Josh Shapiro joins 23 states suing USPS over Trump-backed mail-ballot rule, arguing Congress—not the president or Postal Service—sets federal election rules.",https://www.foxnews.com/politics/2028-dem-hopeful-trump-admin-lawsuit-over-mail-in-voting-scotus-victory,https://static.foxnews.com/foxnews.com/content/uploads/2020/10/AP20288856805719-1.jpg,2026-08-26T19:31:16Z,"With the November midterms approaching, Pennsylvania Gov. Josh Shapiro is joining attorneys general from 23 states and Washington, D.C., in suing the U.S. Postal Service (USPS) over a Trump-backed ma… [+4026 chars]",fox-news,Fox News
,Hundreds of volunteers pull 360-tonne historic Japanese castle back into place by hand,"About 1,800 volunteers pulled ropes to move the 360-tonne Hirosaki Castle keep back into position using hikiya, an ancient Japanese moving technique.",https://www.foxnews.com/world/hundreds-volunteers-pull-360-tonne-historic-japanese-castle-back-into-place-by-hand,https://static.foxnews.com/foxnews.com/content/uploads/2026/08/japan-castle-move-004.jpg,2026-08-26T19:21:14Z,"Japan enlisted the help of hundreds of volunteers to move a portion of a 360-tonne castle more than six feet back into position, inch by inch, following renovations to the structure.
About 1,800 peo… [+1726 chars]",fox-news,Fox News
,Dem senator turns ‘leader of the free world’ title on its head with Zelenskyy remarks,"Chris Coons declared Volodymyr Zelenskyy is now the free world's primary national leader, igniting fierce backlash from the White House and conservatives.",https://www.foxnews.com/politics/dem-senator-turns-leader-free-world-title-its-head-zelenskyy-remarks,https://static.foxnews.com/foxnews.com/content/uploads/2026/08/trump-zelenskyy-pic.png,2026-08-26T19:00:10Z,"Delaware Sen. Chris Coons is facing backlash after declaring that the United States is ""no longer"" the leader of the free world and pointing instead to Ukrainian President Volodymyr Zelenskyy as the … [+3851 chars]",fox-news,Fox News
,'White Lotus' star Michelle Monaghan showcases her toned figure in string bikini during Indonesian vacation,Michelle Monaghan shared stunning bikini photos from her Indonesia vacation after Robert De Niro inspired her family's return to see Komodo dragons.,https://www.foxnews.com/entertainment/white-lotus-star-michelle-monaghan-showcases-her-toned-figure-string-bikini-during-indonesian-vacation,https://static.foxnews.com/foxnews.com/content/uploads/2026/08/michelle-monaghan-fix.jpg,2026-08-26T18:56:37Z,"Michelle Monaghan is making the most of another adventure in Indonesia.
The 50-year-old actress shared a series of vacation photos from the tropical getaway, posing in a colorful string bikini while… [+5025 chars]",fox-news,Fox News
,Suspect in Microsoft executive Jared Bridegan's murder convicted in roadside ambush,"Mario Fernandez Saldana was convicted in the ambush murder of Microsoft executive Jared Bridegan, shot dead on a Jacksonville Beach road in 2022.",https://www.foxnews.com/us/suspect-microsoft-executive-jared-bridegan-murder-convicted-roadside-ambush,https://static.foxnews.com/foxnews.com/content/uploads/2023/03/jared-bridegan-mario-and-shanna-fernandez.jpg,2026-08-26T18:46:30Z,"A Florida jury has convicted Mario Fernandez Saldana of murder in the 2022 ambush murder of Microsoft executive Jared Bridegan.
The jury on Wednesday found the defendant, who is married to Bridegan'… [+1448 chars]",fox-news,Fox News
,Hasan Piker points the finger at AIPAC as Democrats speak out against him,"Hasan Piker blamed AIPAC for the backlash against him after Democrats, including House Minorit Leader Hakeem Jeffries and Sen. Cory Booker, condemned his remarks about Jewish Americans.",https://www.foxnews.com/media/hasan-piker-points-finger-aipac-democrats-speak-out-against-him,https://static.foxnews.com/foxnews.com/content/uploads/2026/08/HASAN-PIKER-DEM-BACKLASH.jpg,2026-08-26T18:43:23Z,Hasan Piker's recent remarks about American Jews' support for Israel have drawn the ire of several Democratic lawmakers who have spoken out against him. The Twitch streamer has since blamed the Ameri… [+5186 chars],fox-news,Fox News
,Democrats condemning Hasan Piker as backlash spreads through party,"Hakeem Jeffries called Hasan Piker's remarks about American Jews ""dangerous and antisemitic"" as top Democrats lined up to condemn the streamer.",https://www.foxnews.com/politics/democrats-condemning-hasan-piker-backlash-spreads-party,https://static.foxnews.com/foxnews.com/content/uploads/2026/07/HASAN-PIKER-WEB-SUMMIT-2026.jpg,2026-08-26T18:40:49Z,"Prominent Democrats are lining up to condemn far-left streamer Hasan Piker after he warned that American Jews could face violence if they continue to be seen as strongly supporting Israel.
The backl… [+8546 chars]",fox-news,Fox News
Jackson Thompson,"Enes Kanter Freedom sends letter to WNBA requesting review of Sky ejection incident, full ticket refund",Enes Kanter Freedom sent a letter to the WNBA demanding answers after security removed him from his courtside seat during a Chicago Sky game.,https://www.foxnews.com/outkick-sports/enes-kanter-freedom-sends-letter-wnba-requesting-review-sky-ejection-incident-full-ticket-refund,https://static.foxnews.com/foxnews.com/content/uploads/2026/08/enes-kanter-freedom-featured-cloud.jpg,2026-08-26T18:27:20Z,"EXCLUSIVE: Enes Kanter Freedom is demanding answers from the WNBA after security removed him from his courtside seat during Sundays game between the Chicago Sky and Indiana Fever at Wintrust Arena.
… [+7315 chars]",fox-news,Fox News
,Millions of barrels of Iranian oil sit beyond Trump blockade as he vows ‘zero leakage’,"Nearly 40 million barrels of Iranian crude sit on tankers near Malaysia, posing a test for Trump's ""zero-leakage"" sanctions campaign against Tehran.",https://www.foxnews.com/politics/millions-barrels-iranian-oil-sit-beyond-trump-blockade-vows-zero-leakage,https://static.foxnews.com/foxnews.com/content/uploads/2026/04/strait-hormuz-vessels-oman-fox-news-001.jpeg,2026-08-26T18:23:44Z,"Far from the U.S. warships enforcing a blockade at the mouth of the Persian Gulf, nearly 40 million barrels of Iranian crude are sitting aboard tankers in waters near Malaysia, east of Singapore.
Th… [+7239 chars]",fox-news,Fox News
,"Hot take alert: ESPN getting rid of 'BottomLine' score ticker is a travesty, not a reason to celebrate","ESPN's decision to remove the ""BottomLine"" score ticker from college football broadcasts is drawing praise from fans, but not everyone agrees.",https://www.foxnews.com/outkick-sports/hot-take-alert-espn-getting-rid-bottomline-score-ticker-travesty-not-reason-celebrate,https://static.foxnews.com/foxnews.com/content/uploads/2026/07/espndraft2.jpg,2026-08-26T18:22:37Z,"In case you missed the news, ESPN is getting rid of its ""BottomLine"" score ticker during college football broadcasts this coming season.
As Yahoo Sports reports, the network is trying to streamline … [+3141 chars]",fox-news,Fox News
,Dolly Parton’s private cancer battle highlights why some patients don’t share their diagnoses,"Dolly Parton kept her cancer diagnosis private before her death, raising questions about why patients hide their battles and the stigma involved.",https://www.foxnews.com/health/dolly-parton-private-cancer-battle-highlights-why-some-patients-dont-share-diagnoses,https://static.foxnews.com/foxnews.com/content/uploads/2026/08/dolly-parton.jpg,2026-08-26T18:21:53Z,"Dolly Partons death on Tuesday followed a brief bout with cancer, according to statements from her family.
""After bravely facing a brief battle with cancer, Dolly departed her Earthly life today at … [+3678 chars]",fox-news,Fox News
,"CIA Director John Ratcliffe met with Russian intelligence officials in visit to Moscow, Kremlin says",Video captured a C-17 Globemaster landing at Moscow's Vnukovo airport as CIA Director John Ratcliffe reportedly met with Russian intelligence officials.,https://www.foxnews.com/politics/cia-director-john-ratcliffe-met-russian-intelligence-officials-visit-moscow-kremlin-says,https://static.foxnews.com/foxnews.com/content/uploads/2026/08/john-ratcliffe-trump-2.jpg,2026-08-26T18:20:44Z,"CIA Director John Ratcliffe flew to Moscow to meet with Russian intelligence officials, the Kremlin reportedly said Wednesday, after video emerged of a U.S. military transport plane coming in for a l… [+2618 chars]",fox-news,Fox News
Michael Ruiz,Bryan Kohberger granted evidentiary hearing for post-conviction relief,Bryan Kohberger won an evidentiary hearing in June 2027 after claiming his defense team convinced him to falsely confess to the Idaho murders.,https://www.foxnews.com/us/idaho-judge-grants-bryan-kohberger-two-hearings-next-year-admitted-killer-seeks-withdraw-guilty-plea,https://static.foxnews.com/foxnews.com/content/uploads/2026/01/idaho-four-bryan-kohberger-1.jpg,2026-08-26T18:18:01Z,"Convicted quadruple murderer Bryan Kohberger, who admitted to stabbing four University of Idaho students a year before he proclaimed his innocence and asked to withdraw his guilty plea, has been gran… [+3022 chars]",fox-news,Fox News
,Atlanta NHL comeback bid takes major step with new arena progress,"Alpharetta's city council narrowly approved redeveloping North Point Mall into a massive entertainment district with a 20,000-seat NHL-ready arena.",https://www.foxnews.com/outkick-sports/atlanta-nhl-comeback-bid-takes-major-step-new-arena-progress,https://static.foxnews.com/foxnews.com/content/uploads/2026/08/alpharetta-arena-rendering-1.jpg,2026-08-26T18:16:52Z,"There's a lot of buzz around the NHL about the league bringing in 33rd and 34th franchises, and one of those looks set to head to either Austin or Houston.
The leader in the clubhouse for the other … [+2448 chars]",fox-news,Fox News
,ESPN's Adam Schefter to co-host weekly show on NFL Network this fall | Exclusive,"Adam Schefter will co-host NFL Network's ""The Insiders"" on Wednesdays this fall, marking his return to the network 17 years after leaving for ESPN.",https://www.foxnews.com/outkick-sports/espn-adam-schefter-co-host-weekly-show-nfl-network-fall-exclusive,https://static.foxnews.com/foxnews.com/content/uploads/2026/08/adam-schefter-nfl-monday-night-football.jpg,2026-08-26T18:15:21Z,"ESPN insider Adam Schefter will join NFL Networks ""The Insiders"" weekly this fall, OutKick has learned.
Schefter first became a national NFL insider at NFL Network, where he worked from 2004 to 2009… [+1666 chars]",fox-news,Fox News
,LIV Golf lays off many of its employees as it prepares for second iteration with new investors,LIV Golf informed employees their jobs will end in early September as PIF funding concludes and the league transitions toward a new LIV 2.0 era.,https://www.foxnews.com/outkick-sports/liv-golf-lays-off-employees-prepares-second-iteration-new-investors,https://static.foxnews.com/foxnews.com/content/uploads/2026/08/liv-golf-layoffs-featured.jpg,2026-08-26T18:05:28Z,"LIV Golf has informed many of its employees that their employment will end beginning the first week of September. As LIV alluded to in a statement, the mass layoffs do not come as a surprise followin… [+2081 chars]",fox-news,Fox News
,Democrat officials charged for allegedly scamming COVID relief funds,"Two Democratic Party officials in Massachusetts face federal indictments alleging they schemed to steal over $700,000 in COVID relief funds.",https://www.foxnews.com/politics/democrat-officials-charged-allegedly-scamming-covid-relief-funds,https://static.foxnews.com/foxnews.com/content/uploads/2026/08/brian-depena-covid-001.jpg,2026-08-26T18:01:29Z,"Authorities arrested a Democratic Party official for alleged COVID fraud for the second time this month on Wednesday.
U.S. Attorney Leah Foley says police arrested Massachusetts State Rep. Francisco… [+2005 chars]",fox-news,Fox News
,"Arizona State hockey player, Blues draft pick hospitalized after collapsing during training","Matthew Mayich, a St. Louis Blues draft pick, remains hospitalized after collapsing during an Arizona State hockey off-ice workout last week.",https://www.foxnews.com/outkick-sports/arizona-state-hockey-player-blues-draft-pick-hospitalized-collapsing-during-training,https://static.foxnews.com/foxnews.com/content/uploads/2026/08/matthew-mayich-blues.jpg,2026-08-26T21:50:20Z,"A St. Louis Blues draft pick and current Arizona State Sun Devils hockey player is still hospitalized following an incident during an off-ice training session last week.
According to The Athletic, a… [+1992 chars]",fox-news,Fox News
,"Rockstar finally releases statement regarding ‘Grand Theft Auto VI’ leaks, leaving fans even more confused","Rockstar Games broke its silence on the ""Grand Theft Auto VI"" leaks, but key phrases in the statement sparked an uproar among frustrated fans.",https://www.foxnews.com/outkick-culture/rockstar-releases-statement-grand-theft-auto-vi-leaks-leaving-fans-confused,https://static.foxnews.com/foxnews.com/content/uploads/2023/12/gtatrailer.png,2026-08-26T21:40:16Z,"Last week, a series of gameplay leaks of the much anticipated ""Grand Theft Auto VI"" captivated the video game community.
A social media account by the name of CyberLeek posted a number of videos pla… [+2703 chars]",fox-news,Fox News
,New NFL fine schedule is going to a point system that could lead to suspensions but also refunds,"The NFL and NFL Players Association agreed to a points-based fine system targeting hip drop tackles, horse collar tackles, and blindside blocks.",https://www.foxnews.com/outkick-sports/nfl-fine-schedule-point-system-suspensions-refunds,https://static.foxnews.com/foxnews.com/content/uploads/2023/09/Roger-Goodell.jpg,2026-08-26T21:31:54Z,The NFL and the NFL Players Association have agreed to a one-year experimental change to the fine schedule meant to perhaps curb player behavior and discipline that is most likely to result in injuri… [+3386 chars],fox-news,Fox News
,Caitlin Clark helps Fever deliver WNBA's largest regular-season TV audience in 29 years,"Caitlin Clark's 37-point performance against the Chicago Sky drew 3.31 million viewers, the most-watched WNBA regular season game since 1997.",https://www.foxnews.com/outkick-sports/caitlin-clark-helps-fever-deliver-wnbas-largest-regular-season-tv-audience-29-years,https://static.foxnews.com/foxnews.com/content/uploads/2026/08/caitlin-clark-indiana-fever-chicago-sky-fox-news_.jpg,2026-08-26T21:30:12Z,"Caitlin Clark didnt need Enes Kanter Freedom or DiJonai Carrington to turn Fever-Sky into appointment TV Sunday night. Her presence has made every Indiana Fever game must-watch television.
Still, th… [+4449 chars]",fox-news,Fox News
,FDA approves once-daily pill for deadly cancer after patients' survival rates nearly double,"Revolution Medicines' Rasonque targets the RAS protein driving 95% of pancreatic adenocarcinoma cases, offering a critical option after chemotherapy fails.",https://www.foxnews.com/health/fda-approves-once-daily-pill-deadly-cancer-patients-see-survival-nearly-double,https://static.foxnews.com/foxnews.com/content/uploads/2026/08/senior-man-with-pill.jpg,2026-08-26T21:19:15Z,"The U.S. Food and Drug Administration approved the use of a new cancer treatment pill on Wednesday.
Rasonque, manufactured by Revolution Medicines in California, is an inhibitor for the most common … [+3590 chars]",fox-news,Fox News
,NFL owner's prostitution arrest puts top Dem committee on defense: 'So desperate for cash',"Jed York donated $2,500 to the DCCC last June, and the group has not said whether it will return the money following his Ohio prostitution arrest.",https://www.foxnews.com/politics/nfl-owners-prostitution-arrest-puts-top-dem-committee-defense-desperate-cash,https://static.foxnews.com/foxnews.com/content/uploads/2026/08/nfl-49ers-jed-york-booking-photo-082426-1.jpg,2026-08-26T21:02:34Z,"Jed York, the owner of the San Francisco 49ers, donated thousands of dollars to the Democratic Congressional Campaign Committee (DCCC) before authorities arrested him on Monday in a trailer park for … [+3330 chars]",fox-news,Fox News
,Let's look back on the best moments (read: crashes) from the World Humanoid Robot Games,"Videos from the World Humanoid Robot Games show android athletes crashing, boxing, and high-jumping in hilarious fashion as algorithms spread the clips.",https://www.foxnews.com/outkick-culture/best-moments-crashes-world-humanoid-robot-games,https://static.foxnews.com/foxnews.com/content/uploads/2026/08/world-humanoid-robot-games-crash.jpg,2026-08-26T20:59:16Z,"Social media algorithms can be a treacherous thing, but sometimes they just bring pure, unleaded delight, as has been the case with videos from the World Humanoid Robot Games.
My usual Instagram fee… [+2106 chars]",fox-news,Fox News
,"Fans express concern over Tiger Woods' appearance in rare video since March DUI, rehab",Tiger Woods' pre-recorded video message to Notah Begay at the Payne Stewart Award ceremony had fans reacting to his appearance on social media.,https://www.foxnews.com/outkick-sports/fans-express-concern-tiger-woods-appearance-rare-video-march-dui-rehab,https://static.foxnews.com/foxnews.com/content/uploads/2026/06/tiger-woods-pga-stare-featured.jpg,2026-08-26T20:41:26Z,"Tiger Woods has stayed out of the publics eye since his DUI in March which led to an arrest, but a pre-recorded video message to a fellow former pro golfer has some fans worried about him.
Woods was… [+3008 chars]",fox-news,Fox News
,Two separate mini-Bigfoot sightings reported in an area of Pennsylvania with a history of activity,"Two mini-Bigfoot creatures standing just three and a half feet tall were reportedly spotted on a farm in Southwest Pennsylvania, Stan Gordon reports.",https://www.foxnews.com/outkick-culture/two-separate-mini-bigfoot-sightings-reported-pennsylvania-history-activity,https://static.foxnews.com/foxnews.com/content/uploads/2026/06/bigfoot_neanderthal-human_hybrid_dna.jpg,2026-08-26T20:40:05Z,"Reports out of Southwest Pennsylvania indicate that people are seeing some odd creatures wandering around outside. They've been described as Bigfoot encounters, but these aren't your typical 8-foot g… [+3552 chars]",fox-news,Fox News
,Former Texas high school teacher arrested after probe into inappropriate student relationship,"Holly Adams, an Angleton High School teacher, faces charges of tampering with evidence and furnishing alcohol to minors after a year-long investigation.",https://www.foxnews.com/us/former-texas-high-school-teacher-arrested-probe-inappropriate-student-relationship,https://static.foxnews.com/foxnews.com/content/uploads/2026/08/Holly-Adams-001.jpg,2026-08-26T20:17:49Z,"A former Texas schoolteacher was arrested Tuesday amid allegations of inappropriate relationships with students, nearly one year after authorities began investigating her.
Holly Adams, who taught at… [+2062 chars]",fox-news,Fox News
,Massachusetts high court blocks city from displaying Catholic saint statues honoring first responders,The Becket Fund vowed to fight after Massachusetts' highest court blocked Quincy from installing St. Michael and St. Florian statues at city hall.,https://www.foxnews.com/media/massachusetts-high-court-blocks-city-displaying-catholic-saint-statues-honoring-first-responders,https://static.foxnews.com/foxnews.com/content/uploads/2025/11/statue-massachusetts-catholic-2.jpg,2026-08-26T20:13:19Z,"Massachusetts' highest court has blocked a city from installing two towering Catholic saint statues honoring police officers and firefighters outside a new public safety headquarters, ruling the monu… [+4690 chars]",fox-news,Fox News
,"‘Never give up a fight’: NYC mom shows her kids 5, 7 the scars from neck-slash attack as lesson in survival","Alexis Rowan survived a neck-slashing attack on the Havasupai Reservation after her screams drew a woman outside, and Ring camera footage captured it.",https://www.foxnews.com/true-crime/never-give-up-fight-nyc-mom-shows-kids-5-7-scars-neck-slash-attack-lesson-survival,https://static.foxnews.com/foxnews.com/content/uploads/2026/08/nyc-hiker-stabbed-az.gif,2026-08-26T20:06:10Z,"Alexis Rowan, 27, is just a week removed from a fight for her life stitches out, a permanent scar as the nightmares lasting mark yet more resolved than ever to live as an example of strength for the … [+5870 chars]",fox-news,Fox News
,Wounded Marines relive the harrowing Kabul airport attack in explosive new Fox Nation documentary,Tyler Vargas-Andrews and other retired U.S. Marines recount the Abbey Gate bombing at Kabul's international airport in a Fox Nation documentary tracing mistakes behind the attack.,https://www.foxnews.com/media/wounded-marines-relive-harrowing-kabul-airport-attack-explosive-fox-nation-documentary,https://static.foxnews.com/foxnews.com/content/uploads/2026/08/kabul-airport-blast.jpg,2026-08-26T20:04:42Z,"Five years after the deadly explosion at Kabul International Airport in Afghanistan, Fox Nation takes an exclusive look at the harrowing incident and the ramifications it had on the U.S. military and… [+3687 chars]",fox-news,Fox News
,Commanders' Jayden Daniels deflects question on LSU cease-and-desist letter after social media trolling wave,"Jayden Daniels deflected questions about his LSU cease-and-desist letter after the New York Mets, StubHub, and thousands trolled him on social media.",https://www.foxnews.com/outkick-sports/commanders-jayden-daniels-deflects-question-lsu-cease-desist-letter-social-media-trolling-wave,https://static.foxnews.com/foxnews.com/content/uploads/2026/08/jayden-daniels-commanders-preseason-dolphins.jpg,2026-08-26T20:03:41Z,"Washington Commanders quarterback Jayden Daniels cease-and-desist letter to LSU earlier this month over the use of his name, image and likeness completely backfired at least in the eyes of football f… [+3057 chars]",fox-news,Fox News
,Tap-to-pay charity scam can cost you thousands,"A tap-to-pay charity scam is turning small $15 or $20 donations into charges of nearly $5,000, with victims losing thousands before they notice.",https://www.foxnews.com/tech/tap-to-pay-charity-scam-cost-thousands,https://static.foxnews.com/foxnews.com/content/uploads/2026/04/travel-tech-safety-tips-3.jpg,2026-08-26T20:00:54Z,"Tap to pay has become one of my favorite modern conveniences. I use it all the time. In fact, I rarely need to pull out a physical wallet anymore because contactless payments are accepted in so many … [+14437 chars]",fox-news,Fox News
,"Internet reacts to Georgia schoolteacher's groundbreaking invention, the 'fart corner'","A Georgia second-grade teacher created a designated ""fart corner"" stocked with Febreze, but the classroom flatulence policy is dividing opinions.",https://www.foxnews.com/outkick-culture/internet-reacts-georgia-schoolteacher-groundbreaking-invention-fart-corner,https://static.foxnews.com/foxnews.com/content/uploads/2026/08/kid-holding-nose.jpg,2026-08-26T23:45:45Z,"The old adage goes, ""Necessity is the mother of invention,"" and nowhere is that perhaps more true than with one Georgia teachers invention: the ""fart corner.""
That's not a euphemism. It is indeed a … [+2110 chars]",fox-news,Fox News
,"Justice Thomas recalls why he wasn't friends with Alito in law school: 'Clarence, you were scary'","Clarence Thomas recalls asking Samuel Alito why they weren't friends at Yale Law School, and Alito's blunt answer involved combat boots and bib overalls.",https://www.foxnews.com/politics/justice-thomas-recalls-wasnt-friends-alito-law-school-clarence-scary,https://static.foxnews.com/foxnews.com/content/uploads/2026/08/brett-kavanaugh-clarence-thomas-samuel-alito-inauguration.jpg,2026-08-26T23:37:42Z,"Supreme Court Justice Clarence Thomas recently recalled a funny conversation with Justice Samuel Alito about why they weren't friends during their time at Yale Law School.
When asked why they were n… [+1539 chars]",fox-news,Fox News
,Trump's lawyers put Dem AG on notice for targeting his family in NY fraud fight: 'Cannot stand',"Trump filed an appeal against New York Attorney General Letita James, arguing the $450 million penalty is unconstitutional and the case lacked authority.",https://www.foxnews.com/politics/trumps-lawyers-put-dem-ag-notice-targeting-his-family-ny-fraud-fight,https://static.foxnews.com/foxnews.com/content/uploads/2025/02/gettyimages-2016269570.jpg,2026-08-26T23:33:56Z,"On Wednesday, representatives of President Donald Trump filed a brief in the New York Court of Appeals, arguing the court should throw out his liability finding in a $464 million civil fraud case tha… [+4313 chars]",fox-news,Fox News
,Jon Stewart asks whether 'The Daily Show' is like high-sugar food giving US 'political diabetes',"Jon Stewart told Michelle Obama that he wonders if ""The Daily Show"" has been cultural ""ultra processed food"" giving America political diabetes.",https://www.foxnews.com/media/jon-stewart-asks-whether-the-daily-show-like-high-sugar-food-giving-us-political-diabetes,https://static.foxnews.com/foxnews.com/content/uploads/2025/11/jon-stewart-democrats.jpg,2026-08-26T23:19:37Z,"Talk show host Jon Stewart told former first lady Michelle Obama on Wednesday that he questions whether shows like his have been a net positive or net negative for the country.
On her ""IMO"" podcast,… [+3927 chars]",fox-news,Fox News
,Ex-ESPN host Cindy Brunson embarrasses herself trying to discredit Caitlin Clark,Cindy Brunson defended DiJonai Carrington's clothesline on Sophie Cunningham while dismissing Caitlin Clark's historic stats as stat padding.,https://www.foxnews.com/outkick-sports/ex-espn-host-cindy-brunson-embarrasses-herself-trying-discredit-caitlin-clark,https://static.foxnews.com/foxnews.com/content/uploads/2026/08/caitlin-clark-dijonai-carrington-collision.jpg,2026-08-26T23:18:15Z,"We previously discussed the all-time low the sports media reached in defending DiJonai Carrington after she clotheslined Sophie Cunningham and then posted ""White privilege"" from the locker room follo… [+5503 chars]",fox-news,Fox News
,Busy Philipps diagnosed with rare brain tumor after undergoing body scan her doctor told her she didn't 'need',Busy Phillips reveals her grade 2 oligodendroglioma diagnosis came after a Prenuvo scan her primary care doctor initially said she didn't need.,https://www.foxnews.com/entertainment/busy-philipps-diagnosed-rare-brain-tumor-after-undergoing-body-scan-her-doctor-told-her-she-didnt-need,https://static.foxnews.com/foxnews.com/content/uploads/2026/08/busy-phillips.jpg,2026-08-26T23:05:07Z,"Busy Philipps is sharing how she was diagnosed with a rare brain tumor.
During a recent interview with People magazine, the 47-year-old ""Cougar Town"" actress shared the terrifying moment her doctor … [+3940 chars]",fox-news,Fox News
,Why Dolly Parton could bring together Americans who agree on almost nothing,"Dolly Parton embodied the African concept of Ubuntu — ""I am because we are"" — enlarging humanity through her Imagination Library and delight in others.",https://www.foxnews.com/opinion/why-dolly-parton-could-bring-together-americans-agree-almost-nothing,https://static.foxnews.com/foxnews.com/content/uploads/2026/08/dolly-parton-glastonbury-1.jpg,2026-08-26T23:03:56Z,"Throughout her life, Dolly Parton kept reminding me of something beautiful about being human.
Perhaps you noticed it too.
Her death has brought an outpouring of affection from people who otherwise … [+6214 chars]",fox-news,Fox News
,"'Tragic accident' unfolds as travelers, employees witness deadly passenger jet incident",An Airbus A350 operated by French Bee struck and killed a ground-handling worker at YUL Montréal-Trudeau International Airport on Monday evening.,https://www.foxnews.com/travel/tragic-accident-unfolds-travelers-employees-witness-deadly-passenger-jet-incident,https://static.foxnews.com/foxnews.com/content/uploads/2026/08/CANADA-MONTREAL-AIRPORT-WORKER-KILLED-FRENCH-BEE-TRAVEL-1.jpg,2026-08-26T23:00:44Z,"An airport worker was tragically killed on the job this week after being struck by a passenger jet.
The incident took place at YUL Montréal-Trudeau International Airport in Quebec, Canada, on Monday… [+2777 chars]",fox-news,Fox News
,Hegseth upgrades Abbey Gate Marines' valor awards after 5-year delay: 'Those days are over',Three Marines who risked their lives during the ISIS-K Abbey Gate bombing received upgraded valor awards from War Secretary Pete Hegseth at a Pentagon ceremony.,https://www.foxnews.com/politics/hegseth-upgrades-abbey-gate-marines-valor-awards-after-5-year-delay-those-days-are-over,https://static.foxnews.com/foxnews.com/content/uploads/2026/08/hegseth-abbey-gate-award-ceremony4.jpg,2026-08-26T22:42:57Z,"Secretary of War Pete Hegseth upgraded valor awards Wednesday for three Marines who risked their lives to save others during the deadly Abbey Gate bombing, saying their original award submissions wer… [+4679 chars]",fox-news,Fox News
,"Girl Scouts denies teaching religion amid scrutiny of Muslim faith awards, mosque visits",The Girls Scouts of the USA says independent faith groups run optional Islamic programs after reports alleged mosque-based troops taught prayer and hijab lessons.,https://www.foxnews.com/media/girl-scouts-denies-teaching-religion-amid-scrutiny-muslim-faith-awards-mosque-visits,https://static.foxnews.com/foxnews.com/content/uploads/2023/02/Getty-2.png,2026-08-26T22:23:01Z,"Girls Scouts of the USA pushed back Wednesday on reports that mosque-based troops incorporated Islamic prayer, hijab lessons and faith-specific patches into scouting activities across several states,… [+4346 chars]",fox-news,Fox News
,"NFL ends Pro Bowl after decades of declining interest, will turn all-star game into an award for 88 players","The NFL eliminated its AFC vs. NFC Pro Bowl game, ending skills competitions and flag football after ratings cratered to just 2 million viewers.",https://www.foxnews.com/outkick-sports/nfl-ends-pro-bowl-decades-declining-interest-turn-all-star-game-award-88-players,https://static.foxnews.com/foxnews.com/content/uploads/2022/02/AP22037807389534.jpg,2026-08-26T22:22:18Z,"The Pro Bowl is dead. The NFL finally laid its season-ending All-Star event to rest Wednesday.
(This was a long time in coming because the Pro Bowl has been something of a corpse for years and the N… [+2997 chars]",fox-news,Fox News
Jackson Thompson,"Chicago Sky owner opens up on Enes Kanter Freedom ejection, makes analogy to shooting a gun","Chicago Sky owner Michael Alter compared Enes Kanter Freedom's ejection from Wintrust Arena to shooting a gun, saying certain threats don't get warnings.",https://www.foxnews.com/outkick-sports/chicago-sky-owner-opens-enes-kanter-freedom-ejection-makes-analogy-shooting-gun,https://static.foxnews.com/foxnews.com/content/uploads/2026/08/enes-kanter-freedom-cloud.jpg,2026-08-26T22:12:42Z,EXCLUSIVE: Chicago Sky principal owner Michael Alter addressed the team's decision to eject and ban Enes Kanter Freedom from Wintrust Arena in an exclusive interview on Wednesday. When asked why Free… [+11338 chars],fox-news,Fox News
,Diamondbacks manager Torey Lovullo apologizes to Chicago Cubs after sign stealing controversy: 'bush league',Torey Lovullo apologized to Craig Counsell after the league confirmed Cubs third base coach Quintin Berry's sign stealing was perfectly legal.,https://www.foxnews.com/outkick-sports/diamondbacks-manager-torey-lovullo-apologizes-chicago-cubs-sign-stealing-controversy-bush-league,https://static.foxnews.com/foxnews.com/content/uploads/2026/08/merrill-kelly-removed-diamondbacks-cubs.jpg,2026-08-26T22:07:02Z,"It's one of baseball's oldest, and often most misunderstood, traditions: stealing signs from the opposition.
Despite popular misconceptions, sign stealing in baseball is perfectly legal. If, say, a … [+4493 chars]",fox-news,Fox News
Brittany Miller,Accused 9/11 mastermind Khalid Sheikh Mohammed set for 2028 trial,A military judge set a 2028 trial date for accused 9/11 mastermind Khalid Sheikh Mohammed and three alleged co-conspirators held at Guantánamo Bay.,https://www.foxnews.com/us/accused-9-11-mastermind-khalid-sheikh-mohammed-3-co-defendants-set-2028-trial,https://static.foxnews.com/foxnews.com/content/uploads/2026/08/khalid-sheikh-mohammed.png,2026-08-26T22:06:30Z,"Khalid Sheikh Mohammed, the accused mastermind of the Sept. 11 terror attacks, and three alleged co-conspirators will stand trial in 2028, a military judge ruled Wednesday.
Lt. Col. Michael Schrama … [+4517 chars]",fox-news,Fox News
